Hora,Precipitación,Temperatura,Humedad,Viento,Dirección,Viento máximo,Dirección viento máximo,Temperatura mínima,Temperatura máxima,Fecha
00:00,"0,00","10,90","96,00","1,40",Norte 350°,"2,10",Norte 340°,"10,90","11,40",2024-11-07
01:00,"0,00","11,00","92,00","1,50",Noroeste 320°,"3,10",Noroeste 310°,"11,00","11,60",2024-11-07
02:00,"0,00","10,30","93,00","2,00",Norte 340°,"2,60",Norte 340°,"10,30","11,00",2024-11-07
03:00,"0,00","10,00","93,00","1,90",Norte 350°,"3,10",Norte 340°,"10,00","10,40",2024-11-07
04:00,"0,00","9,60","93,00","1,40",Norte 340°,"3,10",Norte 350°,"9,60","10,10",2024-11-07
05:00,"0,00","8,90","96,00","1,50",Noroeste 310°,"2,10",Noroeste 320°,"8,80","9,50",2024-11-07
06:00,"0,00","8,50","98,00","0,00",,"1,50",Noroeste 320°,"8,50","8,80",2024-11-07
07:00,"0,00","8,10","100,00","0,00",,"0,00",,"8,10","8,50",2024-11-07
08:00,"0,00","9,20","99,00","0,00",,"0,00",,"8,10","9,30",2024-11-07
09:00,"0,00","10,20","97,00","0,00",,"0,00",,"9,30","10,20",2024-11-07
10:00,"0,00","11,70","93,00","0,00",,"0,00",,"10,20","11,80",2024-11-07
11:00,"0,00","13,50","83,00","0,00",,"0,50",Noreste 40°,"11,90","13,70",2024-11-07
12:00,"0,00","16,70","73,00","0,80",Norte 10°,"3,10",Norte 340°,"13,80","17,00",2024-11-07
13:00,"0,00","18,40","66,00","0,60",Sur 180°,"3,60",Noreste 30°,"16,70","18,60",2024-11-07
14:00,"0,00","19,80","59,00","0,30",Sur 180°,"2,60",Sur 190°,"18,00","19,90",2024-11-07
15:00,"0,00","20,20","57,00","1,30",Sur 180°,"3,60",Sureste 150°,"19,60","20,50",2024-11-07
16:00,"0,00","20,60","54,00","0,70",Sureste 140°,"3,10",Sureste 140°,"20,10","20,70",2024-11-07
17:00,"0,00","19,50","59,00","0,20",Este 90°,"3,10",Sureste 150°,"19,50","20,50",2024-11-07
18:00,"0,00","16,40","73,00","0,00",,"1,00",Este 100°,"16,30","19,60",2024-11-07
19:00,"0,00","15,80","75,00","2,20",Sur 200°,"2,60",Sur 200°,"15,50","16,30",2024-11-07
20:00,"0,00","15,80","75,00","2,60",Suroeste 210°,"3,60",Suroeste 220°,"15,80","16,20",2024-11-07
21:00,"0,00","13,90","85,00","0,10",Norte 360°,"3,10",Suroeste 230°,"13,80","15,80",2024-11-07
22:00,"0,00","12,60","90,00","0,00",,"1,00",Sureste 130°,"12,40","13,80",2024-11-07
23:00,"0,00","11,50","93,00","1,30",Norte 10°,"2,60",Norte 10°,"11,50","12,40",2024-11-07
00:00,"0,00","10,70","99,00","0,00",,"2,10",Norte 360°,"10,60","11,00",2024-11-08
01:00,"0,00","10,30","97,00","0,60",Noroeste 330°,"2,60",Noreste 30°,"10,20","10,90",2024-11-08
02:00,"0,00","9,80","99,00","1,60",Norte 350°,"3,10",Norte 360°,"9,70","10,40",2024-11-08
03:00,"0,00","9,80","98,00","2,20",Norte 360°,"3,10",Norte 360°,"9,60","9,90",2024-11-08
04:00,"0,00","9,60","99,00","2,00",Norte 350°,"3,10",Norte 360°,"9,60","9,80",2024-11-08
05:00,"0,00","9,30","100,00","0,40",Norte 340°,"2,60",Noroeste 330°,"9,30","9,80",2024-11-08
06:00,"0,00","9,00","100,00","0,00",,"1,50",Norte 360°,"9,00","9,30",2024-11-08
07:00,"0,00","8,80","100,00","0,00",,"0,00",,"8,70","9,00",2024-11-08
08:00,"0,00","9,10","100,00","0,00",,"0,00",,"8,70","9,10",2024-11-08
09:00,"0,00","9,90","100,00","0,00",,"0,00",,"9,10","10,00",2024-11-08
10:00,"0,00","11,40","97,00","0,00",,"0,00",,"10,00","11,40",2024-11-08
11:00,"0,00","12,40","90,00","0,00",,"0,00",,"11,40","12,50",2024-11-08
12:00,"0,00","13,40","85,00","0,00",,"0,00",,"12,50","13,50",2024-11-08
13:00,"0,00","14,10","80,00","0,00",,"2,10",Norte 360°,"13,50","14,20",2024-11-08
14:00,"0,00","14,90","77,00","0,70",Noreste 50°,"2,60",Este 80°,"14,20","15,00",2024-11-08
15:00,"0,00","15,70","74,00","0,20",Norte 340°,"2,60",Este 100°,"15,10","15,80",2024-11-08
16:00,"0,00","16,00","75,00","2,00",Norte 350°,"3,10",Norte 350°,"15,70","16,30",2024-11-08
17:00,"0,00","15,80","77,00","1,80",Norte 360°,"3,10",Norte 350°,"15,70","16,00",2024-11-08
18:00,"0,00","14,00","85,00","1,20",Norte 350°,"2,10",Norte 10°,"13,90","15,80",2024-11-08
19:00,"0,00","12,80","90,00","0,50",Norte 20°,"1,50",Norte 10°,"12,70","13,90",2024-11-08
20:00,"0,00","11,90","95,00","0,70",Norte 350°,"3,10",Noroeste 320°,"11,90","12,70",2024-11-08
21:00,"0,00","11,80","96,00","2,20",Norte 340°,"3,10",Norte 340°,"11,50","11,90",2024-11-08
22:00,"0,00","10,80","98,00","1,60",Noroeste 320°,"2,10",Noroeste 320°,"10,80","11,80",2024-11-08
23:00,"0,00","10,50","100,00","1,60",Norte 10°,"2,10",Norte 20°,"10,40","10,80",2024-11-08
00:00,"0,00","8,90","84,00","0,30",Oeste 280°,"3,10",Este 100°,"8,80","10,10",2024-11-09
01:00,"0,00","10,10","100,00","0,00",,"0,00",,"10,00","10,70",2024-11-09
02:00,"0,00","9,70","100,00","0,00",,"0,00",,"9,50","10,10",2024-11-09
03:00,"0,00","9,30","100,00","0,00",,"0,00",,"9,20","9,70",2024-11-09
04:00,"0,00","8,80","100,00","0,00",,"0,00",,"8,70","9,20",2024-11-09
05:00,"0,00","8,50","100,00","0,00",,"0,00",,"8,30","8,70",2024-11-09
06:00,"0,00","9,00","100,00","1,30",Norte 350°,"2,60",Norte 340°,"8,60","9,10",2024-11-09
07:00,"0,00","8,60","100,00","1,60",Norte 340°,"2,60",Noroeste 330°,"8,50","9,00",2024-11-09
08:00,"0,00","9,20","100,00","0,80",Norte 360°,"2,10",Norte 10°,"8,60","9,20",2024-11-09
09:00,"0,00","9,70","100,00","0,40",Noreste 30°,"2,10",Norte 350°,"9,20","9,80",2024-11-09
10:00,"0,00","10,70","100,00","1,10",Noreste 30°,"2,10",Norte 360°,"9,80","10,70",2024-11-09
11:00,"0,00","10,90","100,00","1,10",Noreste 60°,"2,60",Este 80°,"10,70","10,90",2024-11-09
12:00,"0,00","11,50","99,00","1,40",Noroeste 320°,"2,60",Noroeste 320°,"10,90","11,50",2024-11-09
13:00,"0,00","12,40","93,00","0,70",Noroeste 330°,"2,60",Noroeste 320°,"11,50","12,50",2024-11-09
14:00,"0,00","14,40","84,00","2,20",Sureste 140°,"3,10",Sureste 140°,"12,60","14,50",2024-11-09
15:00,"0,00","16,70","72,00","0,80",Sur 180°,"3,60",Sureste 130°,"14,50","16,90",2024-11-09
16:00,"0,00","17,80","65,00","0,80",Sur 160°,"2,60",Sureste 120°,"16,90","18,10",2024-11-09
17:00,"0,00","17,50","69,00","0,40",Este 80°,"2,10",Este 110°,"17,40","18,20",2024-11-09
18:00,"0,00","15,40","74,00","1,00",Sureste 140°,"2,10",Este 90°,"15,10","17,30",2024-11-09
19:00,"0,00","13,60","80,00","1,40",Sureste 120°,"2,60",Este 110°,"13,50","15,10",2024-11-09
20:00,"0,00","12,70","84,00","2,80",Noroeste 330°,"3,60",Noroeste 320°,"12,20","13,60",2024-11-09
21:00,"0,00","12,00","74,00","3,10",Noroeste 330°,"4,10",Noroeste 330°,"11,90","12,80",2024-11-09
22:00,"0,00","11,20","74,00","2,80",Noroeste 330°,"4,10",Noroeste 310°,"11,10","12,10",2024-11-09
23:00,"0,00","10,00","80,00","3,00",Noroeste 310°,"4,10",Noroeste 300°,"10,00","11,30",2024-11-09
00:00,"0,00","12,90","79,00","1,70",Sureste 130°,"4,60",Noreste 30°,"12,80","14,20",2024-11-10
01:00,"0,00","8,70","86,00","1,10",Suroeste 230°,"1,50",Suroeste 220°,"8,40","9,00",2024-11-10
02:00,"0,00","7,80","91,00","1,40",Noreste 60°,"3,10",Noreste 50°,"7,70","8,90",2024-11-10
03:00,"0,00","7,90","92,00","0,30",Noreste 40°,"3,10",Oeste 250°,"7,40","8,10",2024-11-10
04:00,"0,00","6,80","95,00","0,20",Noroeste 320°,"2,10",Norte 350°,"6,70","7,80",2024-11-10
05:00,"0,00","6,10","97,00","0,10",Este 110°,"2,10",Noreste 30°,"6,10","6,70",2024-11-10
06:00,"0,00","6,20","100,00","0,40",Este 90°,"2,60",Sur 180°,"6,10","6,40",2024-11-10
07:00,"0,00","6,70","97,00","0,50",Sureste 120°,"1,50",Sur 190°,"6,20","6,90",2024-11-10
08:00,"0,00","6,40","99,00","0,90",Este 70°,"1,50",Noreste 50°,"6,40","6,70",2024-11-10
09:00,"0,00","7,60","97,00","1,30",Norte 360°,"2,10",Norte 10°,"6,40","7,80",2024-11-10
10:00,"0,00","8,90","90,00","0,40",Sur 200°,"2,60",Norte 350°,"7,80","9,00",2024-11-10
11:00,"0,00","11,40","80,00","0,40",Suroeste 230°,"1,50",Suroeste 220°,"9,00","11,60",2024-11-10
12:00,"0,00","14,00","66,00","0,80",Sur 170°,"2,10",Oeste 270°,"11,50","14,30",2024-11-10
13:00,"0,00","17,00","57,00","1,30",Sureste 150°,"3,10",Sureste 130°,"14,40","17,10",2024-11-10
14:00,"0,00","16,70","58,00","0,50",Norte 360°,"2,10",Sureste 120°,"16,30","17,00",2024-11-10
15:00,"0,00","17,40","55,00","0,60",Suroeste 210°,"2,10",Sur 160°,"16,50","17,50",2024-11-10
16:00,"0,00","17,00","64,00","0,00",,"1,50",Oeste 260°,"16,90","17,60",2024-11-10
17:00,"0,00","17,00","66,00","0,60",Norte 340°,"2,60",Norte 340°,"16,60","17,50",2024-11-10
18:00,"0,00","16,20","68,00","5,70",Norte 350°,"7,70",Norte 360°,"16,20","16,90",2024-11-10
19:00,"0,00","15,10","72,00","3,00",Norte 340°,"7,70",Norte 350°,"15,10","16,20",2024-11-10
20:00,"0,00","14,80","77,00","2,50",Noroeste 320°,"3,60",Noroeste 320°,"14,70","15,10",2024-11-10
21:00,"0,00","13,60","80,00","2,50",Noroeste 330°,"3,60",Norte 340°,"13,60","14,90",2024-11-10
22:00,"0,00","13,30","79,00","3,20",Norte 350°,"4,60",Norte 360°,"13,30","13,70",2024-11-10
23:00,"0,00","14,10","75,00","3,40",Norte 20°,"5,70",Norte 20°,"13,40","14,20",2024-11-10
00:00,"0,00","9,90","66,00","1,60",Este 70°,"8,20",Noreste 30°,"9,70","10,80",2024-11-11
01:00,"0,00","11,60","83,00","1,40",Este 90°,"3,10",Este 110°,"11,30","12,70",2024-11-11
02:00,"0,00","10,80","88,00","2,20",Norte 350°,"3,10",Norte 360°,"10,70","11,50",2024-11-11
03:00,"0,00","10,40","91,00","1,90",Noroeste 330°,"3,60",Noroeste 310°,"10,40","11,00",2024-11-11
04:00,"0,00","10,10","91,00","1,90",Sureste 120°,"3,60",Noroeste 310°,"9,90","10,40",2024-11-11
05:00,"0,00","9,00","94,00","1,10",Sureste 150°,"2,60",Sureste 120°,"8,80","10,00",2024-11-11
06:00,"0,00","9,70","92,00","1,10",Noroeste 320°,"2,60",Norte 340°,"9,30","9,90",2024-11-11
07:00,"0,00","9,20","95,00","1,20",Este 110°,"3,10",Sureste 140°,"9,00","9,60",2024-11-11
08:00,"0,00","8,80","95,00","1,80",Oeste 290°,"3,10",Sureste 140°,"8,40","9,20",2024-11-11
09:00,"0,00","9,90","97,00","1,90",Sur 160°,"3,60",Sureste 130°,"8,80","10,10",2024-11-11
10:00,"0,00","12,60","79,00","0,10",Este 90°,"2,10",Sureste 150°,"10,10","12,80",2024-11-11
11:00,"0,00","14,40","74,00","0,50",Noreste 30°,"3,10",Este 90°,"12,50","14,70",2024-11-11
12:00,"0,00","16,60","62,00","1,30",Norte 20°,"4,10",Este 70°,"14,70","16,80",2024-11-11
13:00,"0,00","16,50","61,00","3,40",Noreste 50°,"6,20",Noreste 40°,"16,20","17,00",2024-11-11
14:00,"0,00","17,50","49,00","4,30",Noreste 60°,"9,80",Noreste 50°,"16,60","17,90",2024-11-11
15:00,"0,00","17,80","46,00","4,60",Noreste 50°,"9,30",Noreste 50°,"17,60","17,90",2024-11-11
16:00,"0,00","17,70","43,00","4,50",Noreste 50°,"8,80",Este 70°,"17,60","18,00",2024-11-11
17:00,"0,00","17,40","45,00","3,40",Noreste 60°,"7,20",Este 80°,"17,40","17,80",2024-11-11
18:00,"0,00","15,80","50,00","2,10",Noreste 60°,"6,20",Este 70°,"15,60","17,40",2024-11-11
19:00,"0,00","13,70","55,00","1,50",Noreste 40°,"4,10",Este 80°,"13,50","15,60",2024-11-11
20:00,"0,00","12,20","62,00","2,90",Norte 340°,"4,60",Norte 340°,"12,20","13,40",2024-11-11
21:00,"0,00","12,50","59,00","3,90",Noreste 40°,"7,70",Este 70°,"11,60","12,50",2024-11-11
22:00,"0,00","11,30","63,00","3,40",Noreste 60°,"8,20",Noreste 50°,"11,20","12,50",2024-11-11
23:00,"0,00","10,70","63,00","3,60",Noreste 30°,"9,30",Noreste 50°,"10,60","11,20",2024-11-11
00:00,"0,00","6,10","61,00","2,50",Noreste 60°,"5,10",Este 70°,"5,90","6,10",2024-11-12
01:00,"0,00","9,10","68,00","1,60",Noreste 60°,"5,70",Noreste 40°,"9,10","9,70",2024-11-12
02:00,"0,00","9,30","68,00","3,70",Noreste 30°,"7,70",Norte 10°,"9,10","9,40",2024-11-12
03:00,"0,00","8,60","72,00","2,20",Norte 20°,"7,20",Este 70°,"8,50","9,50",2024-11-12
04:00,"0,00","8,10","75,00","1,50",Noreste 30°,"4,10",Noreste 50°,"8,00","8,50",2024-11-12
05:00,"0,00","6,80","79,00","2,80",Noroeste 320°,"4,10",Noroeste 310°,"6,70","8,00",2024-11-12
06:00,"0,00","5,40","84,00","2,70",Noroeste 330°,"4,10",Noroeste 330°,"5,30","6,70",2024-11-12
07:00,"0,00","4,80","85,00","3,60",Norte 340°,"4,60",Norte 340°,"4,80","5,40",2024-11-12
08:00,"0,00","4,50","86,00","3,00",Norte 350°,"5,10",Norte 340°,"4,40","4,90",2024-11-12
09:00,"0,00","5,20","86,00","2,60",Noroeste 320°,"3,60",Noroeste 310°,"4,30","5,30",2024-11-12
10:00,"0,00","7,50","76,00","1,80",Norte 350°,"3,60",Noroeste 320°,"5,40","7,60",2024-11-12
11:00,"0,00","10,10","67,00","1,10",Noroeste 310°,"3,10",Norte 350°,"7,60","10,40",2024-11-12
12:00,"0,00","12,90","57,00","0,70",Norte 20°,"3,10",Norte 350°,"10,50","13,10",2024-11-12
13:00,"0,00","13,70","54,00","1,30",Oeste 280°,"4,10",Este 70°,"13,10","14,10",2024-11-12
14:00,"0,00","14,80","50,00","0,70",Norte 360°,"4,10",Norte 360°,"13,90","15,10",2024-11-12
15:00,"0,00","15,30","51,00","3,20",Norte 350°,"5,10",Norte 10°,"14,80","15,60",2024-11-12
16:00,"0,00","14,10","47,00","7,70",Norte 360°,"11,30",Norte 360°,"14,00","15,70",2024-11-12
17:00,"0,00","12,70","49,00","6,00",Norte 360°,"10,80",Norte 350°,"12,50","14,00",2024-11-12
18:00,"0,00","10,70","50,00","5,90",Norte 350°,"10,30",Norte 360°,"10,60","12,50",2024-11-12
19:00,"0,00","9,50","52,00","5,10",Norte 350°,"8,80",Norte 340°,"9,30","10,60",2024-11-12
20:00,"0,00","8,10","56,00","5,20",Norte 360°,"8,20",Norte 350°,"8,00","9,30",2024-11-12
21:00,"0,00","6,90","59,00","1,00",Norte 10°,"7,20",Norte 10°,"6,80","8,00",2024-11-12
22:00,"0,00","7,20","53,00","2,40",Noreste 50°,"6,70",Noreste 60°,"6,50","7,30",2024-11-12
23:00,"0,00","6,10","59,00","1,30",Este 80°,"4,60",Noreste 40°,"6,10","7,10",2024-11-12
00:00,"0,00","10,10","79,00","2,80",Noroeste 330°,"4,10",Norte 360°,"9,90","10,10",2024-11-13
01:00,"0,00","5,80","62,00","3,00",Noreste 60°,"5,70",Este 70°,"5,60","6,00",2024-11-13
02:00,"0,00","5,40","64,00","3,10",Noreste 60°,"6,70",Noreste 60°,"5,30","5,70",2024-11-13
03:00,"0,00","4,90","67,00","2,80",Noreste 40°,"6,20",Noreste 30°,"4,90","5,30",2024-11-13
04:00,"0,00","4,60","70,00","2,50",Norte 10°,"5,70",Norte 20°,"4,50","4,90",2024-11-13
05:00,"0,00","4,70","70,00","1,70",Noroeste 320°,"4,10",Norte 360°,"4,50","4,80",2024-11-13
06:00,"0,00","5,10","69,00","2,40",Norte 10°,"7,20",Norte 10°,"4,30","5,20",2024-11-13
07:00,"0,00","5,30","70,00","3,10",Noroeste 330°,"4,60",Noroeste 330°,"5,20","5,40",2024-11-13
08:00,"0,00","5,10","71,00","3,20",Norte 360°,"5,70",Norte 360°,"5,10","5,30",2024-11-13
09:00,"0,00","5,70","70,00","1,90",Norte 350°,"5,70",Norte 350°,"5,10","5,80",2024-11-13
10:00,"0,00","7,10","67,00","2,90",Noreste 40°,"6,70",Noreste 30°,"5,80","7,40",2024-11-13
11:00,"0,00","8,30","63,00","4,10",Noreste 50°,"10,30",Noreste 50°,"7,30","8,30",2024-11-13
12:00,"0,00","8,60","61,00","4,00",Noreste 60°,"11,30",Noreste 50°,"8,30","8,80",2024-11-13
13:00,"0,00","8,10","65,00","4,30",Noreste 40°,"9,80",Este 100°,"7,90","8,60",2024-11-13
14:00,"2,30","6,70","88,00","2,90",Noreste 40°,"8,80",Noreste 50°,"6,70","8,10",2024-11-13
15:00,"0,60","7,40","89,00","4,10",Norte 20°,"7,70",Norte 10°,"6,70","7,50",2024-11-13
16:00,"0,00","7,70","85,00","4,00",Norte 20°,"8,80",Norte 10°,"7,40","7,70",2024-11-13
17:00,"0,00","8,10","82,00","3,40",Norte 10°,"7,20",Noreste 40°,"7,70","8,10",2024-11-13
18:00,"0,00","8,70","79,00","2,40",Norte 10°,"6,20",Norte 10°,"8,10","8,70",2024-11-13
19:00,"0,00","9,00","77,00","1,90",Noreste 30°,"7,20",Noreste 40°,"8,80","9,00",2024-11-13
20:00,"0,00","9,20","77,00","3,10",Noreste 50°,"6,70",Noreste 50°,"9,00","9,20",2024-11-13
21:00,"0,00","9,70","75,00","2,60",Noreste 50°,"6,70",Noreste 40°,"9,20","9,70",2024-11-13
22:00,"0,00","9,90","76,00","2,20",Noreste 40°,"7,70",Norte 360°,"9,70","9,90",2024-11-13
23:00,"0,00","10,00","78,00","2,50",Norte 350°,"4,10",Norte 20°,"9,90","10,00",2024-11-13
00:00,"0,00","13,90","74,00","2,30",Este 100°,"5,10",Este 100°,"13,80","14,30",2024-11-14
01:00,"0,00","9,90","82,00","2,90",Norte 340°,"4,10",Norte 360°,"9,90","10,00",2024-11-14
02:00,"0,00","10,20","80,00","1,20",Norte 10°,"4,10",Norte 360°,"9,90","10,30",2024-11-14
03:00,"0,00","10,30","80,00","2,50",Norte 350°,"3,60",Norte 350°,"10,20","10,30",2024-11-14
04:00,"0,00","9,10","87,00","1,30",Noroeste 330°,"3,10",Norte 360°,"9,00","10,30",2024-11-14
05:00,"0,00","10,10","82,00","0,70",Noreste 50°,"2,60",Noreste 40°,"9,20","10,20",2024-11-14
06:00,"0,00","10,40","82,00","1,60",Noreste 40°,"3,60",Noreste 60°,"10,20","10,40",2024-11-14
07:00,"0,00","9,40","86,00","0,80",Norte 20°,"3,10",Norte 350°,"9,30","10,30",2024-11-14
08:00,"0,00","10,00","85,00","1,30",Norte 350°,"2,60",Norte 350°,"9,20","10,00",2024-11-14
09:00,"0,00","10,50","85,00","2,10",Norte 360°,"3,60",Norte 350°,"10,00","10,60",2024-11-14
10:00,"0,00","12,40","77,00","1,60",Norte 350°,"3,60",Norte 350°,"10,60","12,50",2024-11-14
11:00,"0,00","13,60","74,00","2,10",Noreste 40°,"5,10",Noreste 50°,"12,50","13,60",2024-11-14
12:00,"0,00","15,30","69,00","2,50",Noreste 50°,"5,10",Noreste 30°,"13,60","15,60",2024-11-14
13:00,"0,00","15,70","68,00","2,10",Noreste 40°,"5,70",Noreste 30°,"15,20","15,70",2024-11-14
14:00,"0,00","16,10","68,00","0,80",Noreste 50°,"4,10",Noreste 30°,"15,50","16,10",2024-11-14
15:00,"0,00","17,20","65,00","0,90",Noreste 50°,"3,60",Este 70°,"16,10","17,50",2024-11-14
16:00,"0,00","17,90","58,00","2,40",Este 110°,"4,60",Este 100°,"17,10","18,00",2024-11-14
17:00,"0,00","17,10","62,00","2,50",Sureste 130°,"4,10",Sureste 130°,"17,00","18,00",2024-11-14
18:00,"0,00","14,70","74,00","1,20",Noreste 40°,"4,10",Este 100°,"14,40","17,00",2024-11-14
19:00,"0,00","14,10","74,00","1,60",Este 80°,"2,60",Este 90°,"13,80","14,20",2024-11-14
20:00,"0,00","13,60","75,00","1,10",Este 80°,"2,60",Este 80°,"13,60","14,00",2024-11-14
21:00,"0,00","13,50","80,00","1,30",Sureste 130°,"2,10",Sureste 130°,"13,00","13,70",2024-11-14
22:00,"0,00","13,70","75,00","2,30",Este 110°,"4,10",Este 110°,"13,10","13,90",2024-11-14
23:00,"0,00","14,30","72,00","3,50",Sureste 120°,"6,20",Este 100°,"13,90","14,30",2024-11-14
00:00,"0,00","10,90","84,00","0,30",Este 90°,"1,50",Este 110°,"10,60","11,30",2024-11-15
01:00,"0,00","14,10","72,00","2,10",Este 110°,"5,10",Este 110°,"13,90","14,20",2024-11-15
02:00,"0,00","14,10","73,00","1,80",Sureste 140°,"4,10",Sureste 130°,"14,00","14,30",2024-11-15
03:00,"0,00","13,50","77,00","0,30",Este 90°,"3,10",Sureste 120°,"13,50","14,00",2024-11-15
04:00,"0,00","13,50","75,00","0,60",Este 80°,"4,60",Este 100°,"13,50","13,80",2024-11-15
05:00,"0,00","13,00","77,00","1,60",Este 100°,"3,10",Este 90°,"12,90","13,40",2024-11-15
06:00,"0,00","12,60","80,00","0,80",Norte 10°,"3,10",Norte 350°,"12,50","13,20",2024-11-15
07:00,"0,00","11,90","84,00","1,30",Norte 360°,"2,60",Norte 360°,"11,80","12,50",2024-11-15
08:00,"0,00","11,80","86,00","1,60",Norte 350°,"2,60",Norte 360°,"11,70","11,90",2024-11-15
09:00,"0,00","12,10","86,00","1,20",Norte 10°,"2,60",Norte 350°,"11,80","12,10",2024-11-15
10:00,"0,00","13,10","85,00","0,70",Noreste 40°,"2,10",Noreste 40°,"12,10","13,20",2024-11-15
11:00,"0,00","14,50","76,00","2,40",Norte 20°,"3,60",Norte 20°,"13,20","14,50",2024-11-15
12:00,"0,00","15,60","70,00","1,80",Este 80°,"3,60",Este 100°,"14,50","15,60",2024-11-15
13:00,"0,00","16,20","68,00","1,10",Este 70°,"5,10",Noreste 50°,"15,50","16,90",2024-11-15
14:00,"0,00","16,20","68,00","1,10",Este 70°,"4,10",Este 100°,"16,00","16,30",2024-11-15
15:00,"0,00","16,30","64,00","4,30",Sureste 130°,"7,20",Sureste 130°,"16,20","16,30",2024-11-15
16:00,"0,00","15,90","64,00","5,20",Sureste 140°,"7,70",Sureste 150°,"15,80","16,20",2024-11-15
17:00,"0,00","15,50","66,00","3,50",Sureste 130°,"7,70",Sureste 150°,"15,40","15,80",2024-11-15
18:00,"0,00","15,10","67,00","1,90",Sureste 120°,"6,20",Sureste 130°,"15,10","15,40",2024-11-15
19:00,"0,00","14,90","68,00","2,50",Sureste 120°,"6,20",Este 90°,"14,90","15,10",2024-11-15
20:00,"0,00","14,60","71,00","0,20",Este 100°,"4,10",Sureste 120°,"14,50","14,90",2024-11-15
21:00,"0,00","13,70","72,00","1,30",Este 90°,"2,60",Este 80°,"13,60","14,50",2024-11-15
22:00,"0,00","12,80","75,00","1,20",Este 100°,"2,60",Este 90°,"12,60","13,60",2024-11-15
23:00,"0,00","11,30","82,00","0,00",,"2,60",Este 70°,"11,30","12,60",2024-11-15
00:00,"0,00","8,40","97,00","2,80",Noroeste 320°,"4,10",Norte 350°,"8,20","8,40",2024-11-16
01:00,"0,00","10,50","82,00","1,20",Este 100°,"3,10",Este 110°,"10,10","11,00",2024-11-16
02:00,"0,00","10,30","82,00","0,50",Este 100°,"3,60",Noreste 60°,"10,10","11,00",2024-11-16
03:00,"0,00","9,50","85,00","1,10",Norte 10°,"2,10",Norte 360°,"9,40","10,50",2024-11-16
04:00,"0,00","8,40","89,00","0,90",Noroeste 300°,"2,10",Norte 10°,"8,40","9,40",2024-11-16
05:00,"0,00","8,40","93,00","1,70",Norte 350°,"2,60",Norte 350°,"8,20","8,60",2024-11-16
06:00,"0,00","8,20","95,00","0,90",Norte 340°,"2,60",Norte 350°,"8,20","8,50",2024-11-16
07:00,"0,00","8,30","96,00","1,30",Norte 340°,"2,10",Norte 340°,"8,10","8,30",2024-11-16
08:00,"0,00","8,00","96,00","0,00",,"3,10",Noroeste 320°,"8,00","8,30",2024-11-16
09:00,"0,00","8,20","97,00","0,20",Norte 340°,"2,60",Norte 10°,"8,00","8,30",2024-11-16
10:00,"0,00","9,40","91,00","1,80",Norte 360°,"3,10",Norte 360°,"8,30","9,40",2024-11-16
11:00,"0,00","11,70","83,00","1,50",Norte 360°,"3,60",Noroeste 330°,"9,40","11,90",2024-11-16
12:00,"0,00","13,80","72,00","2,00",Suroeste 230°,"5,70",Suroeste 230°,"11,90","13,80",2024-11-16
13:00,"0,00","14,20","67,00","2,20",Sureste 150°,"5,70",Sur 170°,"13,80","14,50",2024-11-16
14:00,"0,00","14,30","69,00","0,30",Norte 350°,"5,10",Oeste 250°,"14,10","14,70",2024-11-16
15:00,"0,00","14,00","71,00","2,50",Norte 360°,"3,60",Norte 360°,"14,00","14,40",2024-11-16
16:00,"0,00","14,30","70,00","2,00",Norte 20°,"6,20",Norte 360°,"14,00","14,30",2024-11-16
17:00,"0,00","14,50","71,00","1,60",Noreste 40°,"4,60",Norte 20°,"14,20","14,80",2024-11-16
18:00,"0,00","13,60","73,00","1,70",Norte 20°,"4,10",Norte 360°,"13,40","14,80",2024-11-16
19:00,"0,00","11,90","77,00","1,50",Norte 360°,"2,60",Norte 350°,"11,70","13,40",2024-11-16
20:00,"0,00","10,90","80,00","2,20",Noroeste 330°,"2,60",Noroeste 330°,"10,80","11,70",2024-11-16
21:00,"0,00","10,70","84,00","3,10",Norte 340°,"4,60",Norte 350°,"10,50","11,00",2024-11-16
22:00,"0,00","9,10","90,00","0,10",Noroeste 300°,"3,60",Norte 350°,"9,10","10,50",2024-11-16
23:00,"0,00","8,50","95,00","1,40",Norte 350°,"2,10",Norte 10°,"8,40","9,00",2024-11-16
00:00,"0,00","10,30","89,00","0,60",Noroeste 330°,"3,60",Norte 360°,"10,30","11,40",2024-11-17
01:00,"0,00","7,80","98,00","1,10",Norte 360°,"3,10",Noroeste 310°,"7,70","8,50",2024-11-17
03:00,"0,00","6,90","100,00","1,40",Norte 360°,"3,10",Noroeste 320°,"6,80","7,30",2024-11-17
04:00,"0,00","6,50","100,00","0,10",Noroeste 330°,"2,10",Norte 340°,"6,40","6,80",2024-11-17
05:00,"0,00","6,00","100,00","1,60",Norte 360°,"2,60",Norte 360°,"6,00","6,40",2024-11-17
06:00,"0,00","5,60","100,00","0,80",Norte 350°,"2,10",Noroeste 310°,"5,50","6,00",2024-11-17
07:00,"0,00","5,30","100,00","2,00",Noroeste 310°,"3,60",Noroeste 300°,"5,10","5,80",2024-11-17
08:00,"0,00","5,90","99,00","3,10",Noroeste 310°,"4,60",Noroeste 310°,"5,40","6,40",2024-11-17
09:00,"0,00","6,00","99,00","0,60",Sur 170°,"4,10",Norte 360°,"5,80","6,20",2024-11-17
10:00,"0,00","8,20","93,00","0,10",Oeste 270°,"2,10",Sur 180°,"6,30","8,60",2024-11-17
11:00,"0,00","10,50","82,00","1,10",Norte 340°,"3,60",Noroeste 310°,"8,50","10,60",2024-11-17
12:00,"0,00","13,00","76,00","0,70",Norte 10°,"3,10",Noroeste 320°,"10,60","13,10",2024-11-17
13:00,"0,00","15,90","68,00","1,70",Sur 190°,"3,60",Suroeste 220°,"13,00","16,30",2024-11-17
14:00,"0,00","17,50","61,00","0,80",Suroeste 220°,"3,60",Sur 190°,"16,20","17,80",2024-11-17
15:00,"0,00","18,60","56,00","0,20",Noreste 40°,"3,60",Sur 190°,"17,60","18,70",2024-11-17
16:00,"0,00","19,60","51,00","0,00",,"4,60",Suroeste 220°,"18,70","19,70",2024-11-17
17:00,"0,00","18,10","60,00","1,20",Sur 170°,"3,60",Sur 180°,"17,80","19,70",2024-11-17
18:00,"0,00","14,60","67,00","0,20",Oeste 290°,"2,10",Sur 190°,"14,40","18,00",2024-11-17
19:00,"0,00","14,00","70,00","1,30",Norte 350°,"2,10",Norte 350°,"13,50","14,60",2024-11-17
20:00,"0,00","13,60","73,00","0,00",,"2,60",Norte 340°,"13,50","14,10",2024-11-17
21:00,"0,00","13,00","77,00","0,00",,"1,50",Norte 20°,"12,90","13,50",2024-11-17
22:00,"0,00","12,30","81,00","0,80",Noroeste 330°,"2,10",Norte 10°,"12,30","13,10",2024-11-17
23:00,"0,00","11,40","84,00","1,40",Norte 350°,"2,60",Norte 10°,"11,40","12,30",2024-11-17
01:00,"0,00","9,80","91,00","1,60",Norte 350°,"2,10",Norte 10°,"9,70","10,30",2024-11-18
03:00,"0,00","9,60","90,00","1,60",Noroeste 330°,"2,10",Norte 340°,"9,40","9,60",2024-11-18
04:00,"0,00","9,20","94,00","0,10",Noreste 30°,"2,60",Noreste 50°,"9,20","9,60",2024-11-18
05:00,"0,00","9,30","98,00","1,50",Noreste 60°,"2,10",Noreste 50°,"9,20","9,30",2024-11-18
06:00,"0,00","9,40","97,00","0,40",Noreste 50°,"2,10",Norte 360°,"9,30","9,40",2024-11-18
07:00,"0,00","8,70","97,00","0,00",,"1,00",Noroeste 310°,"8,60","9,40",2024-11-18
08:00,"0,00","8,60","99,00","0,00",,"1,50",Sureste 130°,"8,40","8,70",2024-11-18
09:00,"0,00","8,90","100,00","0,80",Norte 350°,"2,10",Norte 360°,"8,60","8,90",2024-11-18
10:00,"0,00","10,70","92,00","0,60",Norte 10°,"2,10",Norte 360°,"9,00","10,80",2024-11-18
11:00,"0,00","12,90","81,00","0,30",Sur 160°,"2,60",Suroeste 230°,"10,80","13,20",2024-11-18
12:00,"0,00","15,00","69,00","0,60",Norte 360°,"3,10",Sur 190°,"13,20","15,10",2024-11-18
13:00,"0,00","16,40","63,00","0,40",Oeste 280°,"4,10",Oeste 260°,"14,80","16,90",2024-11-18
14:00,"0,00","18,70","56,00","0,80",Suroeste 230°,"3,10",Suroeste 230°,"16,70","18,90",2024-11-18
15:00,"0,00","20,00","53,00","1,20",Sur 180°,"3,60",Oeste 290°,"18,80","20,00",2024-11-18
16:00,"0,00","19,80","52,00","3,00",Suroeste 210°,"6,70",Suroeste 230°,"19,70","20,10",2024-11-18
17:00,"0,00","19,50","51,00","3,00",Oeste 250°,"6,70",Sur 190°,"19,30","19,90",2024-11-18
18:00,"0,00","17,90","58,00","1,90",Sur 180°,"5,10",Suroeste 210°,"17,70","19,30",2024-11-18
19:00,"0,00","16,00","63,00","1,50",Suroeste 240°,"5,10",Suroeste 210°,"15,90","17,60",2024-11-18
20:00,"0,00","13,50","75,00","2,10",Norte 340°,"3,10",Norte 350°,"13,30","16,20",2024-11-18
21:00,"0,00","12,20","80,00","0,00",,"3,10",Noroeste 310°,"12,10","13,60",2024-11-18
22:00,"0,00","11,10","84,00","1,50",Noroeste 330°,"2,10",Norte 340°,"11,10","12,00",2024-11-18
23:00,"0,00","10,00","90,00","2,20",Norte 20°,"2,60",Norte 20°,"10,00","11,20",2024-11-18
05:00,"0,00","6,40","98,00","1,50",Noroeste 310°,"2,60",Norte 350°,"6,40","6,90",2024-11-19
06:00,"0,00","5,70","100,00","1,70",Norte 360°,"2,60",Norte 350°,"5,70","6,40",2024-11-19
07:00,"0,00","5,70","100,00","0,00",,"1,50",Norte 360°,"5,40","5,70",2024-11-19
08:00,"0,00","6,70","100,00","0,00",,"2,10",Norte 360°,"5,80","6,70",2024-11-19
09:00,"0,00","7,30","99,00","0,10",Norte 20°,"1,50",Norte 10°,"6,70","7,40",2024-11-19
10:00,"0,00","7,90","100,00","1,10",Norte 350°,"1,50",Norte 340°,"7,40","8,00",2024-11-19
11:00,"0,00","8,70","100,00","1,10",Sur 180°,"3,60",Suroeste 220°,"8,00","8,80",2024-11-19
12:00,"0,00","9,80","97,00","2,00",Sureste 150°,"3,60",Sur 190°,"8,90","9,90",2024-11-19
13:00,"0,00","10,90","91,00","0,50",Sur 170°,"3,10",Sur 170°,"9,80","11,20",2024-11-19
14:00,"0,00","12,80","82,00","4,00",Sur 160°,"6,70",Sur 180°,"11,20","12,90",2024-11-19
15:00,"0,00","13,60","84,00","3,10",Sur 160°,"7,20",Sur 160°,"13,00","13,80",2024-11-19
16:00,"0,00","15,20","78,00","1,40",Sur 190°,"4,60",Sureste 130°,"13,80","15,30",2024-11-19
17:00,"0,00","15,30","79,00","1,30",Este 90°,"3,10",Sureste 120°,"15,30","15,70",2024-11-19
18:00,"0,00","14,50","78,00","3,50",Suroeste 210°,"6,20",Suroeste 210°,"14,20","15,40",2024-11-19
00:00,"0,00","12,20","63,00","1,70",Suroeste 240°,"6,70",Suroeste 230°,"12,20","12,40",2024-11-20
01:00,"0,00","9,70","96,00","3,90",Suroeste 220°,"7,20",Oeste 280°,"9,60","11,40",2024-11-20
03:00,"0,00","10,00","95,00","3,90",Suroeste 210°,"6,70",Suroeste 220°,"8,80","10,00",2024-11-20
04:00,"0,00","9,20","94,00","1,50",Noroeste 330°,"5,10",Suroeste 230°,"8,50","10,00",2024-11-20
05:00,"0,00","5,40","100,00","3,00",Norte 340°,"4,10",Norte 350°,"5,30","8,30",2024-11-20
06:00,"0,00","6,10","100,00","2,20",Noroeste 310°,"4,10",Norte 340°,"5,30","6,10",2024-11-20
07:00,"0,00","5,70","100,00","1,90",Norte 350°,"2,60",Norte 360°,"5,60","6,10",2024-11-20
08:00,"0,00","5,70","100,00","0,50",Norte 360°,"3,60",Norte 350°,"5,70","5,80",2024-11-20
09:00,"0,00","6,10","100,00","0,80",Noroeste 300°,"2,60",Norte 360°,"5,70","6,10",2024-11-20
10:00,"0,00","6,50","100,00","0,00",,"1,50",Norte 10°,"6,20","6,70",2024-11-20
11:00,"0,00","8,30","100,00","2,40",Norte 350°,"3,60",Norte 360°,"6,60","8,30",2024-11-20
12:00,"0,00","10,50","88,00","0,00",,"2,60",Noroeste 330°,"8,20","10,90",2024-11-20
13:00,"0,00","14,40","66,00","1,20",Noreste 40°,"2,60",Este 70°,"10,90","14,70",2024-11-20
14:00,"0,00","16,30","54,00","3,30",Noroeste 310°,"7,20",Oeste 250°,"14,70","16,60",2024-11-20
15:00,"0,00","17,00","50,00","5,50",Oeste 290°,"9,80",Oeste 260°,"16,20","17,30",2024-11-20
16:00,"0,00","16,90","49,00","9,70",Noroeste 310°,"12,90",Noroeste 320°,"16,80","17,40",2024-11-20
17:00,"0,00","15,90","50,00","9,50",Oeste 290°,"14,40",Noroeste 300°,"15,90","16,80",2024-11-20
18:00,"0,00","15,00","53,00","7,80",Oeste 280°,"12,90",Noroeste 300°,"14,90","15,90",2024-11-20
19:00,"0,00","14,20","57,00","7,80",Oeste 290°,"12,90",Oeste 280°,"14,00","15,00",2024-11-20
20:00,"0,00","13,80","57,00","5,00",Oeste 270°,"12,90",Noroeste 300°,"13,70","14,30",2024-11-20
21:00,"0,00","13,40","58,00","5,60",Oeste 250°,"12,40",Oeste 250°,"13,10","13,70",2024-11-20
22:00,"0,00","13,00","60,00","5,80",Suroeste 240°,"9,80",Oeste 270°,"12,90","13,40",2024-11-20
23:00,"0,00","12,30","63,00","4,20",Suroeste 230°,"8,80",Oeste 250°,"12,20","12,90",2024-11-20
00:00,"0,00","11,30","85,00","7,80",Sur 200°,"11,80",Suroeste 210°,"11,30","11,40",2024-11-21
01:00,"0,00","10,70","78,00","3,40",Sureste 140°,"5,70",Oeste 250°,"10,50","12,40",2024-11-21
03:00,"0,00","9,40","91,00","3,20",Sur 200°,"5,10",Suroeste 210°,"8,90","9,60",2024-11-21
04:00,"0,00","8,30","97,00","1,60",Sureste 150°,"4,10",Sureste 140°,"8,20","9,30",2024-11-21
05:00,"0,00","8,90","96,00","3,80",Sur 200°,"5,10",Suroeste 210°,"8,40","8,90",2024-11-21
06:00,"0,00","8,80","94,00","4,00",Sur 200°,"5,70",Suroeste 210°,"8,60","8,80",2024-11-21
07:00,"0,00","8,50","94,00","3,90",Sur 190°,"7,20",Suroeste 220°,"8,50","9,10",2024-11-21
08:00,"0,00","9,40","92,00","4,50",Suroeste 220°,"8,80",Suroeste 230°,"8,40","9,40",2024-11-21
09:00,"0,00","10,00","89,00","5,40",Suroeste 210°,"9,30",Suroeste 220°,"9,40","10,10",2024-11-21
10:00,"0,00","10,90","84,00","6,00",Suroeste 210°,"9,30",Suroeste 210°,"10,10","11,00",2024-11-21
11:00,"0,00","11,80","80,00","5,60",Suroeste 210°,"12,90",Sur 200°,"10,80","11,90",2024-11-21
12:00,"0,00","12,30","76,00","8,20",Suroeste 210°,"13,90",Suroeste 220°,"11,90","12,80",2024-11-21
13:00,"0,00","13,20","73,00","7,60",Suroeste 220°,"17,00",Suroeste 210°,"12,30","13,20",2024-11-21
14:00,"0,00","13,00","75,00","7,90",Suroeste 220°,"15,40",Suroeste 210°,"12,70","13,10",2024-11-21
15:00,"0,00","13,30","71,00","8,40",Suroeste 230°,"12,90",Suroeste 230°,"13,10","13,80",2024-11-21
16:00,"0,00","14,00","69,00","6,70",Suroeste 220°,"16,00",Suroeste 220°,"13,40","14,10",2024-11-21
17:00,"0,00","14,10","67,00","7,70",Suroeste 240°,"12,40",Suroeste 230°,"14,00","14,30",2024-11-21
18:00,"0,00","12,90","73,00","7,50",Suroeste 230°,"13,90",Suroeste 240°,"12,80","14,00",2024-11-21
19:00,"0,00","12,60","74,00","7,60",Suroeste 230°,"11,30",Suroeste 230°,"12,50","12,80",2024-11-21
20:00,"0,00","12,50","75,00","7,90",Suroeste 230°,"12,40",Suroeste 230°,"12,40","12,60",2024-11-21
21:00,"0,00","12,20","78,00","8,20",Suroeste 220°,"15,40",Suroeste 220°,"12,10","12,50",2024-11-21
22:00,"0,00","11,40","83,00","7,20",Suroeste 210°,"13,90",Suroeste 210°,"11,30","12,00",2024-11-21
23:00,"0,00","11,30","83,00","6,60",Suroeste 210°,"10,30",Suroeste 210°,"11,20","11,30",2024-11-21
00:00,"0,00","7,60","73,00","2,80",Noroeste 330°,"5,10",Noroeste 320°,"7,50","8,70",2024-11-22
01:00,"0,00","11,10","85,00","6,00",Sur 200°,"11,30",Suroeste 220°,"11,10","11,30",2024-11-22
02:00,"0,00","11,50","83,00","6,50",Suroeste 210°,"10,30",Suroeste 220°,"11,10","11,50",2024-11-22
03:00,"0,00","11,60","84,00","6,70",Suroeste 220°,"10,80",Suroeste 210°,"11,50","11,60",2024-11-22
04:00,"0,00","11,60","84,00","7,70",Suroeste 220°,"12,90",Suroeste 220°,"11,60","11,70",2024-11-22
05:00,"0,00","11,60","85,00","7,20",Suroeste 220°,"11,80",Suroeste 230°,"11,50","11,70",2024-11-22
06:00,"0,00","11,40","88,00","6,40",Suroeste 210°,"9,80",Suroeste 210°,"11,40","11,50",2024-11-22
07:00,"0,00","11,20","89,00","0,10",Este 90°,"8,80",Suroeste 220°,"11,10","11,40",2024-11-22
08:00,"0,00","11,60","88,00","3,40",Oeste 270°,"7,70",Oeste 250°,"11,10","11,70",2024-11-22
09:00,"0,00","11,90","88,00","1,60",Norte 340°,"7,20",Suroeste 230°,"11,50","11,90",2024-11-22
10:00,"0,00","12,10","88,00","0,10",Norte 10°,"2,60",Oeste 250°,"11,90","12,20",2024-11-22
11:00,"0,00","12,10","73,00","0,30",Norte 360°,"4,10",Norte 340°,"12,00","12,30",2024-11-22
12:00,"0,00","13,30","68,00","0,80",Noreste 40°,"3,10",Noreste 50°,"12,10","13,40",2024-11-22
13:00,"0,00","14,30","55,00","1,30",Noreste 50°,"3,60",Noreste 50°,"12,80","14,40",2024-11-22
14:00,"0,00","15,50","54,00","0,80",Sur 190°,"4,60",Suroeste 210°,"14,40","15,60",2024-11-22
15:00,"0,00","16,10","44,00","1,30",Noroeste 320°,"3,60",Oeste 270°,"15,40","16,60",2024-11-22
16:00,"0,00","16,60","45,00","2,10",Oeste 250°,"7,20",Noroeste 300°,"16,00","17,00",2024-11-22
17:00,"0,00","15,70","39,00","4,40",Oeste 260°,"7,20",Oeste 260°,"15,60","16,80",2024-11-22
18:00,"0,00","13,90","58,00","3,00",Suroeste 240°,"6,70",Oeste 260°,"13,80","15,50",2024-11-22
19:00,"0,00","13,10","66,00","2,10",Suroeste 230°,"5,10",Suroeste 230°,"12,90","13,80",2024-11-22
20:00,"0,00","10,70","72,00","0,90",Sur 160°,"4,10",Oeste 280°,"10,60","12,90",2024-11-22
21:00,"0,00","10,50","80,00","0,30",Norte 10°,"2,60",Sur 170°,"10,20","11,00",2024-11-22
22:00,"0,00","9,00","66,00","1,40",Norte 350°,"3,10",Norte 360°,"8,80","10,30",2024-11-22
23:00,"0,00","8,80","67,00","3,30",Norte 350°,"4,60",Norte 360°,"8,70","9,10",2024-11-22
00:00,"0,00","8,10","100,00","0,00",,"0,00",,"7,90","9,00",2024-11-23
01:00,"0,00","6,90","75,00","1,60",Norte 340°,"4,10",Noroeste 320°,"6,90","7,70",2024-11-23
02:00,"0,00","6,40","76,00","2,00",Norte 350°,"3,10",Norte 350°,"6,40","6,90",2024-11-23
03:00,"0,00","6,80","74,00","2,40",Noroeste 330°,"3,60",Noroeste 320°,"6,40","6,90",2024-11-23
04:00,"0,00","6,80","75,00","2,90",Norte 350°,"4,10",Norte 360°,"6,80","6,90",2024-11-23
05:00,"0,00","7,00","76,00","2,00",Noroeste 330°,"3,60",Norte 340°,"6,80","7,00",2024-11-23
06:00,"0,00","6,40","93,00","1,80",Noroeste 320°,"2,60",Noroeste 330°,"6,20","6,80",2024-11-23
07:00,"0,20","6,10","100,00","2,40",Noroeste 330°,"3,60",Norte 350°,"6,10","6,40",2024-11-23
08:00,"0,00","6,40","100,00","3,40",Norte 340°,"4,60",Norte 340°,"6,20","6,40",2024-11-23
09:00,"0,00","6,90","100,00","2,50",Norte 350°,"4,60",Noroeste 320°,"6,40","6,90",2024-11-23
10:00,"0,00","7,50","100,00","1,70",Norte 350°,"4,10",Noroeste 320°,"6,90","7,60",2024-11-23
11:00,"0,00","8,50","99,00","3,00",Noroeste 320°,"3,60",Noroeste 320°,"7,60","8,60",2024-11-23
12:00,"0,00","10,00","96,00","2,00",Norte 350°,"3,60",Norte 350°,"8,60","10,20",2024-11-23
13:00,"0,00","12,00","91,00","1,50",Noroeste 330°,"2,60",Noroeste 320°,"10,20","12,10",2024-11-23
14:00,"0,00","13,30","86,00","2,50",Norte 350°,"3,60",Norte 340°,"12,10","13,40",2024-11-23
15:00,"0,00","13,80","84,00","3,10",Norte 340°,"4,10",Norte 360°,"13,30","14,00",2024-11-23
16:00,"0,00","14,30","84,00","2,20",Norte 350°,"4,10",Norte 350°,"13,90","14,50",2024-11-23
17:00,"0,00","14,00","85,00","1,60",Norte 20°,"3,60",Norte 350°,"13,90","14,60",2024-11-23
18:00,"0,00","13,20","86,00","1,30",Norte 350°,"3,10",Norte 360°,"13,10","13,90",2024-11-23
19:00,"0,00","11,50","92,00","0,00",,"1,50",Norte 10°,"11,50","13,10",2024-11-23
20:00,"0,00","10,50","96,00","1,60",Norte 340°,"2,10",Norte 340°,"10,40","11,50",2024-11-23
21:00,"0,00","10,30","98,00","2,10",Norte 340°,"2,60",Norte 340°,"10,20","10,70",2024-11-23
22:00,"0,00","9,80","100,00","0,50",Noroeste 330°,"3,10",Norte 340°,"9,80","10,30",2024-11-23
23:00,"0,00","9,00","100,00","0,00",,"0,00",,"9,00","9,80",2024-11-23
00:00,"0,00","10,50","88,00","2,20",Norte 20°,"3,60",Norte 20°,"10,40","11,30",2024-11-24
01:00,"0,00","8,00","100,00","0,10",Norte 350°,"2,10",Norte 350°,"7,90","8,30",2024-11-24
02:00,"0,00","7,80","100,00","1,90",Norte 340°,"4,10",Noroeste 320°,"7,70","8,10",2024-11-24
03:00,"0,00","7,50","100,00","3,40",Noroeste 310°,"4,10",Noroeste 320°,"7,40","8,00",2024-11-24
04:00,"0,00","7,40","100,00","2,10",Noroeste 330°,"3,10",Noroeste 320°,"7,30","7,60",2024-11-24
05:00,"0,00","7,10","100,00","0,00",,"4,10",Noroeste 320°,"6,90","7,60",2024-11-24
06:00,"0,00","7,10","100,00","1,80",Norte 340°,"4,10",Noroeste 310°,"7,00","7,40",2024-11-24
07:00,"0,00","7,00","100,00","0,00",,"2,60",Noroeste 310°,"6,90","7,40",2024-11-24
08:00,"0,00","7,00","100,00","2,10",Norte 10°,"3,60",Noroeste 320°,"6,50","7,10",2024-11-24
09:00,"0,00","7,10","100,00","2,00",Norte 360°,"4,60",Noroeste 310°,"6,60","7,20",2024-11-24
10:00,"0,00","9,60","100,00","2,30",Norte 350°,"3,10",Norte 350°,"7,20","9,80",2024-11-24
11:00,"0,00","12,50","79,00","2,30",Este 70°,"4,60",Este 70°,"9,80","12,80",2024-11-24
12:00,"0,00","14,00","71,00","1,90",Noreste 50°,"3,60",Este 100°,"12,80","14,10",2024-11-24
13:00,"0,00","15,70","66,00","1,80",Este 80°,"5,10",Norte 10°,"14,10","15,90",2024-11-24
14:00,"0,00","15,40","69,00","0,50",Noreste 30°,"6,20",Oeste 270°,"15,30","16,40",2024-11-24
15:00,"0,00","15,10","70,00","3,10",Norte 360°,"4,60",Norte 340°,"15,10","15,40",2024-11-24
16:00,"0,00","15,00","73,00","2,50",Noroeste 310°,"5,70",Norte 340°,"14,80","15,20",2024-11-24
17:00,"0,00","14,50","72,00","3,30",Noroeste 320°,"5,10",Noroeste 320°,"14,40","15,10",2024-11-24
18:00,"0,00","13,60","79,00","0,50",Noroeste 320°,"4,10",Norte 340°,"13,50","14,50",2024-11-24
19:00,"0,00","12,70","80,00","2,10",Noroeste 330°,"4,10",Norte 350°,"12,60","13,50",2024-11-24
20:00,"0,00","13,20","76,00","3,80",Norte 350°,"6,20",Norte 350°,"12,40","13,20",2024-11-24
21:00,"0,00","12,50","80,00","2,40",Norte 350°,"3,60",Norte 340°,"12,40","13,10",2024-11-24
22:00,"0,00","11,60","84,00","3,10",Noroeste 320°,"4,10",Norte 360°,"11,50","12,40",2024-11-24
23:00,"0,00","11,20","84,00","1,00",Oeste 280°,"4,60",Noroeste 330°,"11,20","11,80",2024-11-24
00:00,"0,00","5,40","89,00","1,60",Norte 340°,"2,60",Norte 360°,"5,30","6,10",2024-11-25
01:00,"0,00","10,30","89,00","3,00",Norte 360°,"4,60",Noroeste 320°,"10,00","10,40",2024-11-25
02:00,"0,00","9,70","89,00","0,30",Oeste 280°,"4,10",Norte 360°,"9,50","10,30",2024-11-25
03:00,"0,00","14,70","63,00","5,20",Sur 160°,"8,80",Sur 160°,"9,70","15,20",2024-11-25
04:00,"0,00","16,00","55,00","4,80",Sur 180°,"8,80",Sureste 150°,"15,30","16,10",2024-11-25
05:00,"0,00","15,50","56,00","4,40",Sur 160°,"8,20",Sur 180°,"15,30","16,60",2024-11-25
06:00,"0,00","14,10","61,00","4,80",Sur 160°,"6,70",Sur 170°,"14,00","15,10",2024-11-25
07:00,"0,00","14,60","57,00","4,60",Sur 180°,"7,70",Sur 160°,"14,00","14,70",2024-11-25
08:00,"0,00","14,90","56,00","5,10",Sur 160°,"8,20",Sur 170°,"14,60","15,00",2024-11-25
09:00,"0,00","15,30","56,00","6,70",Sur 160°,"10,30",Sur 160°,"14,60","15,30",2024-11-25
10:00,"0,00","16,50","58,00","8,60",Sur 170°,"11,80",Sur 170°,"15,30","16,70",2024-11-25
11:00,"0,10","16,70","69,00","7,00",Sur 190°,"15,40",Sur 170°,"16,50","17,00",2024-11-25
12:00,"4,60","14,50","93,00","6,00",Suroeste 220°,"13,90",Suroeste 220°,"14,50","16,50",2024-11-25
13:00,"0,20","14,80","90,00","6,00",Suroeste 220°,"14,90",Suroeste 240°,"14,50","14,80",2024-11-25
14:00,"0,00","13,80","75,00","3,10",Oeste 290°,"9,80",Suroeste 220°,"13,50","15,00",2024-11-25
15:00,"0,00","14,40","75,00","2,90",Oeste 270°,"4,60",Oeste 280°,"13,60","14,50",2024-11-25
16:00,"0,00","14,60","66,00","4,10",Oeste 290°,"9,80",Suroeste 230°,"14,50","14,80",2024-11-25
17:00,"0,00","14,00","61,00","4,60",Oeste 280°,"7,70",Oeste 280°,"13,90","14,80",2024-11-25
18:00,"0,00","12,30","59,00","3,30",Oeste 260°,"6,20",Oeste 260°,"12,10","13,90",2024-11-25
19:00,"0,00","11,80","60,00","3,40",Oeste 270°,"5,70",Oeste 260°,"11,70","12,30",2024-11-25
20:00,"0,00","10,50","64,00","2,30",Oeste 250°,"5,70",Oeste 260°,"10,30","11,70",2024-11-25
21:00,"0,00","10,10","67,00","3,40",Oeste 260°,"6,20",Oeste 250°,"9,70","10,40",2024-11-25
22:00,"0,00","7,40","78,00","0,20",Este 80°,"4,60",Oeste 260°,"7,30","10,10",2024-11-25
23:00,"0,00","5,90","86,00","0,20",Noreste 60°,"2,10",Noreste 30°,"5,80","7,30",2024-11-25
00:00,"0,00","4,20","98,00","2,10",Noroeste 330°,"4,10",Norte 350°,"4,20","5,00",2024-11-26
01:00,"0,00","4,50","92,00","0,00",,"3,10",Norte 360°,"4,30","5,30",2024-11-26
02:00,"0,00","3,90","97,00","2,20",Norte 10°,"3,10",Norte 20°,"3,90","4,30",2024-11-26
03:00,"0,00","3,40","97,00","0,50",Norte 20°,"2,60",Noroeste 320°,"3,40","4,00",2024-11-26
04:00,"0,00","2,90","99,00","0,50",Norte 20°,"2,10",Norte 350°,"2,90","3,40",2024-11-26
05:00,"0,00","2,90","100,00","1,00",Norte 20°,"2,10",Norte 350°,"2,70","2,90",2024-11-26
06:00,"0,00","2,60","100,00","1,50",Norte 360°,"2,10",Norte 360°,"2,50","2,90",2024-11-26
07:00,"0,00","2,20","99,00","1,60",Norte 340°,"3,10",Noroeste 310°,"2,20","2,60",2024-11-26
08:00,"0,00","1,80","100,00","0,90",Norte 10°,"2,10",Norte 10°,"1,60","2,20",2024-11-26
09:00,"0,00","2,10","100,00","0,00",,"1,50",Norte 350°,"1,80","2,20",2024-11-26
10:00,"0,00","4,20","100,00","0,60",Norte 340°,"1,50",Noroeste 330°,"2,20","4,30",2024-11-26
11:00,"0,00","5,60","90,00","0,00",,"2,10",Norte 10°,"4,30","5,80",2024-11-26
12:00,"0,00","7,20","85,00","0,00",,"2,10",Norte 10°,"5,80","7,30",2024-11-26
13:00,"0,00","9,20","78,00","1,00",Norte 350°,"2,60",Norte 340°,"7,30","9,30",2024-11-26
14:00,"0,00","10,30","74,00","1,90",Oeste 280°,"3,60",Oeste 260°,"9,50","10,70",2024-11-26
15:00,"0,00","11,10","69,00","1,80",Noroeste 310°,"3,10",Oeste 250°,"10,30","11,10",2024-11-26
16:00,"0,00","11,60","69,00","0,90",Noroeste 330°,"3,60",Norte 360°,"11,10","11,90",2024-11-26
17:00,"0,00","10,80","78,00","0,10",Norte 10°,"1,50",Norte 340°,"10,70","11,50",2024-11-26
18:00,"0,00","8,80","84,00","0,00",,"1,50",Noreste 40°,"8,70","10,70",2024-11-26
19:00,"0,00","7,50","88,00","0,30",Norte 350°,"2,10",Norte 350°,"7,40","8,70",2024-11-26
20:00,"0,00","7,40","86,00","0,00",,"2,10",Norte 350°,"7,30","7,50",2024-11-26
21:00,"0,00","6,60","90,00","0,20",Norte 350°,"2,10",Norte 350°,"6,50","7,60",2024-11-26
22:00,"0,00","5,90","91,00","2,60",Norte 340°,"3,60",Norte 350°,"5,90","6,60",2024-11-26
23:00,"0,00","5,00","96,00","1,80",Norte 360°,"3,60",Noroeste 330°,"5,00","5,90",2024-11-26
00:00,"0,00","4,00","94,00","1,80",Norte 340°,"2,60",Norte 340°,"4,00","4,80",2024-11-27
01:00,"0,00","3,50","100,00","1,80",Norte 350°,"2,60",Norte 350°,"3,40","4,20",2024-11-27
02:00,"0,00","2,80","100,00","1,50",Noroeste 330°,"2,60",Norte 340°,"2,70","3,30",2024-11-27
03:00,"0,00","2,30","100,00","2,00",Norte 340°,"3,10",Norte 340°,"2,30","2,70",2024-11-27
04:00,"0,00","2,30","99,00","2,50",Noroeste 320°,"3,60",Norte 340°,"2,30","2,50",2024-11-27
05:00,"0,00","1,70","99,00","1,60",Norte 20°,"4,10",Noroeste 330°,"1,50","2,30",2024-11-27
06:00,"0,00","1,00","100,00","1,80",Norte 340°,"2,60",Norte 340°,"1,00","1,50",2024-11-27
07:00,"0,00","0,40","100,00","0,70",Norte 360°,"2,10",Norte 360°,"0,30","0,90",2024-11-27
08:00,"0,00","0,20","100,00","0,80",Norte 10°,"2,10",Norte 360°,"0,10","0,40",2024-11-27
09:00,"0,00","0,60","100,00","0,20",Norte 350°,"2,10",Norte 340°,"-0,10","0,70",2024-11-27
10:00,"0,00","3,50","93,00","1,70",Noroeste 330°,"2,10",Norte 340°,"0,70","3,70",2024-11-27
11:00,"0,00","6,10","84,00","1,30",Noroeste 310°,"3,60",Noroeste 330°,"3,70","6,30",2024-11-27
12:00,"0,00","8,80","76,00","0,50",Noroeste 300°,"3,10",Oeste 250°,"6,10","9,00",2024-11-27
13:00,"0,00","11,80","67,00","0,80",Suroeste 210°,"3,60",Suroeste 220°,"8,80","12,00",2024-11-27
14:00,"0,00","13,40","57,00","0,60",Sur 190°,"4,60",Sur 190°,"11,80","13,60",2024-11-27
15:00,"0,00","14,20","48,00","0,70",Suroeste 240°,"3,10",Suroeste 240°,"13,50","14,60",2024-11-27
16:00,"0,00","14,80","43,00","0,30",Este 90°,"3,10",Este 80°,"13,80","14,80",2024-11-27
17:00,"0,00","13,80","55,00","0,70",Sur 200°,"4,10",Oeste 250°,"13,50","15,70",2024-11-27
18:00,"0,00","10,40","63,00","0,10",Sur 200°,"4,60",Sur 180°,"10,10","13,70",2024-11-27
19:00,"0,00","8,10","73,00","0,00",,"0,00",,"7,90","10,00",2024-11-27
20:00,"0,00","7,60","74,00","1,90",Norte 350°,"2,60",Norte 360°,"7,60","8,50",2024-11-27
21:00,"0,00","6,50","79,00","1,50",Norte 10°,"2,60",Norte 360°,"6,40","7,70",2024-11-27
22:00,"0,00","5,40","87,00","1,50",Norte 350°,"2,60",Norte 340°,"5,20","6,40",2024-11-27
23:00,"0,00","4,90","90,00","1,00",Norte 340°,"2,10",Norte 350°,"4,80","5,20",2024-11-27
00:00,"0,00","5,20","96,00","1,60",Norte 340°,"2,60",Norte 350°,"5,10","5,60",2024-11-28
01:00,"0,00","3,60","96,00","1,90",Norte 350°,"2,60",Norte 360°,"3,50","4,10",2024-11-28
02:00,"0,00","2,60","97,00","1,80",Norte 10°,"2,60",Norte 340°,"2,50","3,60",2024-11-28
03:00,"0,00","1,80","98,00","1,10",Norte 340°,"2,10",Norte 350°,"1,80","2,50",2024-11-28
04:00,"0,00","2,10","100,00","1,50",Noroeste 330°,"2,10",Noroeste 330°,"1,80","2,20",2024-11-28
05:00,"0,00","1,30","100,00","1,10",Norte 340°,"1,50",Norte 350°,"1,20","2,20",2024-11-28
06:00,"0,00","1,00","100,00","1,30",Norte 360°,"2,10",Norte 10°,"0,90","1,40",2024-11-28
07:00,"0,00","0,40","100,00","0,20",Noroeste 320°,"2,60",Norte 10°,"0,40","0,90",2024-11-28
08:00,"0,00","0,30","100,00","0,80",Norte 10°,"1,50",Norte 360°,"0,30","0,70",2024-11-28
09:00,"0,00","0,60","100,00","1,50",Norte 350°,"2,10",Norte 350°,"0,10","0,70",2024-11-28
10:00,"0,00","3,40","97,00","0,00",,"2,10",Norte 350°,"0,70","3,50",2024-11-28
11:00,"0,00","6,00","84,00","0,90",Noroeste 320°,"2,10",Noroeste 310°,"3,50","6,20",2024-11-28
12:00,"0,00","9,10","77,00","0,00",,"2,10",Norte 350°,"6,20","9,40",2024-11-28
13:00,"0,00","11,00","69,00","0,30",Oeste 270°,"2,60",Oeste 270°,"9,50","11,30",2024-11-28
14:00,"0,00","13,60","60,00","0,60",Suroeste 210°,"3,60",Suroeste 230°,"11,40","13,80",2024-11-28
15:00,"0,00","15,30","57,00","0,40",Suroeste 210°,"3,60",Oeste 250°,"13,80","15,30",2024-11-28
16:00,"0,00","15,50","56,00","1,40",Sureste 120°,"4,10",Sur 170°,"15,30","15,90",2024-11-28
17:00,"0,00","15,10","58,00","1,90",Sur 170°,"7,20",Sur 180°,"15,00","15,60",2024-11-28
18:00,"0,00","11,90","72,00","1,30",Sur 170°,"6,20",Suroeste 230°,"11,60","15,00",2024-11-28
19:00,"0,00","9,90","81,00","0,10",Sur 190°,"3,60",Suroeste 210°,"9,60","11,70",2024-11-28
20:00,"0,00","8,30","86,00","1,10",Norte 20°,"2,10",Suroeste 210°,"8,20","9,60",2024-11-28
21:00,"0,00","7,30","90,00","1,70",Norte 350°,"2,60",Norte 350°,"7,20","8,40",2024-11-28
22:00,"0,00","6,40","90,00","1,90",Norte 340°,"2,60",Norte 340°,"6,30","7,10",2024-11-28
23:00,"0,00","5,70","94,00","2,10",Norte 350°,"2,60",Norte 350°,"5,70","6,30",2024-11-28
00:00,"0,00","7,20","99,00","1,10",Norte 340°,"2,10",Norte 340°,"7,20","7,80",2024-11-29
01:00,"0,00","4,50","97,00","1,30",Norte 10°,"2,10",Norte 350°,"4,40","5,10",2024-11-29
02:00,"0,00","4,30","99,00","1,60",Norte 340°,"2,60",Noroeste 330°,"4,20","4,40",2024-11-29
03:00,"0,00","3,90","97,00","1,80",Norte 360°,"2,60",Noroeste 330°,"3,80","4,50",2024-11-29
04:00,"0,00","3,20","99,00","1,60",Noroeste 330°,"2,60",Noroeste 330°,"3,20","3,80",2024-11-29
05:00,"0,00","3,00","99,00","1,00",Norte 360°,"2,10",Norte 350°,"3,00","3,30",2024-11-29
06:00,"0,00","2,70","100,00","1,70",Norte 20°,"2,10",Norte 20°,"2,70","3,00",2024-11-29
07:00,"0,00","2,80","100,00","0,70",Noroeste 310°,"2,60",Noreste 40°,"2,30","3,10",2024-11-29
08:00,"0,00","4,10","98,00","1,90",Norte 340°,"3,10",Noroeste 310°,"3,10","4,10",2024-11-29
09:00,"0,00","4,50","97,00","2,20",Noroeste 330°,"3,60",Oeste 280°,"3,90","4,70",2024-11-29
10:00,"0,00","5,20","96,00","1,60",Norte 360°,"2,60",Noroeste 330°,"4,70","5,50",2024-11-29
11:00,"0,00","9,00","82,00","0,10",Este 100°,"3,10",Noroeste 320°,"5,50","9,20",2024-11-29
12:00,"0,00","11,40","75,00","0,80",Suroeste 210°,"2,10",Sur 190°,"9,00","11,60",2024-11-29
13:00,"0,00","12,30","71,00","0,50",Norte 360°,"2,60",Noroeste 310°,"11,50","12,50",2024-11-29
14:00,"0,00","14,90","65,00","0,20",Suroeste 240°,"3,10",Suroeste 220°,"12,40","15,00",2024-11-29
15:00,"0,00","16,00","60,00","2,00",Sureste 140°,"4,10",Suroeste 230°,"15,00","16,20",2024-11-29
16:00,"0,00","14,90","75,00","1,00",Noreste 30°,"2,60",Sur 170°,"14,90","16,70",2024-11-29
17:00,"0,00","15,60","70,00","0,00",,"2,10",Sureste 130°,"14,80","15,80",2024-11-29
18:00,"0,00","12,70","79,00","0,00",,"1,50",Oeste 280°,"12,50","15,40",2024-11-29
19:00,"0,00","11,00","84,00","1,80",Noroeste 330°,"2,10",Noroeste 330°,"10,80","12,40",2024-11-29
20:00,"0,00","10,60","84,00","0,90",Norte 340°,"2,10",Norte 340°,"10,60","11,30",2024-11-29
21:00,"0,00","9,30","90,00","2,00",Norte 350°,"2,60",Norte 350°,"9,20","10,50",2024-11-29
22:00,"0,00",,,"2,20",Norte 340°,"3,60",Norte 340°,,,2024-11-29
23:00,"0,00","7,80","97,00","1,80",Norte 360°,"2,60",Norte 360°,"7,80","8,40",2024-11-29
00:00,"0,00","7,70","100,00","1,50",Norte 360°,"3,10",Norte 340°,"7,70","8,30",2024-11-30
01:00,"0,00","6,30","100,00","2,00",Norte 340°,"2,60",Norte 350°,"6,30","7,20",2024-11-30
02:00,"0,00","6,00","100,00","1,70",Norte 350°,"2,60",Norte 340°,"6,00","6,30",2024-11-30
03:00,"0,00","5,40","100,00","1,20",Norte 360°,"2,60",Norte 350°,"5,30","5,90",2024-11-30
04:00,"0,00","4,70","100,00","1,50",Norte 360°,"2,10",Noroeste 330°,"4,60","5,40",2024-11-30
05:00,"0,00","4,70","100,00","0,00",,"1,50",Norte 350°,"4,60","4,90",2024-11-30
06:00,"0,00","4,40","100,00","0,80",Noreste 30°,"2,10",Noreste 30°,"4,30","4,70",2024-11-30
07:00,"0,00","4,00","100,00","1,70",Norte 350°,"2,10",Norte 350°,"4,00","4,30",2024-11-30
08:00,"0,00","3,80","100,00","1,30",Norte 360°,"2,10",Norte 340°,"3,70","4,00",2024-11-30
09:00,"0,00","3,70","100,00","1,10",Norte 340°,"2,60",Norte 360°,"3,20","3,80",2024-11-30
10:00,"0,00","6,10","100,00","0,80",Norte 20°,"1,50",Norte 10°,"3,80","6,20",2024-11-30
11:00,"0,00","8,60","89,00","2,10",Noroeste 330°,"3,10",Norte 340°,"6,30","8,70",2024-11-30
12:00,"0,00","11,20","81,00","1,10",Noroeste 300°,"3,10",Noroeste 300°,"8,90","11,30",2024-11-30
13:00,"0,00","14,20","72,00","1,40",Sur 180°,"4,60",Suroeste 220°,"11,30","14,40",2024-11-30
14:00,"0,00","15,90","64,00","1,30",Sur 180°,"4,10",Suroeste 210°,"14,40","15,90",2024-11-30
15:00,"0,00","17,30","59,00","0,50",Sur 170°,"3,60",Sur 170°,"15,90","17,40",2024-11-30
16:00,"0,00","17,90","57,00","0,00",,"3,60",Suroeste 230°,"17,40","18,00",2024-11-30
17:00,"0,00","16,80","61,00","2,40",Suroeste 240°,"5,10",Suroeste 230°,"16,30","17,60",2024-11-30
18:00,"0,00","13,70","74,00","0,30",Suroeste 230°,"4,60",Suroeste 230°,"13,10","16,80",2024-11-30
19:00,"0,00","12,30","79,00","0,70",Sureste 140°,"1,50",Sureste 140°,"11,90","13,10",2024-11-30
20:00,"0,00","10,80","86,00","0,00",,"1,50",Sur 160°,"10,60","11,80",2024-11-30
21:00,"0,00","9,40","93,00","1,30",Norte 10°,"2,60",Norte 10°,"9,30","10,50",2024-11-30
22:00,"0,00","9,00","95,00","1,30",Norte 350°,"2,60",Norte 360°,"8,80","9,60",2024-11-30
23:00,"0,00","8,20","99,00","1,70",Norte 340°,"2,60",Norte 350°,"8,20","8,80",2024-11-30
00:00,"0,00","10,70","96,00","1,00",Norte 350°,"3,60",Norte 340°,"10,60","10,70",2024-12-01
01:00,"0,00","7,00","100,00","1,30",Norte 10°,"2,10",Norte 10°,"7,00","7,70",2024-12-01
02:00,"0,00","5,90","100,00","1,00",Norte 360°,"2,10",Norte 350°,"5,80","6,90",2024-12-01
03:00,"0,00","5,90","100,00","1,30",Norte 340°,"2,10",Norte 350°,"5,80","6,20",2024-12-01
04:00,"0,00","4,70","100,00","0,00",,"2,10",Norte 10°,"4,70","6,00",2024-12-01
05:00,"0,00","4,50","100,00","1,20",Norte 340°,"2,60",Noroeste 310°,"4,20","4,80",2024-12-01
06:00,"0,00","4,20","100,00","1,10",Norte 360°,"1,50",Norte 350°,"4,00","4,50",2024-12-01
07:00,"0,00","4,40","100,00","1,40",Norte 10°,"2,60",Norte 10°,"4,10","4,60",2024-12-01
08:00,"0,00","4,70","100,00","0,80",Norte 340°,"2,10",Norte 340°,"4,40","4,80",2024-12-01
09:00,"0,00","5,20","100,00","1,50",Norte 10°,"2,10",Norte 10°,"4,70","5,30",2024-12-01
10:00,"0,00","6,80","98,00","0,00",,"2,10",Norte 10°,"5,30","7,00",2024-12-01
11:00,"0,00","8,20","91,00","1,80",Noroeste 320°,"3,60",Oeste 280°,"7,00","8,30",2024-12-01
12:00,"0,00","9,40","86,00","1,70",Norte 360°,"3,60",Norte 360°,"8,20","9,40",2024-12-01
13:00,"0,00","12,80","78,00","1,30",Suroeste 210°,"3,60",Suroeste 220°,"9,40","13,00",2024-12-01
14:00,"0,00","15,20","69,00","0,60",Sur 200°,"3,60",Suroeste 210°,"13,00","15,30",2024-12-01
15:00,"0,00","15,80","68,00","0,40",Sur 160°,"4,10",Sur 200°,"14,90","15,80",2024-12-01
16:00,"0,00","16,60","67,00","0,00",,"3,60",Suroeste 210°,"15,80","17,10",2024-12-01
17:00,"0,00","15,00","77,00","0,80",Este 80°,"2,10",Este 70°,"14,80","16,40",2024-12-01
18:00,"0,00","13,70","79,00","1,00",Este 110°,"2,60",Sureste 120°,"13,60","15,00",2024-12-01
19:00,"0,00","13,00","82,00","0,00",,"3,60",Sur 160°,"12,80","13,80",2024-12-01
20:00,"0,00","12,30","85,00","2,20",Norte 20°,"2,60",Norte 20°,"12,20","12,80",2024-12-01
21:00,"0,00","12,30","84,00","2,10",Suroeste 210°,"4,10",Suroeste 220°,"11,30","12,40",2024-12-01
22:00,"0,00","11,50","88,00","1,50",Suroeste 220°,"3,10",Sur 200°,"11,30","12,40",2024-12-01
23:00,"0,00","10,40","94,00","2,60",Noroeste 330°,"3,60",Noroeste 330°,"10,30","11,30",2024-12-01
00:00,"0,00","8,20","99,00","0,00",,"3,10",Norte 340°,"8,00","9,30",2024-12-02
01:00,"0,00","10,50","98,00","0,80",Noreste 40°,"2,10",Noreste 60°,"10,40","10,70",2024-12-02
02:00,"0,00","10,20","100,00","3,50",Noroeste 330°,"7,20",Noroeste 310°,"10,00","10,40",2024-12-02
03:00,"0,00","10,30","96,00","1,80",Norte 350°,"4,10",Noroeste 320°,"10,20","10,50",2024-12-02
04:00,"0,00","9,70","98,00","0,00",,"2,60",Norte 350°,"9,70","10,30",2024-12-02
05:00,"0,00","9,80","100,00","1,10",Este 90°,"3,10",Este 70°,"9,60","9,80",2024-12-02
06:00,"0,00","10,30","98,00","1,70",Noreste 40°,"3,60",Noreste 50°,"9,50","10,30",2024-12-02
07:00,"0,00","9,30","98,00","1,60",Noroeste 310°,"4,10",Noroeste 310°,"9,20","10,50",2024-12-02
08:00,"0,00","8,80","99,00","1,70",Norte 350°,"3,10",Noroeste 310°,"8,70","9,30",2024-12-02
09:00,"0,00","10,10","95,00","3,30",Noroeste 310°,"5,10",Oeste 280°,"8,50","10,40",2024-12-02
10:00,"0,00","10,60","94,00","3,70",Sureste 130°,"4,60",Sureste 120°,"9,90","10,70",2024-12-02
11:00,"0,00","11,00","91,00","0,30",Este 70°,"5,70",Sur 160°,"10,70","11,10",2024-12-02
12:00,"0,00","12,00","86,00","1,60",Norte 340°,"3,10",Noreste 30°,"11,10","12,00",2024-12-02
13:00,"0,20","14,20","78,00","2,50",Sur 200°,"6,70",Suroeste 220°,"12,00","14,30",2024-12-02
14:00,"0,00","15,00","73,00","1,60",Oeste 250°,"4,60",Suroeste 230°,"13,70","15,50",2024-12-02
15:00,"0,00","15,80","68,00","0,30",Sur 200°,"4,60",Sur 190°,"15,00","16,00",2024-12-02
16:00,"0,00","16,00","73,00","0,00",,"1,50",Suroeste 210°,"15,80","16,40",2024-12-02
17:00,"0,00","15,60","74,00","0,00",,"2,10",Suroeste 230°,"15,50","16,30",2024-12-02
18:00,"0,00","13,50","81,00","0,30",Sur 190°,"2,60",Suroeste 210°,"13,40","15,50",2024-12-02
19:00,"0,00","11,50","87,00","0,00",,"2,60",Sur 200°,"11,50","13,40",2024-12-02
20:00,"0,00","11,20","86,00","1,20",Norte 340°,"3,10",Noroeste 330°,"11,10","11,60",2024-12-02
21:00,"0,00","10,40","91,00","1,60",Norte 350°,"2,10",Norte 350°,"10,40","11,20",2024-12-02
22:00,"0,00","9,70","96,00","0,30",Norte 10°,"2,10",Norte 350°,"9,60","10,40",2024-12-02
23:00,"0,00","9,50","97,00","2,50",Noroeste 320°,"3,60",Norte 340°,"9,40","9,60",2024-12-02
00:00,"0,00","10,00","65,00","0,60",Suroeste 220°,"3,60",Oeste 250°,"9,70","11,50",2024-12-03
01:00,"0,00","7,50","100,00","1,90",Norte 350°,"2,60",Norte 360°,"7,50","8,00",2024-12-03
02:00,"0,00","6,40","100,00","1,60",Noroeste 330°,"3,60",Norte 340°,"6,30","7,50",2024-12-03
03:00,"0,00","5,80","100,00","1,80",Norte 350°,"2,60",Norte 350°,"5,80","6,60",2024-12-03
04:00,"0,00","5,50","100,00","0,00",,"2,10",Norte 350°,"5,30","5,80",2024-12-03
05:00,"0,00","5,00","100,00","1,50",Norte 350°,"2,10",Norte 360°,"4,60","5,40",2024-12-03
06:00,"0,00","4,40","100,00","0,00",,"2,10",Norte 350°,"4,30","4,90",2024-12-03
07:00,"0,00","3,90","100,00","1,40",Norte 360°,"2,10",Norte 360°,"3,90","4,30",2024-12-03
08:00,"0,00","3,70","100,00","1,20",Norte 340°,"2,10",Norte 350°,"3,50","3,90",2024-12-03
09:00,"0,00","3,30","100,00","0,70",Norte 10°,"2,10",Norte 340°,"3,20","3,70",2024-12-03
10:00,"0,00","5,70","100,00","1,10",Norte 10°,"2,10",Norte 10°,"3,30","5,80",2024-12-03
11:00,"0,00","8,00","96,00","0,00",,"2,10",Norte 360°,"5,70","8,50",2024-12-03
12:00,"0,00","10,50","84,00","0,20",Suroeste 210°,"3,60",Suroeste 220°,"8,60","10,60",2024-12-03
13:00,"0,00","13,30","71,00","0,80",Sur 180°,"3,10",Sur 170°,"10,60","13,40",2024-12-03
14:00,"0,00","14,60","66,00","1,50",Sureste 120°,"3,60",Sureste 130°,"13,20","14,70",2024-12-03
15:00,"0,00","15,90","64,00","2,70",Sur 170°,"5,10",Sur 190°,"14,60","16,00",2024-12-03
16:00,"0,00","15,50","63,00","2,80",Sur 190°,"6,20",Suroeste 210°,"15,50","16,00",2024-12-03
17:00,"0,00","14,80","55,00","5,50",Oeste 260°,"7,20",Oeste 270°,"14,70","15,60",2024-12-03
18:00,"0,00","13,60","61,00","4,60",Oeste 250°,"7,70",Oeste 250°,"13,50","14,70",2024-12-03
19:00,"0,00","13,20","60,00","4,30",Oeste 250°,"7,70",Suroeste 220°,"13,20","13,50",2024-12-03
20:00,"0,00","12,90","62,00","4,20",Oeste 250°,"6,70",Suroeste 240°,"12,90","13,30",2024-12-03
21:00,"0,00","11,50","74,00","4,00",Oeste 250°,"7,20",Oeste 250°,"11,50","12,90",2024-12-03
22:00,"0,00","11,20","69,00","4,10",Oeste 260°,"6,70",Oeste 250°,"11,10","11,50",2024-12-03
23:00,"0,00","11,60","60,00","3,80",Oeste 280°,"7,20",Oeste 260°,"11,30","11,60",2024-12-03
00:00,"0,00","4,90","83,00","0,70",Este 110°,"2,10",Este 90°,"4,60","5,60",2024-12-04
01:00,"0,00","9,10","74,00","1,90",Sureste 140°,"4,60",Oeste 280°,"8,80","10,80",2024-12-04
02:00,"0,00","8,60","86,00","2,10",Sureste 150°,"3,60",Sureste 140°,"8,20","9,10",2024-12-04
03:00,"0,00","9,70","85,00","3,10",Sureste 130°,"5,10",Sur 160°,"8,80","10,30",2024-12-04
04:00,"0,00","11,00","78,00","5,60",Oeste 270°,"11,30",Oeste 280°,"9,20","11,40",2024-12-04
05:00,"0,00","10,90","76,00","3,40",Norte 340°,"8,80",Oeste 270°,"10,80","11,40",2024-12-04
06:00,"0,00","8,80","88,00","2,80",Sureste 120°,"5,10",Sureste 130°,"8,80","11,30",2024-12-04
07:00,"0,00","7,80","95,00","2,10",Este 110°,"4,10",Este 80°,"7,80","8,80",2024-12-04
08:00,"0,00","6,80","98,00","0,50",Sur 170°,"4,60",Este 100°,"6,70","7,80",2024-12-04
09:00,"0,00","7,80","93,00","1,00",Oeste 290°,"5,10",Sur 160°,"6,70","7,80",2024-12-04
10:00,"0,00","11,50","66,00","7,70",Norte 360°,"11,80",Norte 10°,"7,80","11,70",2024-12-04
11:00,"0,00","12,70","58,00","7,10",Norte 20°,"11,80",Norte 20°,"11,70","12,70",2024-12-04
12:00,"0,00","13,50","54,00","4,90",Norte 20°,"11,80",Norte 20°,"12,70","13,50",2024-12-04
13:00,"0,00","14,10","51,00","3,90",Norte 10°,"6,70",Norte 360°,"13,50","14,20",2024-12-04
14:00,"0,00","14,60","46,00","2,90",Norte 350°,"5,70",Norte 350°,"14,10","15,10",2024-12-04
15:00,"0,00","15,50","44,00","2,00",Este 80°,"5,70",Norte 360°,"14,60","15,60",2024-12-04
16:00,"0,00","14,70","45,00","2,40",Noreste 50°,"5,70",Este 90°,"14,60","15,50",2024-12-04
17:00,"0,00","13,90","51,00","0,80",Este 90°,"3,60",Este 80°,"13,70","14,90",2024-12-04
18:00,"0,00","11,00","60,00","0,90",Sur 160°,"2,60",Este 90°,"10,90","14,00",2024-12-04
19:00,"0,00","9,70","63,00","0,00",,"3,10",Suroeste 220°,"9,30","10,90",2024-12-04
20:00,"0,00","8,10","70,00","0,90",Sur 190°,"3,10",Suroeste 240°,"8,00","9,20",2024-12-04
21:00,"0,00","7,30","75,00","1,60",Norte 360°,"3,10",Noreste 30°,"7,20","8,80",2024-12-04
22:00,"0,00","6,30","79,00","0,00",,"2,10",Norte 360°,"6,20","7,30",2024-12-04
23:00,"0,00","5,70","81,00","0,10",Norte 10°,"3,10",Norte 10°,"5,60","6,20",2024-12-04
00:00,"0,00","6,30","89,00","0,00",,"1,50",Sur 180°,"6,20","6,80",2024-12-05
01:00,"0,00","5,00","83,00","0,30",Sur 170°,"2,60",Sureste 130°,"4,50","5,00",2024-12-05
02:00,"0,00","4,70","89,00","2,30",Noroeste 320°,"2,60",Noroeste 300°,"4,40","5,00",2024-12-05
03:00,"0,00","5,30","82,00","2,30",Sureste 120°,"5,10",Este 110°,"4,70","5,40",2024-12-05
04:00,"0,00","4,60","84,00","1,50",Norte 10°,"3,60",Este 110°,"4,60","5,50",2024-12-05
05:00,"0,00","5,10","84,00","0,00",,"3,60",Norte 340°,"4,70","5,10",2024-12-05
06:00,"0,00","5,30","86,00","1,40",Norte 20°,"3,10",Norte 350°,"5,10","5,40",2024-12-05
07:00,"0,00","5,30","85,00","0,00",,"2,60",Norte 350°,"5,30","5,50",2024-12-05
08:00,"0,00","4,50","88,00","0,90",Este 90°,"2,10",Este 90°,"4,50","5,30",2024-12-05
09:00,"0,00","3,40","95,00","0,40",Norte 360°,"2,10",Este 80°,"3,40","4,50",2024-12-05
10:00,"0,00","6,40","83,00","0,20",Norte 10°,"2,60",Norte 360°,"3,40","6,70",2024-12-05
11:00,"0,00","8,40","72,00","1,00",Suroeste 220°,"5,10",Suroeste 210°,"6,90","8,50",2024-12-05
12:00,"0,00","10,50","63,00","0,60",Oeste 280°,"4,10",Sur 200°,"8,50","10,90",2024-12-05
13:00,"0,00","12,90","55,00","1,00",Sureste 150°,"3,60",Oeste 260°,"10,80","13,00",2024-12-05
14:00,"0,00","14,40","51,00","2,00",Sur 200°,"5,10",Sur 200°,"13,20","14,50",2024-12-05
15:00,"0,00","15,20","49,00","1,50",Suroeste 210°,"5,10",Suroeste 230°,"14,50","15,30",2024-12-05
16:00,"0,00","14,70","51,00","2,90",Sur 200°,"4,10",Oeste 260°,"14,50","16,00",2024-12-05
17:00,"0,00","12,90","59,00","2,10",Sur 170°,"5,10",Suroeste 220°,"12,90","14,30",2024-12-05
18:00,"0,00","11,30","65,00","1,90",Sureste 150°,"4,10",Sur 190°,"10,90","12,90",2024-12-05
19:00,"0,00","10,70","66,00","1,40",Sureste 120°,"3,60",Sureste 140°,"10,70","11,00",2024-12-05
20:00,"0,00","9,50","71,00","1,40",Sureste 130°,"2,10",Sureste 150°,"9,40","10,70",2024-12-05
21:00,"0,00","8,10","78,00","1,00",Este 90°,"2,60",Sureste 150°,"8,10","9,40",2024-12-05
22:00,"0,00","8,10","77,00","2,10",Sur 160°,"3,60",Suroeste 210°,"7,50","8,30",2024-12-05
23:00,"0,00","6,90","84,00","1,60",Norte 10°,"3,60",Sur 180°,"6,80","8,20",2024-12-05
00:00,"0,00","7,00","98,00","1,90",Norte 10°,"2,60",Noreste 40°,"7,00","7,70",2024-12-06
01:00,"0,00","5,90","91,00","0,00",,"1,50",Norte 360°,"5,70","6,00",2024-12-06
02:00,"0,00","5,80","89,00","0,70",Este 110°,"2,10",Este 110°,"5,70","6,00",2024-12-06
03:00,"0,00","5,60","92,00","0,20",Sureste 150°,"2,10",Este 100°,"5,60","5,90",2024-12-06
04:00,"0,00","5,30","94,00","1,90",Noroeste 330°,"2,60",Noroeste 320°,"5,30","5,60",2024-12-06
05:00,"0,00","4,90","95,00","0,00",,"2,60",Norte 350°,"4,90","5,30",2024-12-06
06:00,"0,00","4,40","99,00","0,30",Norte 10°,"2,60",Noreste 30°,"4,30","4,90",2024-12-06
07:00,"0,00","4,10","100,00","1,40",Norte 10°,"2,60",Norte 10°,"4,10","4,40",2024-12-06
08:00,"0,00","4,20","99,00","1,80",Noroeste 310°,"3,10",Noroeste 310°,"4,10","4,30",2024-12-06
09:00,"0,00","4,20","100,00","0,50",Norte 360°,"3,10",Noroeste 330°,"4,10","4,40",2024-12-06
10:00,"0,00","6,70","94,00","0,40",Norte 20°,"2,60",Norte 340°,"4,30","6,80",2024-12-06
11:00,"0,00","8,30","82,00","0,30",Este 90°,"2,60",Norte 360°,"6,90","8,30",2024-12-06
12:00,"0,00","10,30","76,00","0,70",Norte 360°,"3,60",Oeste 270°,"8,40","10,50",2024-12-06
13:00,"0,00","12,80","69,00","0,10",Suroeste 230°,"3,10",Oeste 270°,"10,70","13,30",2024-12-06
14:00,"0,00","14,60","62,00","0,40",Suroeste 240°,"3,10",Suroeste 210°,"13,30","14,80",2024-12-06
15:00,"0,00","15,90","59,00","1,70",Sur 160°,"3,60",Sureste 150°,"14,60","15,90",2024-12-06
16:00,"0,00","16,60","58,00","1,50",Sureste 140°,"3,10",Sur 170°,"15,90","16,60",2024-12-06
17:00,"0,00","16,80","58,00","2,30",Sur 180°,"5,10",Suroeste 220°,"16,60","17,20",2024-12-06
18:00,"0,00","13,50","71,00","2,30",Sur 160°,"4,10",Sur 190°,"13,20","16,50",2024-12-06
19:00,"0,00","12,50","72,00","1,30",Sur 190°,"4,10",Suroeste 230°,"12,20","13,40",2024-12-06
20:00,"0,00","11,40","78,00","1,20",Sureste 150°,"3,60",Suroeste 220°,"11,30","12,30",2024-12-06
21:00,"0,00","10,30","84,00","1,40",Sureste 140°,"2,10",Sureste 140°,"10,20","11,20",2024-12-06
22:00,"0,00","9,30","87,00","0,40",Sureste 120°,"1,50",Sureste 130°,"9,10","10,10",2024-12-06
23:00,"0,00","7,80","96,00","1,20",Norte 20°,"2,60",Norte 10°,"7,70","9,00",2024-12-06
00:00,"0,00","9,10","42,00","1,20",Este 110°,"5,70",Noreste 40°,"8,60","10,00",2024-12-07
01:00,"0,00","6,00","98,00","0,00",,"2,60",Norte 360°,"6,00","6,90",2024-12-07
02:00,"0,00","5,50","100,00","0,00",,"1,50",Noroeste 320°,"5,40","6,00",2024-12-07
03:00,"0,00","4,50","100,00","0,70",Norte 360°,"2,10",Norte 10°,"4,50","5,40",2024-12-07
04:00,"0,00","4,10","100,00","0,80",Noroeste 300°,"2,10",Noroeste 310°,"4,00","4,60",2024-12-07
05:00,"0,00","4,30","100,00","0,00",,"2,10",Norte 10°,"4,10","4,40",2024-12-07
06:00,"0,00","5,00","100,00","0,10",Norte 10°,"3,10",Norte 340°,"4,50","5,10",2024-12-07
07:00,"0,00","5,50","100,00","0,00",,"2,10",Norte 340°,"5,00","5,50",2024-12-07
08:00,"0,00","5,50","100,00","0,40",Noreste 30°,"2,10",Noreste 40°,"5,50","5,50",2024-12-07
09:00,"0,00","6,20","100,00","0,00",,"1,50",Noroeste 330°,"5,50","6,20",2024-12-07
10:00,"0,00","6,60","100,00","0,60",Sur 200°,"3,60",Suroeste 240°,"6,20","6,60",2024-12-07
11:00,"0,00","7,40","100,00","0,10",Noreste 40°,"3,10",Este 90°,"6,70","7,40",2024-12-07
12:00,"0,00","9,10","100,00","1,60",Sureste 120°,"4,10",Sur 190°,"7,30","9,20",2024-12-07
13:00,"0,00","13,30","77,00","0,90",Sur 180°,"3,60",Sur 190°,"9,20","13,80",2024-12-07
14:00,"0,00","16,60","58,00","4,70",Noroeste 330°,"11,80",Noroeste 300°,"14,00","16,70",2024-12-07
15:00,"0,00","17,90","50,00","0,80",Este 100°,"5,10",Norte 10°,"16,40","18,10",2024-12-07
16:00,"0,00","17,20","40,00","4,70",Oeste 270°,"7,70",Oeste 250°,"17,20","18,10",2024-12-07
17:00,"0,00","16,10","30,00","5,80",Oeste 260°,"9,80",Oeste 280°,"15,80","17,40",2024-12-07
18:00,"0,00","13,70","35,00","4,70",Oeste 260°,"10,80",Oeste 270°,"13,50","15,70",2024-12-07
19:00,"0,00","12,10","38,00","4,70",Suroeste 240°,"7,70",Suroeste 240°,"11,30","13,50",2024-12-07
20:00,"0,00","10,10","40,00","0,40",Sureste 150°,"5,70",Noroeste 300°,"9,90","12,20",2024-12-07
21:00,"0,00","9,30","41,00","2,00",Este 80°,"4,10",Este 80°,"9,00","9,90",2024-12-07
22:00,"0,00","10,30","39,00","8,50",Norte 360°,"13,40",Norte 360°,"9,40","10,40",2024-12-07
23:00,"0,00","9,40","41,00","5,30",Norte 10°,"11,80",Norte 340°,"8,80","10,40",2024-12-07
00:00,"0,00","3,00","68,00","0,40",Noreste 30°,"2,60",Noreste 30°,"2,20","3,20",2024-12-08
01:00,"0,00","7,70","48,00","1,30",Este 90°,"5,70",Sureste 140°,"7,10","8,80",2024-12-08
02:00,"0,00","7,30","52,00","4,60",Sur 190°,"8,20",Sur 170°,"6,90","7,70",2024-12-08
03:00,"0,00","4,50","63,00","0,00",,"5,10",Sur 190°,"4,40","7,00",2024-12-08
04:00,"0,00","3,30","70,00","3,40",Sur 160°,"4,10",Sur 160°,"3,00","4,40",2024-12-08
05:00,"0,00","3,40","69,00","2,70",Suroeste 210°,"4,10",Sur 170°,"3,10","3,90",2024-12-08
06:00,"0,00","2,40","75,00","0,60",Noreste 30°,"4,60",Suroeste 210°,"2,20","4,10",2024-12-08
07:00,"0,00","1,90","77,00","1,10",Noroeste 320°,"5,10",Norte 10°,"1,80","2,40",2024-12-08
08:00,"0,00","5,30","56,00","1,50",Este 70°,"7,20",Norte 350°,"1,80","6,60",2024-12-08
09:00,"0,00","4,40","66,00","1,40",Sur 200°,"7,70",Suroeste 220°,"4,20","6,00",2024-12-08
10:00,"0,00","6,60","59,00","1,70",Suroeste 220°,"7,20",Sur 190°,"4,30","6,80",2024-12-08
11:00,"0,00","8,60","50,00","2,90",Suroeste 240°,"7,20",Suroeste 230°,"6,90","8,80",2024-12-08
12:00,"0,00","10,50","41,00","8,20",Norte 350°,"12,90",Norte 350°,"8,60","10,50",2024-12-08
13:00,"0,00","10,50","40,00","8,70",Norte 340°,"13,90",Norte 340°,"10,40","10,70",2024-12-08
14:00,"0,00","10,90","40,00","8,70",Norte 340°,"16,00",Noroeste 330°,"10,60","11,10",2024-12-08
15:00,"0,00","11,00","38,00","10,20",Norte 340°,"16,50",Norte 10°,"10,60","11,30",2024-12-08
16:00,"0,00","11,00","39,00","8,90",Norte 350°,"14,40",Norte 350°,"10,40","11,70",2024-12-08
17:00,"0,00","9,40","47,00","4,80",Norte 340°,"12,90",Norte 340°,"9,20","10,80",2024-12-08
18:00,"0,00","8,70","46,00","5,30",Norte 340°,"7,70",Norte 350°,"8,50","9,70",2024-12-08
19:00,"0,00","6,30","63,00","4,90",Norte 360°,"10,80",Norte 350°,"6,10","8,90",2024-12-08
20:00,"0,00","4,80","67,00","1,60",Sur 170°,"7,70",Norte 350°,"4,70","6,10",2024-12-08
21:00,"0,00","6,60","49,00","6,30",Norte 340°,"7,70",Noroeste 320°,"4,20","6,60",2024-12-08
22:00,"0,00","4,00","62,00","0,90",Noreste 30°,"7,70",Norte 360°,"3,90","6,30",2024-12-08
23:00,"0,00","3,20","68,00","2,10",Noreste 50°,"3,60",Suroeste 220°,"2,90","4,30",2024-12-08
00:00,"0,00","6,20","57,00","4,70",Norte 360°,"11,80",Norte 10°,"6,10","6,40",2024-12-09
01:00,"0,00","3,10","66,00","1,90",Norte 10°,"3,10",Norte 350°,"2,50","3,20",2024-12-09
02:00,"0,00","2,90","66,00","1,00",Noroeste 310°,"3,10",Noroeste 310°,"2,40","3,10",2024-12-09
03:00,"0,00","1,50","73,00","3,10",Oeste 260°,"4,60",Oeste 270°,"0,80","2,70",2024-12-09
04:00,"0,00","3,10","63,00","0,70",Norte 360°,"5,10",Oeste 250°,"2,30","3,80",2024-12-09
05:00,"0,00","3,70","62,00","2,00",Noroeste 320°,"5,10",Noroeste 300°,"2,80","4,20",2024-12-09
06:00,"0,00","3,10","67,00","0,60",Sureste 130°,"4,10",Noroeste 300°,"2,70","4,00",2024-12-09
07:00,"0,00","3,50","66,00","3,60",Oeste 270°,"7,20",Oeste 270°,"3,00","3,90",2024-12-09
08:00,"0,00","1,90","74,00","2,00",Este 80°,"5,70",Oeste 280°,"1,80","3,30",2024-12-09
09:00,"0,00","2,60","71,00","1,80",Noroeste 300°,"5,10",Oeste 250°,"0,70","2,80",2024-12-09
10:00,"0,00","3,80","68,00","1,60",Este 70°,"5,10",Oeste 290°,"1,90","3,90",2024-12-09
11:00,"0,00","6,30","59,00","1,90",Sur 170°,"4,10",Sur 180°,"3,70","6,40",2024-12-09
12:00,"0,00","7,70","52,00","1,00",Suroeste 230°,"3,60",Oeste 280°,"6,20","7,80",2024-12-09
13:00,"0,00","8,80","47,00","2,80",Oeste 280°,"5,70",Oeste 250°,"7,60","9,00",2024-12-09
14:00,"0,00","10,00","45,00","3,60",Norte 340°,"7,70",Noroeste 320°,"8,60","10,20",2024-12-09
15:00,"0,00","9,40","44,00","7,50",Norte 350°,"11,30",Noroeste 320°,"8,90","10,20",2024-12-09
16:00,"0,00","9,30","48,00","5,80",Noroeste 310°,"10,30",Noroeste 320°,"8,50","9,80",2024-12-09
17:00,"0,00","8,50","51,00","3,70",Noroeste 320°,"10,30",Noroeste 330°,"8,40","9,60",2024-12-09
18:00,"0,00","7,80","58,00","1,50",Norte 350°,"5,10",Noroeste 320°,"7,60","8,70",2024-12-09
19:00,"0,00","6,40","63,00","2,60",Norte 340°,"5,10",Norte 350°,"6,40","7,60",2024-12-09
20:00,"0,00","7,20","59,00","5,80",Norte 350°,"8,80",Norte 340°,"6,20","7,20",2024-12-09
21:00,"0,00","6,80","60,00","5,10",Norte 340°,"8,20",Noroeste 330°,"6,70","7,20",2024-12-09
22:00,"0,00","6,30","62,00","5,20",Norte 350°,"8,20",Norte 350°,"6,30","6,70",2024-12-09
23:00,"0,00","6,10","63,00","5,70",Norte 360°,"9,30",Norte 350°,"6,00","6,50",2024-12-09
00:00,"0,00","5,40","62,00","0,60",Norte 20°,"2,60",Noreste 60°,"5,40","5,70",2024-12-10
01:00,"0,00","6,20","56,00","6,30",Norte 10°,"10,30",Norte 360°,"5,80","6,30",2024-12-10
02:00,"0,00","5,80","58,00","4,20",Norte 340°,"10,30",Norte 360°,"5,70","6,30",2024-12-10
03:00,"0,00","4,90","60,00","2,40",Norte 340°,"6,20",Norte 20°,"4,60","5,70",2024-12-10
04:00,"0,00","4,60","61,00","3,30",Norte 360°,"6,70",Norte 360°,"3,90","4,80",2024-12-10
05:00,"0,00","2,70","69,00","2,30",Noroeste 330°,"5,10",Norte 360°,"2,50","4,70",2024-12-10
06:00,"0,00","2,20","72,00","2,60",Sur 200°,"4,60",Oeste 280°,"1,60","2,60",2024-12-10
07:00,"0,00","1,00","80,00","1,60",Norte 10°,"3,10",Norte 10°,"0,80","1,70",2024-12-10
08:00,"0,00","0,00","83,00","0,00",,"3,60",Norte 340°,"0,00","1,10",2024-12-10
09:00,"0,00","0,40","86,00","0,00",,"3,60",Sureste 140°,"-0,20","0,50",2024-12-10
10:00,"0,00","3,70","73,00","2,40",Sureste 130°,"4,60",Sur 180°,"0,30","4,00",2024-12-10
11:00,"0,00","7,80","59,00","0,50",Noreste 30°,"4,60",Suroeste 220°,"4,10","7,90",2024-12-10
12:00,"0,00","8,50","53,00","1,80",Oeste 280°,"5,10",Suroeste 230°,"7,60","8,80",2024-12-10
13:00,"0,00","9,20","50,00","1,90",Oeste 290°,"5,10",Suroeste 230°,"8,20","9,60",2024-12-10
14:00,"0,00","10,30","47,00","2,90",Norte 350°,"5,70",Norte 360°,"9,20","10,40",2024-12-10
17:00,"0,00","8,70","50,00","2,80",Norte 360°,"4,60",Norte 360°,"8,60","9,30",2024-12-10
18:00,"0,00","7,90","52,00","3,60",Norte 360°,"5,70",Norte 350°,"7,90","8,60",2024-12-10
19:00,"0,00","7,20","55,00","3,90",Norte 350°,"5,70",Norte 360°,"7,20","7,90",2024-12-10
20:00,"0,00","6,80","56,00","1,40",Norte 10°,"5,70",Norte 360°,"6,70","7,10",2024-12-10
21:00,"0,00","6,40","58,00","1,30",Noreste 60°,"5,70",Noreste 40°,"6,40","6,80",2024-12-10
22:00,"0,00","6,00","59,00","1,40",Noreste 60°,"3,60",Noreste 50°,"6,00","6,40",2024-12-10
23:00,"0,00","5,70","61,00","0,80",Noreste 60°,"2,60",Noreste 50°,"5,70","6,00",2024-12-10
00:00,"0,00","4,30","80,00","1,10",Este 90°,"2,10",Este 100°,"4,10","5,10",2024-12-11
01:00,"0,00","5,20","65,00","0,80",Noreste 60°,"2,10",Noreste 50°,"5,10","5,40",2024-12-11
02:00,"0,00","4,90","67,00","0,10",Norte 340°,"1,50",Noreste 50°,"4,80","5,20",2024-12-11
03:00,"0,00","4,70","68,00","1,20",Noreste 50°,"2,10",Este 70°,"4,60","4,80",2024-12-11
04:00,"0,00","4,50","70,00","0,40",Norte 20°,"1,50",Noreste 50°,"4,50","4,70",2024-12-11
05:00,"0,00","4,60","69,00","1,50",Norte 340°,"2,10",Norte 350°,"4,50","4,70",2024-12-11
06:00,"0,00","4,70","68,00","2,00",Norte 340°,"3,60",Norte 340°,"4,60","4,80",2024-12-11
07:00,"0,00","4,00","75,00","0,20",Noreste 30°,"2,60",Noreste 40°,"4,00","4,60",2024-12-11
08:00,"0,00","3,50","79,00","0,10",Noroeste 330°,"1,50",Noroeste 310°,"3,50","4,00",2024-12-11
09:00,"0,00","3,60","79,00","0,00",,"1,50",Norte 350°,"3,40","3,60",2024-12-11
10:00,"0,00","4,60","77,00","1,20",Norte 350°,"2,10",Norte 360°,"3,60","4,70",2024-12-11
11:00,"0,00","6,80","64,00","1,40",Norte 10°,"2,60",Noreste 30°,"4,70","7,00",2024-12-11
12:00,"0,00","8,00","55,00","2,00",Norte 20°,"4,10",Norte 350°,"7,00","8,20",2024-12-11
13:00,"0,00","8,60","52,00","1,90",Norte 360°,"3,60",Noreste 30°,"8,10","8,70",2024-12-11
14:00,"0,00","8,10","54,00","2,80",Norte 350°,"6,20",Norte 340°,"8,00","8,70",2024-12-11
15:00,"0,00","7,90","56,00","0,70",Noreste 30°,"3,60",Norte 10°,"7,90","8,10",2024-12-11
16:00,"0,00","7,60","58,00","1,40",Noreste 30°,"3,60",Noreste 40°,"7,60","7,90",2024-12-11
17:00,"0,00","7,30","60,00","1,20",Noreste 30°,"3,60",Noreste 30°,"7,20","7,60",2024-12-11
18:00,"0,00","6,50","64,00","1,20",Noreste 30°,"3,10",Norte 20°,"6,50","7,20",2024-12-11
19:00,"0,00","6,40","62,00","2,00",Noreste 40°,"4,10",Noreste 40°,"6,30","6,40",2024-12-11
20:00,"0,00","6,30","63,00","1,00",Noreste 50°,"3,10",Norte 10°,"6,30","6,40",2024-12-11
21:00,"0,00","6,10","65,00","0,20",Norte 360°,"3,10",Este 80°,"6,10","6,30",2024-12-11
22:00,"0,00","5,90","68,00","0,20",Noreste 50°,"3,10",Norte 360°,"5,90","6,10",2024-12-11
23:00,"0,00","5,20","73,00","0,80",Norte 10°,"3,10",Este 80°,"5,10","5,90",2024-12-11
00:00,"0,00","5,20","81,00","0,80",Norte 340°,"2,10",Norte 340°,"4,90","5,70",2024-12-12
01:00,"0,00","2,80","88,00","0,90",Norte 360°,"1,50",Norte 360°,"2,70","4,10",2024-12-12
02:00,"0,00","1,90","93,00","1,00",Noroeste 330°,"2,10",Norte 350°,"1,80","2,50",2024-12-12
03:00,"0,00","1,10","96,00","1,20",Noroeste 330°,"1,50",Norte 340°,"1,00","1,80",2024-12-12
04:00,"0,00","0,80","98,00","1,20",Norte 340°,"2,10",Norte 340°,"0,70","1,70",2024-12-12
05:00,"0,00","0,50","97,00","1,00",Norte 360°,"2,60",Norte 360°,"0,40","1,00",2024-12-12
06:00,"0,00","0,20","98,00","0,00",,"2,60",Norte 360°,"0,10","1,10",2024-12-12
07:00,"0,00","1,20","100,00","0,00",,"1,00",Sur 170°,"0,20","1,20",2024-12-12
08:00,"0,00","1,80","97,00","1,30",Noroeste 330°,"1,50",Noroeste 320°,"1,20","1,80",2024-12-12
09:00,"0,00","2,30","96,00","1,30",Noreste 30°,"2,60",Norte 340°,"1,70","2,30",2024-12-12
10:00,"0,00","3,80","91,00","1,60",Norte 350°,"2,60",Norte 360°,"2,30","3,90",2024-12-12
11:00,"0,00","5,00","86,00","0,10",Norte 350°,"2,10",Norte 10°,"3,90","5,20",2024-12-12
12:00,"0,00","7,60","74,00","1,50",Norte 350°,"2,60",Norte 340°,"5,30","7,70",2024-12-12
13:00,"0,00","9,50","64,00","2,20",Norte 360°,"4,10",Norte 10°,"7,70","9,90",2024-12-12
14:00,"0,00","10,80","56,00","2,40",Norte 10°,"4,60",Noreste 30°,"8,90","11,00",2024-12-12
15:00,"0,00","11,40","53,00","2,00",Noreste 50°,"5,10",Norte 10°,"10,70","11,70",2024-12-12
16:00,"0,00","10,10","54,00","0,20",Noroeste 330°,"2,60",Noroeste 330°,"9,70","10,70",2024-12-12
17:00,"0,00","11,20","52,00","0,30",Sureste 150°,"2,60",Norte 20°,"10,40","11,40",2024-12-12
18:00,"0,00","8,40","65,00","1,00",Este 110°,"2,10",Este 100°,"8,30","11,50",2024-12-12
19:00,"0,00","7,20","67,00","1,60",Sur 170°,"3,10",Sur 190°,"6,90","8,30",2024-12-12
20:00,"0,00","6,70","70,00","1,10",Noreste 50°,"2,10",Noreste 50°,"6,70","7,00",2024-12-12
21:00,"0,00","6,60","72,00","1,70",Norte 10°,"2,60",Norte 20°,"6,50","6,90",2024-12-12
22:00,"0,00","6,10","75,00","2,00",Norte 10°,"3,60",Noroeste 330°,"6,10","6,50",2024-12-12
23:00,"0,00","5,60","77,00","0,10",Norte 350°,"2,10",Norte 10°,"5,40","6,10",2024-12-12
00:00,"0,00","2,40","99,00","1,20",Sureste 120°,"2,10",Este 110°,"2,00","2,90",2024-12-13
01:00,"0,00","5,30","83,00","0,00",,"1,50",Norte 340°,"5,20","5,30",2024-12-13
02:00,"0,00","5,10","83,00","1,10",Norte 10°,"1,50",Norte 10°,"5,10","5,40",2024-12-13
03:00,"0,00","5,10","83,00","0,50",Noroeste 310°,"2,10",Norte 350°,"5,10","5,10",2024-12-13
04:00,"0,00","4,90","87,00","0,00",,"1,50",Noroeste 320°,"4,90","5,00",2024-12-13
05:00,"0,00","5,10","87,00","0,10",Norte 350°,"1,50",Norte 360°,"5,00","5,20",2024-12-13
06:00,"0,10","4,90","93,00","1,10",Norte 360°,"2,10",Norte 360°,"4,90","5,20",2024-12-13
07:00,"0,00","4,60","96,00","1,30",Noreste 40°,"2,10",Norte 360°,"4,50","4,90",2024-12-13
08:00,"0,00","4,80","98,00","0,20",Norte 340°,"2,10",Noroeste 310°,"4,60","4,90",2024-12-13
09:00,"0,00","4,70","97,00","1,10",Norte 10°,"1,50",Norte 20°,"4,70","5,00",2024-12-13
10:00,"0,00","5,70","97,00","0,00",,"2,10",Norte 10°,"4,60","5,80",2024-12-13
11:00,"0,00","6,90","86,00","0,60",Sur 200°,"3,10",Sur 200°,"5,80","6,90",2024-12-13
12:00,"0,20","7,20","86,00","2,20",Sur 200°,"4,10",Suroeste 210°,"6,80","7,20",2024-12-13
13:00,"0,00","8,00","80,00","0,60",Sur 180°,"6,20",Suroeste 210°,"7,20","8,10",2024-12-13
14:00,"0,00","8,80","78,00","3,00",Suroeste 210°,"6,20",Suroeste 220°,"8,10","8,80",2024-12-13
15:00,"0,00","9,30","73,00","1,00",Norte 10°,"5,70",Suroeste 210°,"8,80","9,70",2024-12-13
16:00,"0,00","8,90","77,00","0,90",Noreste 40°,"2,10",Norte 360°,"8,90","9,20",2024-12-13
17:00,"0,00","9,00","62,00","3,20",Suroeste 210°,"6,70",Suroeste 220°,"8,80","9,00",2024-12-13
18:00,"0,00","8,80","65,00","2,80",Suroeste 210°,"5,70",Sur 190°,"8,80","9,00",2024-12-13
19:00,"0,00","8,10","71,00","1,50",Suroeste 210°,"4,60",Suroeste 210°,"8,10","8,80",2024-12-13
20:00,"0,00","6,00","80,00","0,30",Oeste 270°,"4,10",Suroeste 220°,"6,00","8,10",2024-12-13
21:00,"0,00","5,10","84,00","0,50",Noreste 30°,"2,10",Suroeste 230°,"5,10","6,00",2024-12-13
22:00,"0,00","3,50","93,00","1,50",Norte 360°,"2,10",Norte 360°,"3,40","5,00",2024-12-13
23:00,"0,00","2,60","95,00","0,00",,"1,50",Norte 360°,"2,40","3,60",2024-12-13
00:00,"0,00","-0,40","100,00","0,00",,"2,10",Noreste 50°,"-0,60","0,20",2024-12-14
01:00,"0,00","1,50","100,00","1,20",Norte 340°,"3,10",Norte 10°,"1,40","2,50",2024-12-14
02:00,"0,00","0,60","100,00","1,50",Norte 10°,"2,10",Norte 10°,"0,50","1,40",2024-12-14
03:00,"0,00","0,20","100,00","1,30",Norte 340°,"2,10",Norte 340°,"0,10","0,70",2024-12-14
04:00,"0,00","-0,60","100,00","0,10",Noroeste 330°,"2,10",Noroeste 330°,"-0,70","0,30",2024-12-14
05:00,"0,00","-0,80","100,00","1,60",Norte 360°,"2,10",Norte 360°,"-0,90","-0,60",2024-12-14
06:00,"0,00","-1,00","100,00","1,30",Norte 340°,"2,10",Norte 340°,"-1,20","-0,80",2024-12-14
07:00,"0,00","-0,90","100,00","1,80",Norte 10°,"2,10",Norte 360°,"-1,40","-0,90",2024-12-14
08:00,"0,00","-0,10","100,00","0,70",Norte 10°,"2,10",Norte 10°,"-0,90","-0,10",2024-12-14
09:00,"0,00","0,20","100,00","0,00",,"2,10",Norte 10°,"-0,10","0,30",2024-12-14
10:00,"0,00","1,70","100,00","0,80",Suroeste 240°,"2,60",Suroeste 230°,"0,30","1,80",2024-12-14
11:00,"0,00","2,60","100,00","0,50",Sureste 120°,"2,10",Sur 160°,"1,80","2,60",2024-12-14
12:00,"0,00","3,40","100,00","0,10",Norte 360°,"1,00",Norte 360°,"2,60","3,40",2024-12-14
13:00,"0,00","4,10","100,00","0,30",Noroeste 310°,"1,50",Noroeste 300°,"3,40","4,20",2024-12-14
14:00,"0,00","5,20","92,00","0,80",Este 90°,"2,60",Este 90°,"4,30","5,30",2024-12-14
15:00,"0,00","7,00","83,00","1,70",Suroeste 230°,"4,10",Suroeste 230°,"5,30","7,10",2024-12-14
16:00,"0,00","8,30","74,00","1,10",Sur 190°,"3,10",Suroeste 210°,"6,80","8,40",2024-12-14
17:00,"0,00","8,80","71,00","0,00",,"3,10",Suroeste 230°,"8,30","9,20",2024-12-14
18:00,"0,00","5,20","84,00","0,00",,"1,50",Suroeste 230°,"4,90","9,20",2024-12-14
19:00,"0,00","3,40","94,00","1,60",Norte 10°,"2,10",Noreste 40°,"3,30","4,90",2024-12-14
20:00,"0,00","2,80","97,00","1,90",Noroeste 300°,"2,60",Noroeste 300°,"2,50","3,40",2024-12-14
21:00,"0,00","1,70","97,00","1,00",Noreste 40°,"2,60",Noroeste 320°,"1,60","3,10",2024-12-14
22:00,"0,00","1,50","100,00","0,90",Norte 20°,"2,60",Norte 340°,"1,20","2,10",2024-12-14
23:00,"0,00","0,20","100,00","1,10",Norte 340°,"2,60",Noreste 30°,"0,10","1,30",2024-12-14
00:00,"0,00","1,40","89,00","0,60",Este 70°,"2,10",Este 100°,"1,20","3,20",2024-12-15
01:00,"0,00","-0,70","100,00","0,00",,"0,00",,"-0,80","-0,30",2024-12-15
02:00,"0,00","-1,20","100,00","0,00",,"0,00",,"-1,20","-0,80",2024-12-15
03:00,"0,00","-1,80","100,00","0,00",,"0,00",,"-1,90","-1,10",2024-12-15
04:00,"0,00","-1,90","100,00","0,00",,"0,00",,"-2,20","-1,80",2024-12-15
05:00,"0,00","-2,10","100,00","1,10",Sureste 140°,"3,10",Norte 340°,"-2,40","-1,90",2024-12-15
06:00,"0,00","-2,40","100,00","1,50",Norte 360°,"2,60",Noroeste 320°,"-2,60","-2,20",2024-12-15
07:00,"0,00","-2,70","99,00","2,00",Norte 10°,"3,10",Norte 360°,"-2,80","-2,40",2024-12-15
08:00,"0,00","-2,90","98,00","0,90",Norte 10°,"3,60",Este 90°,"-3,20","-2,50",2024-12-15
09:00,"0,00","-2,80","99,00","0,20",Noreste 50°,"2,60",Oeste 250°,"-3,20","-2,80",2024-12-15
10:00,"0,00","0,20","99,00","2,00",Sur 170°,"3,60",Suroeste 220°,"-2,80","0,40",2024-12-15
11:00,"0,00","3,40","82,00","2,00",Sureste 150°,"3,60",Sureste 130°,"0,40","3,80",2024-12-15
12:00,"0,00","6,10","70,00","1,20",Sur 190°,"3,60",Sureste 130°,"3,80","6,50",2024-12-15
13:00,"0,00","8,80","61,00","0,80",Sur 180°,"3,60",Sureste 140°,"6,60","9,10",2024-12-15
14:00,"0,00","10,60","53,00","1,30",Sur 190°,"3,60",Sur 190°,"9,10","10,70",2024-12-15
15:00,"0,00","11,50","49,00","0,20",Suroeste 220°,"3,60",Oeste 250°,"10,50","11,60",2024-12-15
16:00,"0,00","12,10","49,00","1,10",Sur 170°,"3,10",Norte 10°,"11,30","12,20",2024-12-15
17:00,"0,00","11,90","55,00","0,00",,"3,10",Oeste 250°,"11,30","13,20",2024-12-15
18:00,"0,00","7,40","69,00","0,10",Sureste 150°,"2,60",Sur 180°,"7,10","11,40",2024-12-15
19:00,"0,00","5,60","73,00","1,50",Noroeste 310°,"2,10",Noroeste 310°,"5,00","7,00",2024-12-15
20:00,"0,00","5,10","74,00","3,70",Norte 340°,"5,10",Norte 350°,"5,00","5,80",2024-12-15
21:00,"0,00","4,60","76,00","2,40",Noroeste 320°,"7,20",Norte 360°,"4,50","6,00",2024-12-15
22:00,"0,00","3,50","81,00","0,80",Norte 20°,"4,10",Norte 340°,"3,30","4,50",2024-12-15
23:00,"0,00","3,30","81,00","0,10",Suroeste 220°,"2,60",Suroeste 230°,"3,20","3,90",2024-12-15
00:00,"0,00","0,70","85,00","1,80",Norte 340°,"2,60",Norte 350°,"0,60","1,20",2024-12-16
01:00,"0,00","1,90","89,00","1,90",Este 70°,"3,10",Noreste 50°,"1,20","2,10",2024-12-16
02:00,"0,00","1,00","89,00","1,00",Oeste 280°,"3,10",Noreste 50°,"0,50","2,10",2024-12-16
03:00,"0,00","0,90","91,00","2,90",Norte 340°,"4,10",Norte 340°,"0,30","0,90",2024-12-16
04:00,"0,00","0,50","93,00","2,90",Norte 340°,"5,10",Noroeste 310°,"0,00","0,90",2024-12-16
05:00,"0,00","-0,20","91,00","2,40",Noroeste 330°,"4,60",Norte 340°,"-0,30","0,60",2024-12-16
06:00,"0,00","-1,50","95,00","1,60",Norte 10°,"3,60",Norte 350°,"-1,60","-0,30",2024-12-16
07:00,"0,00","-1,70","99,00","1,50",Noroeste 330°,"2,10",Noroeste 330°,"-1,90","-1,60",2024-12-16
08:00,"0,00","-1,80","97,00","1,40",Noroeste 320°,"2,60",Noroeste 320°,"-1,80","-1,10",2024-12-16
09:00,"0,00","-1,80","97,00","2,00",Noroeste 330°,"3,60",Noroeste 310°,"-2,20","-1,60",2024-12-16
10:00,"0,00","0,50","91,00","1,10",Norte 10°,"3,10",Noroeste 330°,"-1,70","0,60",2024-12-16
11:00,"0,00","2,70","83,00","1,10",Noroeste 300°,"2,60",Oeste 270°,"0,50","2,90",2024-12-16
12:00,"0,00","5,90","74,00","1,80",Oeste 270°,"3,60",Oeste 260°,"2,90","6,20",2024-12-16
13:00,"0,00","8,90","63,00","2,70",Norte 350°,"3,60",Norte 360°,"6,20","9,10",2024-12-16
14:00,"0,00","11,00","52,00","2,40",Noreste 50°,"5,10",Norte 10°,"9,20","11,20",2024-12-16
15:00,"0,00","11,80","46,00","1,60",Este 110°,"4,10",Este 80°,"11,10","12,00",2024-12-16
16:00,"0,00","12,20","46,00","0,60",Noreste 40°,"3,60",Este 100°,"11,80","12,70",2024-12-16
17:00,"0,00","11,10","52,00","0,50",Noreste 40°,"3,60",Noreste 40°,"10,90","12,70",2024-12-16
18:00,"0,00","7,70","64,00","1,50",Norte 360°,"1,50",Norte 360°,"7,70","10,90",2024-12-16
19:00,"0,00","5,70","67,00","2,00",Noroeste 330°,"2,60",Norte 340°,"5,70","7,60",2024-12-16
20:00,"0,00","4,30","70,00","1,80",Norte 340°,"2,60",Norte 340°,"4,20","6,00",2024-12-16
21:00,"0,00","3,00","77,00","1,20",Norte 340°,"3,10",Norte 340°,"2,70","4,30",2024-12-16
22:00,"0,00","2,30","80,00","1,80",Norte 360°,"3,10",Norte 340°,"2,10","3,00",2024-12-16
23:00,"0,00","1,20","83,00","1,80",Norte 350°,"3,10",Noroeste 330°,"1,20","2,10",2024-12-16
00:00,"0,00","2,80","87,00","2,50",Noroeste 310°,"3,10",Noroeste 310°,"2,70","3,40",2024-12-17
01:00,"0,00","0,00","86,00","1,60",Norte 350°,"2,60",Norte 350°,"0,00","0,70",2024-12-17
02:00,"0,00","-0,50","89,00","1,10",Norte 350°,"2,60",Norte 340°,"-0,60","-0,10",2024-12-17
03:00,"0,00","-1,60","92,00","0,50",Noroeste 330°,"2,10",Norte 360°,"-1,60","-0,70",2024-12-17
04:00,"0,00","-1,90","94,00","0,90",Noreste 30°,"2,10",Norte 20°,"-1,90","-1,50",2024-12-17
05:00,"0,00","-1,80","96,00","1,00",Norte 340°,"2,10",Norte 350°,"-2,00","-1,70",2024-12-17
06:00,"0,00","-1,90","95,00","1,60",Norte 340°,"2,10",Norte 340°,"-1,90","-1,60",2024-12-17
07:00,"0,00","-2,10","94,00","0,30",Norte 20°,"2,10",Norte 360°,"-2,20","-1,80",2024-12-17
08:00,"0,00","-2,50","93,00","2,00",Noroeste 330°,"2,60",Noroeste 320°,"-2,60","-2,30",2024-12-17
09:00,"0,00","-2,20","94,00","1,80",Norte 10°,"2,60",Norte 10°,"-2,60","-2,20",2024-12-17
10:00,"0,00","-0,50","88,00","1,80",Norte 360°,"2,60",Norte 360°,"-2,10","-0,30",2024-12-17
11:00,"0,00","2,60","77,00","0,40",Norte 360°,"2,60",Norte 10°,"-0,20","2,80",2024-12-17
12:00,"0,00","5,80","67,00","0,20",Norte 360°,"3,60",Oeste 280°,"2,90","6,00",2024-12-17
13:00,"0,00","7,80","60,00","0,20",Sur 190°,"2,60",Oeste 250°,"6,10","7,90",2024-12-17
14:00,"0,00","9,60","57,00","0,80",Sur 190°,"3,10",Sur 180°,"7,90","9,70",2024-12-17
15:00,"0,00","10,90","54,00","1,30",Sur 200°,"3,60",Sureste 140°,"9,70","11,00",2024-12-17
16:00,"0,00","11,70","51,00","0,20",Norte 360°,"3,10",Oeste 250°,"10,90","11,90",2024-12-17
17:00,"0,00","10,70","60,00","0,00",,"1,50",Suroeste 230°,"10,50","11,50",2024-12-17
18:00,"0,00","7,80","70,00","0,00",,"1,50",Este 90°,"7,80","11,00",2024-12-17
19:00,"0,00","6,10","75,00","0,60",Este 90°,"1,50",Este 70°,"6,00","7,70",2024-12-17
20:00,"0,00","5,60","75,00","0,10",Oeste 290°,"2,10",Oeste 280°,"5,00","6,10",2024-12-17
21:00,"0,00","4,70","78,00","2,10",Norte 340°,"2,60",Norte 350°,"4,60","5,50",2024-12-17
22:00,"0,00","3,80","83,00","1,40",Norte 340°,"2,60",Norte 360°,"3,60","4,70",2024-12-17
23:00,"0,00","3,30","86,00","1,90",Norte 350°,"2,60",Norte 360°,"3,00","3,60",2024-12-17
00:00,"0,00","4,10","88,00","0,60",Norte 340°,"2,60",Norte 350°,"4,10","4,50",2024-12-18
01:00,"0,00","2,40","90,00","1,60",Norte 20°,"2,60",Noroeste 330°,"2,30","2,70",2024-12-18
02:00,"0,00","2,10","92,00","1,40",Noroeste 330°,"2,10",Noroeste 310°,"2,00","2,30",2024-12-18
03:00,"0,00","1,50","93,00","1,40",Noreste 30°,"3,10",Noroeste 320°,"1,40","2,10",2024-12-18
04:00,"0,00","1,10","95,00","1,00",Noroeste 330°,"2,60",Norte 10°,"1,00","1,40",2024-12-18
05:00,"0,00","0,70","97,00","1,40",Norte 350°,"2,10",Noroeste 310°,"0,60","1,00",2024-12-18
06:00,"0,00","0,20","99,00","1,50",Norte 10°,"2,10",Norte 360°,"0,20","0,70",2024-12-18
07:00,"0,00","0,10","100,00","1,50",Norte 360°,"2,10",Norte 350°,"-0,30","0,20",2024-12-18
08:00,"0,00","-0,20","99,00","0,00",,"2,60",Norte 350°,"-0,20","0,10",2024-12-18
09:00,"0,00","-0,70","100,00","1,20",Norte 10°,"2,10",Noreste 40°,"-0,90","-0,30",2024-12-18
10:00,"0,00","1,30","99,00","0,70",Norte 350°,"2,60",Norte 360°,"-0,80","1,30",2024-12-18
11:00,"0,00","3,40","86,00","1,00",Noroeste 300°,"2,60",Noroeste 320°,"1,40","3,60",2024-12-18
12:00,"0,00","6,40","75,00","0,70",Noroeste 330°,"3,10",Oeste 270°,"3,70","6,80",2024-12-18
13:00,"0,00","9,40","65,00","0,70",Sur 200°,"3,60",Suroeste 240°,"6,80","9,50",2024-12-18
14:00,"0,00","10,20","61,00","1,00",Suroeste 210°,"3,60",Suroeste 230°,"9,20","10,20",2024-12-18
15:00,"0,00","11,80","53,00","0,60",Suroeste 220°,"4,10",Oeste 260°,"10,10","11,90",2024-12-18
16:00,"0,00","12,30","55,00","0,10",Noreste 60°,"2,10",Suroeste 210°,"12,00","13,00",2024-12-18
17:00,"0,00","11,40","64,00","0,00",,"2,10",Noreste 30°,"11,30","12,00",2024-12-18
18:00,"0,00","9,20","70,00","1,10",Sur 180°,"3,10",Sureste 140°,"9,10","11,30",2024-12-18
19:00,"0,00","7,70","73,00","1,40",Sur 200°,"3,60",Sur 180°,"7,50","8,90",2024-12-18
20:00,"0,00","6,70","75,00","0,40",Sur 170°,"4,10",Sur 200°,"6,40","8,20",2024-12-18
21:00,"0,00","5,10","83,00","0,00",,"2,10",Sureste 130°,"4,80","7,00",2024-12-18
22:00,"0,00","4,40","86,00","1,30",Norte 360°,"2,10",Norte 10°,"4,30","5,60",2024-12-18
23:00,"0,00","4,50","87,00","1,80",Norte 350°,"2,60",Norte 360°,"4,10","4,50",2024-12-18
00:00,"0,00","6,40","65,00","2,50",Norte 10°,"6,70",Norte 10°,"6,30","7,30",2024-12-19
01:00,"0,00","3,80","90,00","1,50",Norte 350°,"2,60",Norte 10°,"3,70","4,10",2024-12-19
02:00,"0,00","3,40","90,00","1,50",Norte 340°,"3,10",Norte 350°,"3,30","3,70",2024-12-19
03:00,"0,00","2,90","93,00","1,80",Norte 360°,"2,60",Norte 350°,"2,90","3,30",2024-12-19
04:00,"0,00","2,90","95,00","1,10",Norte 10°,"3,10",Norte 350°,"2,80","2,90",2024-12-19
05:00,"0,00","2,80","93,00","0,00",,"3,10",Norte 340°,"2,70","3,00",2024-12-19
06:00,"0,00","2,70","96,00","1,90",Norte 340°,"4,10",Norte 360°,"2,50","2,80",2024-12-19
07:00,"0,00","3,90","93,00","2,80",Norte 350°,"3,60",Norte 340°,"2,80","4,00",2024-12-19
08:00,"0,00","4,60","90,00","0,60",Noroeste 330°,"2,60",Norte 340°,"4,00","4,60",2024-12-19
09:00,"0,00","4,70","95,00","1,00",Norte 10°,"2,60",Norte 360°,"4,60","4,80",2024-12-19
10:00,"0,00","6,90","95,00","4,10",Sur 170°,"6,70",Sur 180°,"4,70","7,40",2024-12-19
11:00,"0,00","9,70","87,00","1,40",Este 100°,"6,70",Suroeste 220°,"7,60","10,10",2024-12-19
12:00,"0,00","10,10","90,00","1,80",Oeste 250°,"6,20",Oeste 250°,"8,50","10,80",2024-12-19
13:00,"0,00","13,30","78,00","5,60",Suroeste 230°,"10,30",Suroeste 240°,"10,90","13,30",2024-12-19
14:00,"0,00","14,00","73,00","6,70",Suroeste 210°,"11,30",Suroeste 210°,"13,40","14,30",2024-12-19
15:00,"0,00","15,40","66,00","4,50",Suroeste 220°,"11,80",Suroeste 220°,"14,40","15,50",2024-12-19
16:00,"0,00","15,70","63,00","4,70",Suroeste 240°,"10,80",Suroeste 240°,"15,50","15,70",2024-12-19
17:00,"0,00","14,20","61,00","6,30",Oeste 280°,"10,30",Oeste 250°,"14,00","16,00",2024-12-19
18:00,"0,00","12,20","68,00","3,90",Oeste 270°,"7,70",Oeste 270°,"12,00","13,90",2024-12-19
19:00,"0,00","10,30","75,00","2,00",Norte 340°,"5,10",Oeste 250°,"10,20","12,00",2024-12-19
20:00,"0,00","10,10","65,00","4,30",Norte 340°,"7,20",Noroeste 330°,"9,60","10,40",2024-12-19
21:00,"0,00","9,30","63,00","3,00",Norte 10°,"6,70",Norte 360°,"9,20","9,90",2024-12-19
22:00,"0,00","8,10","64,00","0,80",Norte 350°,"4,10",Norte 340°,"7,90","9,20",2024-12-19
23:00,"0,00","7,20","62,00","5,40",Norte 10°,"8,80",Norte 350°,"7,10","7,90",2024-12-19
00:00,"0,00","2,00","82,00","0,70",Sureste 120°,"3,60",Sureste 120°,"1,70","2,50",2024-12-20
01:00,"0,00","5,60","65,00","4,30",Norte 360°,"6,70",Norte 20°,"5,20","6,30",2024-12-20
02:00,"0,00","5,60","63,00","3,80",Norte 10°,"7,20",Norte 360°,"5,50","5,80",2024-12-20
03:00,"0,00","5,50","62,00","3,50",Norte 10°,"7,20",Norte 10°,"5,40","5,60",2024-12-20
04:00,"0,00","5,20","62,00","2,80",Norte 360°,"6,20",Norte 350°,"5,20","5,80",2024-12-20
05:00,"0,00","3,00","71,00","2,20",Sureste 150°,"3,60",Noreste 30°,"2,90","5,10",2024-12-20
06:00,"0,00","1,80","77,00","0,30",Oeste 280°,"2,60",Este 90°,"1,80","3,10",2024-12-20
07:00,"0,00","1,90","75,00","2,90",Norte 340°,"4,10",Norte 340°,"1,50","2,50",2024-12-20
08:00,"0,00","1,80","75,00","1,40",Sur 190°,"3,60",Norte 340°,"1,30","2,30",2024-12-20
09:00,"0,00","2,80","75,00","2,00",Norte 340°,"6,20",Norte 360°,"1,90","3,30",2024-12-20
10:00,"0,00","4,90","69,00","0,70",Norte 360°,"3,10",Sur 190°,"2,10","5,00",2024-12-20
11:00,"0,00","6,70","64,00","3,60",Norte 340°,"5,10",Noroeste 310°,"5,10","6,90",2024-12-20
12:00,"0,00","8,20","55,00","3,30",Noroeste 320°,"6,20",Noroeste 310°,"6,90","8,30",2024-12-20
13:00,"0,00","9,50","51,00","2,70",Noroeste 300°,"5,70",Noroeste 330°,"8,30","9,70",2024-12-20
14:00,"0,00","11,00","47,00","4,70",Norte 350°,"7,20",Norte 350°,"9,50","11,10",2024-12-20
15:00,"0,00","11,70","45,00","3,40",Norte 10°,"7,70",Norte 360°,"10,80","11,90",2024-12-20
16:00,"0,00","11,60","47,00","4,10",Norte 350°,"6,20",Norte 350°,"11,50","11,90",2024-12-20
17:00,"0,00","10,60","49,00","4,50",Norte 350°,"7,20",Norte 340°,"10,50","11,90",2024-12-20
18:00,"0,00","8,30","57,00","3,20",Norte 350°,"6,20",Norte 340°,"8,10","10,60",2024-12-20
19:00,"0,00","7,00","62,00","3,60",Norte 350°,"5,70",Norte 360°,"6,90","8,10",2024-12-20
20:00,"0,00","6,30","65,00","3,10",Norte 360°,"5,70",Norte 10°,"6,20","6,90",2024-12-20
21:00,"0,00","4,40","71,00","0,40",Sureste 140°,"4,10",Norte 360°,"4,20","6,20",2024-12-20
22:00,"0,00","3,20","79,00","0,00",,"1,50",Norte 340°,"3,10","4,20",2024-12-20
23:00,"0,00","2,50","82,00","1,30",Noreste 40°,"2,10",Noreste 40°,"2,10","3,10",2024-12-20
00:00,"0,00","1,20","83,00","0,30",Sureste 150°,"2,60",Norte 340°,"1,20","2,00",2024-12-21
01:00,"0,00","0,50","88,00","1,10",Este 70°,"2,10",Este 80°,"0,30","1,50",2024-12-21
02:00,"0,00","-0,60","92,00","1,60",Norte 350°,"2,10",Norte 10°,"-0,70","0,30",2024-12-21
03:00,"0,00","-1,40","94,00","1,70",Norte 360°,"2,60",Norte 350°,"-1,60","-0,70",2024-12-21
04:00,"0,00","-2,00","89,00","2,10",Noroeste 320°,"3,60",Norte 340°,"-2,20","-1,10",2024-12-21
05:00,"0,00","-2,00","90,00","1,80",Noroeste 330°,"3,10",Norte 340°,"-2,20","-1,60",2024-12-21
06:00,"0,00","-2,30","95,00","2,20",Norte 350°,"3,10",Norte 340°,"-2,40","-2,00",2024-12-21
07:00,"0,00","-2,60","95,00","1,90",Norte 360°,"2,10",Norte 360°,"-2,60","-2,20",2024-12-21
08:00,"0,00","-2,70","92,00","2,50",Noroeste 310°,"3,10",Noroeste 320°,"-2,80","-2,50",2024-12-21
09:00,"0,00","-3,00","93,00","1,50",Norte 340°,"3,10",Noroeste 310°,"-3,10","-2,60",2024-12-21
10:00,"0,00","-0,80","88,00","2,00",Norte 360°,"2,60",Norte 350°,"-3,10","-0,70",2024-12-21
11:00,"0,00","1,40","78,00","2,60",Norte 360°,"3,60",Norte 360°,"-0,60","1,60",2024-12-21
12:00,"0,00","4,50","68,00","1,10",Norte 10°,"3,60",Noroeste 330°,"1,70","4,70",2024-12-21
13:00,"0,00","7,70","62,00","1,00",Noroeste 300°,"3,60",Oeste 270°,"4,60","7,90",2024-12-21
14:00,"0,00","9,20","52,00","1,50",Oeste 270°,"3,60",Oeste 250°,"7,70","9,30",2024-12-21
15:00,"0,00","10,40","48,00","1,10",Oeste 280°,"3,60",Oeste 260°,"9,20","10,50",2024-12-21
16:00,"0,00","11,30","46,00","0,70",Sureste 130°,"4,10",Oeste 250°,"10,60","11,40",2024-12-21
17:00,"0,00","12,60","43,00","0,90",Oeste 250°,"3,60",Suroeste 220°,"11,30","12,70",2024-12-21
18:00,"0,00","8,10","62,00","0,00",,"2,60",Oeste 260°,"7,80","12,20",2024-12-21
19:00,"0,00","6,30","66,00","1,40",Norte 350°,"2,60",Noroeste 300°,"5,70","7,70",2024-12-21
20:00,"0,00","4,40","74,00","0,30",Norte 350°,"2,10",Noroeste 320°,"4,30","6,60",2024-12-21
21:00,"0,00","4,20","73,00","0,50",Norte 10°,"3,10",Noroeste 330°,"3,90","4,80",2024-12-21
22:00,"0,00","2,90","77,00","0,30",Norte 340°,"3,10",Norte 360°,"2,70","3,80",2024-12-21
23:00,"0,00","1,90","81,00","2,10",Norte 340°,"2,60",Norte 340°,"1,80","2,70",2024-12-21
00:00,"0,00","4,00","81,00","0,40",Sureste 120°,"5,70",Noroeste 300°,"2,70","5,10",2024-12-22
01:00,"0,00","0,60","87,00","1,80",Norte 10°,"3,10",Norte 350°,"0,50","1,10",2024-12-22
02:00,"0,00","0,10","90,00","1,60",Norte 360°,"2,60",Norte 340°,"0,00","0,50",2024-12-22
03:00,"0,00","-0,40","93,00","1,70",Noroeste 320°,"2,60",Norte 350°,"-0,40","0,00",2024-12-22
04:00,"0,00","-0,80","95,00","1,60",Norte 360°,"3,10",Norte 10°,"-0,90","0,00",2024-12-22
05:00,"0,00","-1,20","95,00","1,30",Norte 10°,"2,60",Norte 360°,"-1,30","-0,80",2024-12-22
06:00,"0,00","-1,60","95,00","0,10",Norte 350°,"2,60",Norte 350°,"-1,60","-1,20",2024-12-22
07:00,"0,00","-1,80","97,00","2,10",Norte 360°,"2,60",Norte 360°,"-1,90","-1,60",2024-12-22
08:00,"0,00","-1,70","97,00","1,40",Sur 180°,"3,60",Suroeste 210°,"-1,80","-1,60",2024-12-22
09:00,"0,00","-1,50","97,00","1,00",Norte 10°,"3,60",Suroeste 230°,"-2,00","-1,20",2024-12-22
10:00,"0,00","0,00","95,00","0,20",Norte 20°,"2,60",Norte 360°,"-1,60","0,10",2024-12-22
11:00,"0,00","3,50","80,00","1,00",Este 90°,"2,60",Sureste 130°,"0,10","3,80",2024-12-22
12:00,"0,00","5,40","75,00","1,20",Suroeste 220°,"3,60",Suroeste 210°,"3,80","5,60",2024-12-22
13:00,"0,00","8,20","65,00","1,00",Suroeste 210°,"5,10",Suroeste 210°,"5,70","8,60",2024-12-22
14:00,"0,00","10,80","57,00","0,60",Sur 190°,"4,10",Suroeste 230°,"8,40","11,00",2024-12-22
15:00,"0,00","11,90","53,00","2,60",Sureste 140°,"4,10",Sur 190°,"11,10","12,00",2024-12-22
16:00,"0,00","13,60","49,00","1,00",Sureste 130°,"3,60",Sureste 140°,"11,90","13,60",2024-12-22
17:00,"0,00","12,30","58,00","2,70",Sureste 140°,"4,10",Sureste 150°,"12,10","13,70",2024-12-22
18:00,"0,00","10,50","63,00","1,30",Este 110°,"4,60",Sureste 130°,"9,90","12,10",2024-12-22
19:00,"0,00","7,80","69,00","1,60",Norte 20°,"3,60",Noreste 50°,"7,50","9,80",2024-12-22
20:00,"0,00","6,60","76,00","0,50",Noreste 60°,"3,10",Sureste 120°,"6,40","7,50",2024-12-22
21:00,"0,00","5,80","74,00","1,90",Sureste 130°,"3,60",Este 100°,"5,60","6,40",2024-12-22
22:00,"0,00","4,90","77,00","0,10",Suroeste 220°,"3,10",Sureste 140°,"4,70","5,60",2024-12-22
23:00,"0,00","3,50","83,00","1,50",Noreste 30°,"3,60",Este 70°,"3,30","4,80",2024-12-22
00:00,"0,00","5,10","64,00","1,30",Este 90°,"7,20",Norte 20°,"4,90","6,70",2024-12-23
01:00,"0,00","3,30","84,00","2,50",Sur 200°,"4,10",Norte 20°,"2,80","3,90",2024-12-23
02:00,"0,00","5,20","78,00","1,10",Oeste 280°,"3,60",Oeste 260°,"2,50","5,70",2024-12-23
03:00,"0,00","6,00","75,00","1,50",Norte 20°,"4,10",Norte 360°,"4,70","6,00",2024-12-23
04:00,"0,00","6,00","74,00","3,70",Noroeste 330°,"5,10",Noroeste 330°,"5,70","6,70",2024-12-23
05:00,"0,00","6,50","72,00","5,60",Norte 340°,"8,20",Norte 350°,"5,90","6,80",2024-12-23
06:00,"0,00","7,60","63,00","2,30",Noroeste 320°,"9,80",Norte 360°,"6,50","8,20",2024-12-23
07:00,"0,00","5,60","70,00","0,50",Este 90°,"6,70",Oeste 270°,"5,50","7,70",2024-12-23
08:00,"0,00","6,10","64,00","2,60",Noroeste 310°,"4,10",Norte 340°,"5,30","6,70",2024-12-23
09:00,"0,00","7,70","56,00","4,90",Noroeste 330°,"7,20",Norte 340°,"4,70","7,80",2024-12-23
10:00,"0,00","8,70","54,00","7,60",Norte 350°,"11,30",Norte 340°,"7,10","8,80",2024-12-23
11:00,"0,00","9,90","50,00","8,80",Norte 350°,"16,00",Norte 350°,"8,80","9,90",2024-12-23
12:00,"0,00","10,30","48,00","8,80",Norte 360°,"13,90",Norte 10°,"10,00","10,50",2024-12-23
13:00,"0,00","10,80","44,00","9,60",Norte 360°,"16,00",Norte 350°,"10,20","10,90",2024-12-23
14:00,"0,00","10,90","44,00","9,90",Norte 350°,"16,50",Norte 10°,"10,80","11,10",2024-12-23
15:00,"0,00","11,20","44,00","7,30",Norte 360°,"13,40",Norte 350°,"11,00","11,30",2024-12-23
16:00,"0,00","11,10","45,00","7,90",Norte 360°,"13,40",Norte 10°,"11,00","11,30",2024-12-23
17:00,"0,00","10,30","48,00","6,40",Norte 350°,"15,40",Norte 350°,"10,30","11,10",2024-12-23
18:00,"0,00","9,00","49,00","7,70",Norte 360°,"12,40",Norte 360°,"8,90","10,20",2024-12-23
19:00,"0,00","8,00","52,00","4,80",Norte 10°,"11,80",Noreste 40°,"7,90","8,90",2024-12-23
20:00,"0,00","7,50","54,00","5,10",Norte 10°,"10,30",Norte 10°,"7,40","8,10",2024-12-23
21:00,"0,00","7,00","58,00","3,40",Norte 10°,"7,70",Norte 10°,"6,90","7,40",2024-12-23
22:00,"0,00","6,80","59,00","3,40",Norte 20°,"7,70",Norte 10°,"6,80","6,90",2024-12-23
23:00,"0,00","6,70","58,00","4,60",Norte 10°,"9,80",Norte 360°,"6,70","7,10",2024-12-23
00:00,"0,00","6,80","81,00","2,00",Noroeste 310°,"3,10",Noroeste 330°,"6,80","7,00",2024-12-24
01:00,"0,00","4,70","64,00","1,60",Sur 170°,"4,10",Noreste 60°,"4,10","5,00",2024-12-24
02:00,"0,00","3,60","68,00","1,20",Este 70°,"3,60",Noreste 60°,"3,60","4,00",2024-12-24
03:00,"0,00","4,40","65,00","1,20",Este 110°,"5,70",Noreste 50°,"3,10","4,70",2024-12-24
04:00,"0,00","3,70","70,00","2,00",Noreste 30°,"3,60",Norte 10°,"3,60","4,50",2024-12-24
05:00,"0,00","3,30","72,00","2,60",Sur 180°,"3,60",Sur 190°,"2,70","3,80",2024-12-24
06:00,"0,00","2,80","77,00","1,90",Norte 360°,"5,10",Noreste 50°,"2,70","4,50",2024-12-24
07:00,"0,00","1,30","80,00","0,70",Norte 350°,"3,60",Norte 340°,"1,30","2,70",2024-12-24
08:00,"0,00","1,00","81,00","3,60",Norte 340°,"5,70",Norte 340°,"0,70","1,60",2024-12-24
09:00,"0,00","0,10","84,00","1,90",Noroeste 320°,"4,60",Norte 340°,"0,10","1,20",2024-12-24
10:00,"0,00","2,60","80,00","0,20",Norte 10°,"2,60",Noroeste 320°,"0,10","2,90",2024-12-24
11:00,"0,00","6,20","70,00","0,50",Suroeste 240°,"2,60",Norte 340°,"3,00","6,80",2024-12-24
12:00,"0,00","9,30","59,00","1,80",Sureste 150°,"3,60",Suroeste 230°,"6,70","9,40",2024-12-24
13:00,"0,00","10,20","58,00","1,60",Oeste 270°,"4,60",Oeste 250°,"9,30","10,60",2024-12-24
14:00,"0,00","12,30","55,00","2,40",Oeste 280°,"4,10",Oeste 270°,"10,50","12,50",2024-12-24
15:00,"0,00","13,90","51,00","2,80",Noroeste 320°,"4,10",Oeste 290°,"12,40","14,10",2024-12-24
16:00,"0,00","14,70","51,00","3,10",Noroeste 310°,"4,10",Noroeste 320°,"14,10","14,80",2024-12-24
17:00,"0,00","14,80","53,00","3,20",Norte 340°,"4,10",Norte 340°,"14,70","15,00",2024-12-24
18:00,"0,00","12,50","61,00","2,00",Norte 340°,"3,10",Norte 340°,"12,30","14,80",2024-12-24
19:00,"0,00","10,00","68,00","2,10",Norte 350°,"3,10",Norte 340°,"9,80","12,20",2024-12-24
20:00,"0,00","8,90","72,00","2,10",Norte 340°,"3,60",Norte 340°,"8,80","10,10",2024-12-24
21:00,"0,00","7,30","76,00","2,00",Noroeste 310°,"3,60",Norte 340°,"7,00","8,80",2024-12-24
22:00,"0,00","5,80","83,00","1,10",Norte 350°,"3,10",Noroeste 310°,"5,50","7,40",2024-12-24
23:00,"0,00","6,70","83,00","1,40",Noroeste 330°,"2,60",Noroeste 310°,"5,40","6,90",2024-12-24
00:00,"0,00","4,70","89,00","1,20",Norte 360°,"2,60",Norte 340°,"4,50","5,10",2024-12-25
01:00,"0,00","6,00","84,00","3,20",Noroeste 310°,"5,10",Noroeste 330°,"5,70","6,80",2024-12-25
02:00,"0,00","5,40","88,00","1,90",Norte 10°,"3,60",Noroeste 320°,"5,20","6,00",2024-12-25
03:00,"0,00","3,10","91,00","3,00",Noroeste 310°,"3,60",Noroeste 310°,"3,00","5,10",2024-12-25
04:00,"0,00","3,00","90,00","1,60",Noroeste 320°,"3,10",Noroeste 320°,"2,90","4,40",2024-12-25
05:00,"0,00","2,60","96,00","1,80",Norte 340°,"3,10",Norte 350°,"2,50","3,50",2024-12-25
06:00,"0,00","2,50","94,00","3,30",Noroeste 320°,"4,10",Noroeste 320°,"1,70","2,70",2024-12-25
07:00,"0,00","2,70","96,00","2,00",Norte 340°,"3,60",Norte 340°,"2,40","2,70",2024-12-25
08:00,"0,00","1,20","97,00","2,20",Norte 360°,"2,60",Norte 360°,"1,20","2,70",2024-12-25
09:00,"0,00","1,40","94,00","2,70",Noroeste 330°,"3,60",Noroeste 330°,"1,20","1,90",2024-12-25
10:00,"0,00","3,50","93,00","0,90",Norte 350°,"3,60",Noroeste 330°,"1,60","3,90",2024-12-25
11:00,"0,00","6,90","80,00","0,00",,"2,60",Norte 340°,"3,70","7,40",2024-12-25
12:00,"0,00","10,70","70,00","0,50",Sur 190°,"3,60",Suroeste 230°,"7,40","10,80",2024-12-25
13:00,"0,00","12,90","64,00","0,80",Suroeste 210°,"4,60",Suroeste 230°,"10,90","13,10",2024-12-25
14:00,"0,00","14,70","56,00","0,70",Sur 200°,"4,60",Suroeste 230°,"13,10","15,00",2024-12-25
15:00,"0,00","16,20","51,00","0,40",Suroeste 220°,"3,10",Oeste 260°,"14,50","16,30",2024-12-25
16:00,"0,00","17,00","48,00","0,90",Suroeste 240°,"3,60",Oeste 250°,"15,90","17,30",2024-12-25
17:00,"0,00","16,40","52,00","0,00",,"3,10",Oeste 250°,"16,20","17,60",2024-12-25
18:00,"0,00","13,30","62,00","0,00",,"1,50",Oeste 270°,"12,70","16,80",2024-12-25
19:00,"0,00","10,70","67,00","0,00",,"2,60",Oeste 250°,"10,40","12,60",2024-12-25
20:00,"0,00","8,10","78,00","0,40",Noroeste 330°,"2,10",Norte 360°,"8,00","10,40",2024-12-25
21:00,"0,00","7,10","81,00","0,90",Norte 10°,"2,60",Norte 350°,"6,90","8,10",2024-12-25
22:00,"0,00","6,20","84,00","1,10",Norte 350°,"2,60",Norte 340°,"6,10","6,90",2024-12-25
23:00,"0,00","5,20","88,00","1,70",Norte 340°,"2,60",Noroeste 330°,"5,10","6,00",2024-12-25
00:00,"0,00","3,50","96,00","1,00",Norte 360°,"2,10",Noroeste 320°,"3,10","3,70",2024-12-26
01:00,"0,00","2,90","92,00","0,80",Norte 350°,"2,60",Norte 360°,"2,80","4,40",2024-12-26
02:00,"0,00","2,80","93,00","2,10",Norte 360°,"2,60",Norte 360°,"2,80","3,10",2024-12-26
03:00,"0,00","1,60","95,00","1,40",Norte 360°,"2,60",Norte 360°,"1,60","2,70",2024-12-26
04:00,"0,00","1,30","95,00","1,60",Norte 350°,"2,10",Norte 340°,"1,30","1,80",2024-12-26
05:00,"0,00","0,90","97,00","1,00",Norte 360°,"2,10",Norte 360°,"0,80","1,30",2024-12-26
06:00,"0,00","0,30","98,00","1,40",Norte 360°,"2,10",Norte 20°,"0,10","0,80",2024-12-26
07:00,"0,00","-0,30","97,00","0,00",,"2,10",Norte 360°,"-0,40","0,30",2024-12-26
08:00,"0,00","-0,10","97,00","1,20",Norte 10°,"2,10",Norte 10°,"-0,40","0,30",2024-12-26
09:00,"0,00","-0,20","99,00","1,40",Norte 10°,"3,10",Norte 10°,"-0,40","-0,10",2024-12-26
10:00,"0,00","1,20","97,00","1,00",Norte 350°,"1,50",Norte 360°,"-0,20","1,60",2024-12-26
11:00,"0,00","4,50","83,00","0,00",,"1,00",Norte 360°,"1,60","4,70",2024-12-26
12:00,"0,00","7,50","72,00","1,20",Oeste 290°,"2,10",Oeste 290°,"4,70","7,70",2024-12-26
13:00,"0,00","10,80","65,00","0,60",Oeste 250°,"4,10",Oeste 280°,"7,70","11,00",2024-12-26
14:00,"0,00","12,40","60,00","1,30",Oeste 260°,"3,60",Suroeste 240°,"10,90","12,70",2024-12-26
15:00,"0,00","14,30","54,00","0,30",Oeste 270°,"3,60",Suroeste 240°,"12,30","14,50",2024-12-26
16:00,"0,00","15,20","51,00","0,50",Sur 190°,"2,60",Oeste 260°,"14,00","15,60",2024-12-26
17:00,"0,00","16,00","50,00","0,00",,"3,10",Oeste 250°,"15,50","16,50",2024-12-26
18:00,"0,00","11,90","66,00","0,90",Suroeste 210°,"3,10",Suroeste 220°,"11,50","16,10",2024-12-26
19:00,"0,00","9,70","74,00","1,50",Sureste 130°,"2,10",Sureste 140°,"9,60","11,50",2024-12-26
20:00,"0,00","7,40","83,00","0,00",,"2,10",Sureste 140°,"7,00","9,70",2024-12-26
21:00,"0,00","5,90","87,00","1,00",Norte 10°,"2,10",Norte 10°,"5,80","6,90",2024-12-26
22:00,"0,00","4,60","91,00","1,50",Norte 350°,"2,10",Norte 360°,"4,60","5,80",2024-12-26
23:00,"0,00","3,90","91,00","0,60",Noreste 40°,"2,10",Noreste 30°,"3,70","4,60",2024-12-26
00:00,"0,00","3,10","90,00","2,60",Norte 340°,"4,60",Noroeste 330°,"3,10","3,60",2024-12-27
01:00,"0,00","2,60","95,00","1,10",Norte 360°,"2,10",Norte 20°,"2,50","3,40",2024-12-27
02:00,"0,00","2,10","97,00","0,80",Noroeste 330°,"2,10",Noroeste 330°,"1,90","2,50",2024-12-27
03:00,"0,00","1,80","99,00","1,30",Noroeste 320°,"2,10",Norte 350°,"1,80","2,30",2024-12-27
04:00,"0,00","1,40","99,00","1,50",Norte 340°,"2,10",Norte 340°,"1,30","2,00",2024-12-27
05:00,"0,00","1,30","100,00","0,00",,"2,10",Norte 360°,"1,00","1,60",2024-12-27
06:00,"0,00","2,80","100,00","1,20",Norte 360°,"1,50",Norte 360°,"1,30","2,80",2024-12-27
07:00,"0,00","3,90","97,00","2,80",Norte 340°,"4,60",Norte 340°,"2,80","4,00",2024-12-27
08:00,"0,00","4,60","93,00","1,50",Norte 10°,"4,10",Norte 350°,"4,10","4,60",2024-12-27
09:00,"0,00","4,60","94,00","0,00",,"1,50",Este 80°,"4,50","4,70",2024-12-27
10:00,"0,00","5,40","95,00","0,40",Norte 10°,"1,50",Noroeste 310°,"4,70","5,50",2024-12-27
11:00,"0,00","6,70","89,00","2,60",Noroeste 330°,"3,60",Noroeste 320°,"5,50","6,80",2024-12-27
12:00,"0,00","7,40","86,00","3,00",Norte 340°,"4,10",Norte 350°,"6,90","7,50",2024-12-27
13:00,"0,00","9,50","80,00","4,20",Noroeste 320°,"5,70",Noroeste 310°,"7,50","9,70",2024-12-27
14:00,"0,00","10,80","74,00","3,90",Norte 340°,"6,20",Noroeste 320°,"9,60","11,10",2024-12-27
15:00,"0,00","11,70","66,00","3,30",Noroeste 330°,"5,70",Norte 360°,"11,20","11,80",2024-12-27
16:00,"0,00","12,20","62,00","3,20",Norte 350°,"4,60",Norte 360°,"11,80","12,40",2024-12-27
17:00,"0,00","12,00","62,00","3,20",Norte 350°,"4,10",Norte 350°,"11,90","12,30",2024-12-27
18:00,"0,00","9,90","68,00","2,30",Norte 340°,"3,60",Norte 360°,"9,70","11,90",2024-12-27
19:00,"0,00","7,90","74,00","1,50",Norte 340°,"3,10",Norte 340°,"7,80","9,70",2024-12-27
20:00,"0,00","6,50","78,00","1,70",Este 70°,"2,60",Noreste 60°,"6,30","7,80",2024-12-27
21:00,"0,00","5,70","81,00","2,10",Noroeste 330°,"3,10",Noroeste 330°,"5,30","6,30",2024-12-27
22:00,"0,00","4,40","88,00","2,30",Norte 360°,"3,10",Noroeste 310°,"4,30","5,00",2024-12-27
23:00,"0,00","3,60","90,00","2,70",Norte 340°,"3,60",Norte 350°,"3,40","4,30",2024-12-27
00:00,"0,00","0,90","94,00","2,10",Norte 350°,"3,10",Norte 360°,"0,90","1,70",2024-12-28
01:00,"0,00","2,10","92,00","1,80",Norte 350°,"3,60",Norte 340°,"2,10","3,00",2024-12-28
02:00,"0,00","1,90","94,00","1,60",Noroeste 330°,"3,10",Noroeste 320°,"1,70","2,10",2024-12-28
03:00,"0,00","1,90","95,00","1,30",Norte 350°,"2,10",Norte 340°,"1,80","1,90",2024-12-28
04:00,"0,00","1,40","96,00","1,50",Norte 360°,"2,10",Norte 350°,"1,30","2,00",2024-12-28
05:00,"0,00","0,30","97,00","1,60",Norte 360°,"2,10",Norte 10°,"0,30","1,30",2024-12-28
06:00,"0,00","-0,10","99,00","0,00",,"2,10",Norte 350°,"-0,10","0,60",2024-12-28
07:00,"0,00","-0,40","100,00","1,60",Norte 360°,"2,10",Norte 360°,"-0,40","-0,10",2024-12-28
08:00,"0,00","-0,70","100,00","1,70",Norte 350°,"2,60",Norte 350°,"-0,80","-0,40",2024-12-28
09:00,"0,00","-1,70","100,00","1,30",Noreste 30°,"2,10",Norte 10°,"-1,80","-0,70",2024-12-28
10:00,"0,00","1,10","100,00","1,10",Suroeste 220°,"3,10",Suroeste 220°,"-1,60","1,60",2024-12-28
11:00,"0,00","3,10","88,00","1,10",Norte 350°,"2,10",Norte 10°,"0,80","3,40",2024-12-28
12:00,"0,00","5,60","80,00","0,70",Oeste 280°,"2,60",Norte 360°,"3,50","6,00",2024-12-28
13:00,"0,00","8,90","69,00","1,10",Oeste 250°,"4,10",Suroeste 230°,"6,00","9,00",2024-12-28
14:00,"0,00","9,50","67,00","0,50",Oeste 250°,"3,10",Oeste 250°,"8,70","9,70",2024-12-28
15:00,"0,00","11,40","58,00","0,70",Oeste 260°,"3,60",Suroeste 220°,"9,60","12,00",2024-12-28
16:00,"0,00","11,90","57,00","0,80",Suroeste 240°,"3,10",Oeste 260°,"10,90","11,90",2024-12-28
17:00,"0,00","11,70","57,00","0,30",Suroeste 240°,"3,60",Oeste 250°,"11,30","12,50",2024-12-28
18:00,"0,00","8,60","72,00","0,00",,"2,60",Oeste 250°,"8,20","11,60",2024-12-28
19:00,"0,00","6,00","79,00","0,00",,"0,00",,"5,90","8,10",2024-12-28
20:00,"0,00","4,40","86,00","0,00",,"0,00",,"4,30","5,90",2024-12-28
21:00,"0,00","3,40","88,00","2,60",Norte 350°,"3,10",Norte 360°,"3,40","4,40",2024-12-28
22:00,"0,00","2,10","89,00","1,60",Norte 350°,"3,10",Noroeste 320°,"2,00","3,40",2024-12-28
23:00,"0,00","1,90","92,00","2,10",Norte 350°,"3,60",Norte 360°,"1,80","2,40",2024-12-28
00:00,"0,00","1,10","93,00","1,50",Norte 10°,"2,60",Noroeste 320°,"0,60","1,10",2024-12-29
01:00,"0,00","0,30","97,00","1,90",Norte 360°,"2,60",Norte 360°,"0,20","0,80",2024-12-29
02:00,"0,00","-0,20","99,00","1,60",Norte 360°,"2,60",Norte 20°,"-0,30","0,20",2024-12-29
03:00,"0,00","-0,80","98,00","1,10",Noroeste 330°,"2,60",Norte 340°,"-0,80","-0,30",2024-12-29
04:00,"0,00","-1,40","99,00","1,50",Norte 360°,"2,10",Norte 360°,"-1,50","-0,80",2024-12-29
05:00,"0,00","-1,60","99,00","1,20",Noroeste 330°,"2,10",Norte 360°,"-1,60","-1,40",2024-12-29
06:00,"0,00","-1,90","100,00","1,90",Norte 360°,"2,10",Norte 10°,"-1,90","-1,40",2024-12-29
07:00,"0,00","-2,10","99,00","1,40",Noroeste 330°,"2,10",Noroeste 320°,"-2,30","-1,90",2024-12-29
08:00,"0,00","-2,50","99,00","1,10",Norte 360°,"2,10",Norte 360°,"-2,50","-2,10",2024-12-29
09:00,"0,00","-2,60","99,00","0,90",Norte 10°,"2,10",Norte 350°,"-2,80","-2,60",2024-12-29
10:00,"0,00","-0,10","100,00","0,20",Norte 360°,"2,10",Norte 360°,"-2,60","0,30",2024-12-29
11:00,"0,00","2,00","85,00","0,00",,"0,50",Norte 360°,"0,00","2,10",2024-12-29
12:00,"0,00","5,10","77,00","0,30",Norte 10°,"1,50",Noreste 60°,"2,00","5,30",2024-12-29
13:00,"0,00","8,30","67,00","1,10",Sur 190°,"4,10",Suroeste 220°,"5,30","8,50",2024-12-29
14:00,"0,00","10,80","60,00","0,90",Suroeste 230°,"2,60",Oeste 260°,"8,50","10,90",2024-12-29
15:00,"0,00","12,00","55,00","0,60",Suroeste 220°,"4,10",Suroeste 230°,"10,70","12,10",2024-12-29
16:00,"0,00","12,50","53,00","0,70",Suroeste 240°,"2,60",Oeste 250°,"11,30","12,90",2024-12-29
17:00,"0,00","12,30","56,00","0,10",Oeste 250°,"2,60",Oeste 260°,"12,10","13,00",2024-12-29
18:00,"0,00","9,10","68,00","0,00",,"0,00",,"8,20","12,50",2024-12-29
19:00,"0,00","6,30","76,00","1,70",Norte 10°,"2,10",Norte 10°,"5,80","8,20",2024-12-29
20:00,"0,00","4,40","77,00","2,30",Norte 340°,"3,10",Norte 350°,"4,20","5,80",2024-12-29
21:00,"0,00","4,10","80,00","2,60",Norte 340°,"3,60",Norte 350°,"3,80","4,90",2024-12-29
22:00,"0,00","2,60","85,00","2,40",Noroeste 330°,"4,10",Norte 350°,"2,40","4,20",2024-12-29
23:00,"0,00","1,20","89,00","0,20",Noreste 30°,"2,60",Norte 340°,"0,90","2,40",2024-12-29
00:00,"0,00","0,00","93,00","1,90",Norte 340°,"2,60",Norte 340°,"0,00","0,90",2024-12-30
01:00,"0,00","0,40","96,00","1,60",Norte 350°,"2,60",Norte 350°,"0,40","1,00",2024-12-30
02:00,"0,00","-0,10","96,00","2,00",Norte 350°,"2,60",Norte 340°,"-0,10","0,40",2024-12-30
03:00,"0,00","-1,20","94,00","1,30",Norte 360°,"3,10",Norte 360°,"-1,30","-0,10",2024-12-30
04:00,"0,00","-1,50","98,00","1,40",Norte 360°,"2,60",Norte 360°,"-1,60","-1,30",2024-12-30
05:00,"0,00","-1,90","98,00","1,20",Norte 360°,"2,10",Norte 360°,"-1,90","-1,60",2024-12-30
06:00,"0,00","-2,00","98,00","1,40",Norte 350°,"2,10",Norte 350°,"-2,10","-1,90",2024-12-30
07:00,"0,00","-2,20","97,00","1,50",Norte 360°,"2,10",Norte 350°,"-2,20","-2,00",2024-12-30
08:00,"0,00","-2,90","97,00","1,20",Norte 20°,"1,50",Noreste 30°,"-2,90","-2,20",2024-12-30
09:00,"0,00","-2,40","98,00","1,50",Norte 350°,"1,50",Norte 360°,"-2,90","-2,40",2024-12-30
10:00,"0,00","-0,60","97,00","1,60",Norte 360°,"2,10",Norte 360°,"-2,80","-0,50",2024-12-30
11:00,"0,00","2,10","82,00","1,70",Norte 350°,"2,60",Norte 360°,"-0,60","2,30",2024-12-30
12:00,"0,00","4,90","74,00","1,00",Noroeste 310°,"3,10",Oeste 250°,"2,30","5,20",2024-12-30
13:00,"0,00","7,60","68,00","1,40",Oeste 270°,"3,60",Oeste 260°,"5,20","7,70",2024-12-30
14:00,"0,00","10,80","60,00","0,60",Sureste 140°,"3,60",Oeste 260°,"7,80","10,90",2024-12-30
15:00,"0,00","11,30","57,00","0,10",Norte 350°,"3,60",Norte 340°,"10,70","11,80",2024-12-30
16:00,"0,00","11,80","54,00","1,10",Suroeste 210°,"4,10",Suroeste 230°,"11,10","12,40",2024-12-30
17:00,"0,00","11,30","56,00","0,50",Oeste 280°,"3,60",Suroeste 220°,"11,30","12,70",2024-12-30
18:00,"0,00","8,90","65,00","2,30",Sur 190°,"3,60",Sur 180°,"8,80","11,20",2024-12-30
19:00,"0,00","6,50","73,00","2,00",Sur 180°,"4,60",Sur 200°,"6,20","9,00",2024-12-30
20:00,"0,00","5,10","83,00","1,20",Sureste 130°,"3,60",Sur 180°,"5,00","6,40",2024-12-30
21:00,"0,00","3,40","91,00","1,10",Este 70°,"2,60",Suroeste 220°,"3,10","4,90",2024-12-30
22:00,"0,00","1,80","88,00","1,40",Noroeste 330°,"2,60",Norte 350°,"1,50","3,40",2024-12-30
23:00,"0,00","1,00","92,00","1,40",Norte 360°,"3,10",Noroeste 330°,"1,00","1,50",2024-12-30
00:00,"0,00","0,70","87,00","1,90",Norte 10°,"2,60",Norte 350°,"0,50","1,70",2024-12-31
01:00,"0,00","-0,30","96,00","1,40",Norte 10°,"2,10",Norte 360°,"-0,40","0,00",2024-12-31
02:00,"0,00","-1,00","97,00","1,50",Norte 360°,"2,10",Norte 10°,"-1,00","-0,40",2024-12-31
03:00,"0,00","-1,80","97,00","1,50",Norte 10°,"2,60",Norte 10°,"-1,80","-1,00",2024-12-31
04:00,"0,00","-1,80","98,00","1,00",Noroeste 330°,"2,10",Norte 340°,"-2,00","-1,70",2024-12-31
05:00,"0,00","-2,00","99,00","1,40",Norte 340°,"2,10",Norte 340°,"-2,10","-2,00",2024-12-31
06:00,"0,00","-2,20","98,00","1,00",Norte 340°,"2,10",Norte 10°,"-2,40","-2,00",2024-12-31
07:00,"0,00","-2,50","98,00","1,50",Norte 360°,"2,10",Norte 360°,"-2,80","-2,20",2024-12-31
08:00,"0,00","-2,80","98,00","1,70",Norte 10°,"2,10",Noreste 30°,"-2,80","-2,50",2024-12-31
09:00,"0,00","-3,10","96,00","1,00",Noroeste 330°,"2,10",Norte 360°,"-3,20","-2,80",2024-12-31
10:00,"0,00","-0,80","99,00","0,40",Norte 10°,"1,50",Norte 10°,"-3,30","-0,60",2024-12-31
11:00,"0,00","1,90","83,00","0,30",Norte 340°,"2,10",Noroeste 330°,"-0,80","2,00",2024-12-31
12:00,"0,00","4,90","75,00","0,20",Noroeste 320°,"2,10",Oeste 260°,"2,20","5,20",2024-12-31
13:00,"0,00","7,60","66,00","1,10",Oeste 280°,"4,60",Suroeste 220°,"5,20","7,80",2024-12-31
14:00,"0,00","9,90","58,00","0,30",Noroeste 330°,"3,60",Oeste 250°,"7,80","10,20",2024-12-31
15:00,"0,00","12,00","52,00","1,10",Suroeste 230°,"3,60",Suroeste 220°,"10,20","12,10",2024-12-31
16:00,"0,00","13,00","48,00","1,40",Suroeste 230°,"3,60",Suroeste 220°,"12,10","13,10",2024-12-31
17:00,"0,00","12,80","48,00","0,50",Oeste 260°,"3,60",Suroeste 240°,"12,40","13,10",2024-12-31
18:00,"0,00","9,10","64,00","0,00",,"3,10",Suroeste 230°,"8,60","12,90",2024-12-31
19:00,"0,00","6,60","71,00","0,20",Suroeste 210°,"2,10",Sur 190°,"6,50","8,60",2024-12-31
20:00,"0,00","4,30","79,00","0,10",Noreste 30°,"3,10",Suroeste 210°,"4,00","6,60",2024-12-31
21:00,"0,00","3,90","79,00","1,70",Norte 10°,"2,60",Norte 360°,"3,10","4,10",2024-12-31
22:00,"0,00","1,90","85,00","1,00",Norte 350°,"2,60",Noroeste 320°,"1,80","3,90",2024-12-31
23:00,"0,00","1,70","83,00","0,30",Noroeste 320°,"3,60",Norte 340°,"1,60","2,00",2024-12-31
00:00,"0,00","0,80","94,00","1,60",Norte 10°,"2,60",Norte 10°,"0,60","1,00",2025-01-01
01:00,"0,00","-0,20","91,00","1,00",Noroeste 320°,"1,50",Noroeste 330°,"-0,30","0,50",2025-01-01
02:00,"0,00","-0,70","93,00","0,30",Noroeste 330°,"2,10",Noroeste 310°,"-0,80","0,00",2025-01-01
03:00,"0,00","-0,80","97,00","1,30",Norte 360°,"2,10",Norte 350°,"-1,00","-0,60",2025-01-01
04:00,"0,00","-0,70","92,00","1,80",Norte 340°,"2,60",Norte 340°,"-0,70","-0,10",2025-01-01
05:00,"0,00","-1,90","94,00","2,10",Norte 10°,"3,10",Norte 10°,"-1,90","-0,70",2025-01-01
06:00,"0,00","-2,00","96,00","1,90",Norte 360°,"3,10",Norte 360°,"-2,10","-1,60",2025-01-01
07:00,"0,00","-2,10","97,00","1,20",Norte 10°,"2,10",Norte 360°,"-2,20","-1,90",2025-01-01
08:00,"0,00","-2,50","97,00","1,40",Norte 350°,"2,10",Norte 350°,"-2,90","-2,20",2025-01-01
09:00,"0,00","-2,60","96,00","1,40",Norte 350°,"3,10",Norte 340°,"-2,70","-2,50",2025-01-01
10:00,"0,00","-0,70","92,00","0,30",Norte 10°,"2,60",Norte 350°,"-2,60","-0,60",2025-01-01
11:00,"0,00","1,40","82,00","1,30",Noroeste 330°,"2,60",Noroeste 310°,"-0,50","1,70",2025-01-01
12:00,"0,00","5,10","72,00","0,30",Suroeste 240°,"2,60",Oeste 270°,"1,70","5,40",2025-01-01
13:00,"0,00","8,30","64,00","0,50",Oeste 250°,"3,60",Suroeste 220°,"5,20","8,50",2025-01-01
14:00,"0,00","10,70","60,00","1,00",Sur 190°,"3,60",Suroeste 230°,"7,80","10,80",2025-01-01
15:00,"0,00","12,00","53,00","0,60",Sur 190°,"3,60",Suroeste 210°,"10,80","12,20",2025-01-01
16:00,"0,00","11,30","54,00","3,00",Sur 160°,"4,60",Sur 190°,"11,10","12,10",2025-01-01
17:00,"0,00","10,60","56,00","3,20",Sur 170°,"5,10",Sur 160°,"10,60","11,30",2025-01-01
18:00,"0,00","8,40","66,00","1,70",Sur 170°,"3,60",Sur 200°,"8,20","10,60",2025-01-01
19:00,"0,00","5,80","77,00","0,00",,"3,10",Sur 170°,"5,60","8,10",2025-01-01
20:00,"0,00","4,30","81,00","0,10",Oeste 260°,"2,60",Oeste 280°,"4,00","5,70",2025-01-01
21:00,"0,00","3,60","82,00","1,90",Norte 10°,"2,60",Norte 350°,"3,30","3,90",2025-01-01
22:00,"0,00","1,40","86,00","2,70",Noroeste 320°,"3,60",Noroeste 310°,"1,20","3,40",2025-01-01
23:00,"0,00","0,80","93,00","1,90",Noroeste 330°,"3,60",Noroeste 320°,"0,70","1,50",2025-01-01
00:00,"0,00","2,70","89,00","0,80",Norte 10°,"2,10",Norte 10°,"2,70","3,20",2025-01-02
01:00,"0,00","0,70","92,00","0,00",,"1,50",Noreste 60°,"0,70","0,90",2025-01-02
02:00,"0,00","0,80","91,00","1,00",Sureste 140°,"2,10",Sureste 150°,"0,50","0,90",2025-01-02
03:00,"0,00","0,10","97,00","0,00",,"0,00",,"0,00","0,60",2025-01-02
04:00,"0,00","-0,20","95,00","0,50",Noroeste 310°,"1,50",Norte 360°,"-0,40","0,30",2025-01-02
05:00,"0,00","-1,30","97,00","0,00",,"1,00",Noroeste 310°,"-1,40","-0,40",2025-01-02
06:00,"0,00","-1,10","100,00","1,50",Noroeste 330°,"2,60",Norte 350°,"-1,40","-0,90",2025-01-02
07:00,"0,00","-1,70","99,00","0,20",Norte 360°,"3,10",Noroeste 320°,"-1,70","-1,20",2025-01-02
08:00,"0,00","-1,80","99,00","1,80",Norte 360°,"2,60",Norte 10°,"-2,00","-1,70",2025-01-02
09:00,"0,00","-1,90","100,00","1,40",Norte 340°,"2,60",Norte 350°,"-1,90","-1,70",2025-01-02
10:00,"0,00","-0,20","99,00","1,40",Norte 340°,"3,10",Noroeste 330°,"-1,80","0,00",2025-01-02
11:00,"0,00","2,10","85,00","2,00",Noroeste 310°,"3,10",Norte 350°,"0,00","2,30",2025-01-02
12:00,"0,00","5,30","76,00","0,50",Oeste 290°,"2,60",Oeste 280°,"2,40","5,50",2025-01-02
13:00,"0,00","8,90","67,00","0,70",Sur 180°,"2,60",Sur 190°,"5,70","9,20",2025-01-02
14:00,"0,00","10,50","63,00","2,40",Sur 170°,"4,60",Sur 170°,"8,90","10,60",2025-01-02
15:00,"0,00","11,40","58,00","2,70",Suroeste 210°,"5,70",Suroeste 240°,"10,50","11,60",2025-01-02
16:00,"0,00","10,80","57,00","3,70",Suroeste 210°,"7,70",Suroeste 210°,"10,60","11,90",2025-01-02
17:00,"0,00","11,10","53,00","3,10",Suroeste 220°,"6,70",Suroeste 220°,"10,60","11,40",2025-01-02
18:00,"0,00","9,40","60,00","2,40",Suroeste 240°,"5,70",Suroeste 220°,"9,20","11,00",2025-01-02
19:00,"0,00","7,60","68,00","1,50",Oeste 250°,"5,10",Suroeste 230°,"7,40","9,20",2025-01-02
20:00,"0,00","4,90","80,00","1,10",Suroeste 220°,"3,10",Suroeste 220°,"4,60","7,50",2025-01-02
21:00,"0,00","4,80","81,00","1,50",Sureste 130°,"3,60",Suroeste 240°,"4,80","6,60",2025-01-02
22:00,"0,00","3,60","86,00","2,10",Sureste 150°,"2,60",Sureste 120°,"3,40","4,80",2025-01-02
23:00,"0,00","3,20","86,00","0,10",Norte 20°,"3,60",Sur 190°,"3,20","4,10",2025-01-02
00:00,"0,00","2,50","100,00","2,20",Norte 20°,"2,60",Norte 20°,"2,50","3,30",2025-01-03
01:00,"0,00","1,40","93,00","0,00",,"1,50",Norte 10°,"1,40","2,70",2025-01-03
02:00,"0,00","0,50","95,00","0,50",Noreste 30°,"2,10",Norte 10°,"0,40","1,40",2025-01-03
03:00,"0,00","-0,10","99,00","1,00",Noreste 40°,"1,50",Noreste 50°,"-0,10","0,40",2025-01-03
04:00,"0,00","-0,60","99,00","1,20",Norte 360°,"2,60",Norte 10°,"-0,70","-0,20",2025-01-03
05:00,"0,00","-0,80","100,00","0,90",Norte 350°,"2,10",Norte 10°,"-1,00","-0,60",2025-01-03
06:00,"0,00","-1,00","99,00","1,30",Norte 350°,"2,60",Norte 360°,"-1,10","-1,00",2025-01-03
07:00,"0,00","-1,40","99,00","0,00",,"1,00",Sur 180°,"-1,40","-1,10",2025-01-03
08:00,"0,00","-1,30","100,00","2,20",Norte 350°,"3,10",Norte 10°,"-1,50","-1,20",2025-01-03
09:00,"0,00","-1,20","100,00","1,30",Norte 20°,"3,10",Norte 340°,"-1,40","-1,20",2025-01-03
10:00,"0,00","0,10","99,00","0,90",Norte 360°,"2,60",Norte 360°,"-1,30","0,10",2025-01-03
11:00,"0,00","2,20","91,00","0,00",,"2,60",Norte 20°,"0,20","2,40",2025-01-03
12:00,"0,00","5,20","79,00","0,80",Oeste 250°,"4,10",Sur 200°,"2,50","5,60",2025-01-03
13:00,"0,00","6,40","75,00","0,40",Suroeste 230°,"2,10",Suroeste 240°,"5,00","6,50",2025-01-03
14:00,"0,00","7,50","72,00","1,00",Sureste 150°,"2,60",Sur 190°,"6,40","7,60",2025-01-03
15:00,"0,00","8,20","71,00","1,10",Norte 20°,"2,60",Norte 20°,"7,70","8,30",2025-01-03
16:00,"0,00","8,60","73,00","1,70",Oeste 270°,"5,10",Suroeste 240°,"8,30","8,90",2025-01-03
17:00,"0,00","8,50","77,00","0,60",Norte 10°,"4,10",Oeste 270°,"8,40","9,00",2025-01-03
18:00,"0,00","7,30","86,00","2,60",Norte 340°,"3,10",Norte 340°,"7,10","8,40",2025-01-03
19:00,"0,00","6,40","93,00","1,70",Norte 350°,"2,60",Norte 350°,"6,40","7,10",2025-01-03
20:00,"0,00","6,10","90,00","1,80",Norte 350°,"2,10",Norte 350°,"6,00","6,40",2025-01-03
21:00,"0,00","4,70","94,00","1,40",Norte 340°,"2,60",Norte 360°,"4,60","6,00",2025-01-03
22:00,"0,00","4,20","97,00","0,20",Norte 350°,"2,60",Noroeste 320°,"4,00","4,80",2025-01-03
23:00,"0,00","3,40","99,00","0,00",,"2,10",Norte 20°,"3,30","4,20",2025-01-03
00:00,"0,00","4,80","98,00","0,10",Norte 360°,"1,50",Norte 360°,"4,80","5,00",2025-01-04
01:00,"0,00","1,60","100,00","0,30",Noroeste 330°,"2,10",Norte 350°,"1,40","2,50",2025-01-04
02:00,"0,00","0,10","100,00","1,80",Norte 10°,"2,60",Noreste 40°,"0,00","1,50",2025-01-04
03:00,"0,00","0,50","100,00","2,00",Norte 350°,"3,10",Noroeste 320°,"0,00","0,60",2025-01-04
04:00,"0,00","1,40","100,00","1,40",Norte 350°,"3,10",Norte 340°,"0,70","1,40",2025-01-04
05:00,"0,00","2,10","100,00","1,00",Noreste 30°,"2,10",Noroeste 320°,"1,40","2,10",2025-01-04
06:00,"0,00","2,10","100,00","1,90",Norte 340°,"3,10",Norte 340°,"2,00","2,20",2025-01-04
07:00,"0,00","2,70","100,00","0,10",Noreste 50°,"3,60",Noroeste 310°,"2,20","2,70",2025-01-04
08:00,"0,00","2,80","100,00","1,30",Norte 360°,"2,10",Norte 360°,"2,70","2,80",2025-01-04
09:00,"0,00","2,90","100,00","0,00",,"1,50",Norte 20°,"2,80","3,00",2025-01-04
10:00,"0,00","3,80","100,00","1,30",Norte 10°,"1,50",Norte 10°,"3,00","3,90",2025-01-04
11:00,"0,00","4,70","100,00","0,60",Norte 10°,"2,10",Noreste 30°,"3,90","4,70",2025-01-04
12:00,"0,00","5,30","100,00","0,20",Sur 200°,"3,10",Sur 180°,"4,70","5,30",2025-01-04
13:00,"0,00","5,90","98,00","0,00",,"2,60",Sur 180°,"5,30","5,90",2025-01-04
14:00,"0,00","6,30","92,00","0,00",,"1,50",Noreste 50°,"5,90","6,30",2025-01-04
15:00,"0,00","6,40","88,00","0,00",,"2,10",Oeste 270°,"6,30","6,50",2025-01-04
16:00,"0,00","6,70","89,00","0,10",Noreste 30°,"1,00",Noreste 30°,"6,50","6,70",2025-01-04
17:00,"0,00","6,90","87,00","1,40",Norte 20°,"2,60",Norte 360°,"6,60","7,00",2025-01-04
18:00,"0,00","6,40","90,00","0,00",,"2,10",Norte 20°,"6,20","6,80",2025-01-04
19:00,"0,00","4,70","97,00","0,40",Norte 340°,"1,50",Norte 340°,"4,70","6,10",2025-01-04
20:00,"0,00","3,90","99,00","0,00",,"1,00",Norte 350°,"3,80","4,70",2025-01-04
21:00,"0,00","3,80","99,00","0,00",,"0,00",,"3,70","4,20",2025-01-04
22:00,"0,00","4,30","100,00","0,00",,"0,00",,"3,80","4,30",2025-01-04
23:00,"0,00","4,90","99,00","0,00",,"0,00",,"4,30","4,90",2025-01-04
00:00,"0,10","8,80","88,00","4,30",Sur 160°,"7,20",Sur 170°,"8,70","9,10",2025-01-05
01:00,"0,00","5,00","97,00","0,00",,"2,60",Norte 10°,"4,80","5,00",2025-01-05
02:00,"0,00","5,00","96,00","0,00",,"0,00",,"5,00","5,00",2025-01-05
03:00,"0,00","5,10","96,00","0,00",,"2,60",Norte 360°,"5,00","5,10",2025-01-05
04:00,"0,00","5,10","96,00","0,60",Norte 350°,"2,10",Norte 340°,"5,10","5,10",2025-01-05
05:00,"0,00","5,00","96,00","0,80",Noroeste 320°,"2,60",Norte 350°,"4,70","5,10",2025-01-05
06:00,"0,00","5,10","97,00","0,00",,"1,50",Noroeste 330°,"5,00","5,10",2025-01-05
07:00,"0,00","5,10","97,00","0,00",,"0,00",,"5,10","5,10",2025-01-05
08:00,"0,00","5,20","98,00","0,00",,"0,00",,"5,10","5,20",2025-01-05
09:00,"0,00","5,10","100,00","0,00",,"2,10",Norte 350°,"5,10","5,20",2025-01-05
10:00,"0,00","5,30","100,00","1,10",Norte 340°,"2,60",Norte 340°,"5,10","5,40",2025-01-05
11:00,"0,00","6,40","98,00","0,10",Noroeste 320°,"2,10",Norte 360°,"5,40","6,50",2025-01-05
12:00,"0,00","7,40","93,00","1,40",Sur 170°,"3,60",Sur 170°,"6,40","7,50",2025-01-05
13:00,"0,00","9,10","87,00","1,40",Sur 170°,"3,10",Suroeste 210°,"7,50","9,30",2025-01-05
14:00,"0,00","10,70","76,00","4,40",Sur 190°,"9,80",Suroeste 210°,"9,30","10,70",2025-01-05
15:00,"0,00","10,80","75,00","3,80",Sur 170°,"8,80",Sur 190°,"10,70","10,80",2025-01-05
16:00,"0,20","10,50","81,00","2,20",Sur 190°,"7,20",Sur 190°,"10,50","10,80",2025-01-05
17:00,"0,00","10,10","84,00","4,00",Sur 160°,"7,70",Sur 190°,"10,00","10,40",2025-01-05
18:00,"0,00","10,40","79,00","4,40",Sur 170°,"10,30",Sur 170°,"9,80","10,40",2025-01-05
19:00,"0,00","10,30","77,00","4,60",Sur 170°,"10,80",Sur 160°,"10,30","10,40",2025-01-05
20:00,"0,00","10,30","74,00","4,70",Sur 180°,"7,70",Sur 180°,"10,20","10,30",2025-01-05
21:00,"0,00","10,30","70,00","4,60",Sur 180°,"8,20",Sur 160°,"10,20","10,30",2025-01-05
22:00,"0,00","9,90","71,00","2,00",Sur 160°,"6,70",Sur 170°,"9,90","10,30",2025-01-05
23:00,"0,00","9,20","77,00","2,30",Sur 160°,"6,70",Sur 180°,"9,10","9,90",2025-01-05
00:00,"0,00","7,70","58,00","5,40",Oeste 270°,"7,20",Oeste 280°,"6,30","7,80",2025-01-06
01:00,"0,40","9,20","87,00","3,90",Sur 170°,"7,70",Sur 170°,"8,90","9,20",2025-01-06
02:00,"0,00","9,00","94,00","4,40",Sur 170°,"6,20",Sur 160°,"9,00","9,20",2025-01-06
03:00,"0,10","8,90","99,00","3,90",Sur 170°,"6,20",Sur 170°,"8,90","9,00",2025-01-06
04:00,"0,00","9,30","89,00","4,00",Sur 190°,"7,70",Sur 180°,"8,90","9,40",2025-01-06
05:00,"0,00","8,80","91,00","3,50",Sureste 140°,"5,70",Sur 180°,"8,70","9,30",2025-01-06
06:00,"0,00","8,40","92,00","1,20",Sureste 120°,"5,70",Sureste 150°,"8,30","8,60",2025-01-06
07:00,"0,00","8,10","94,00","3,30",Sureste 130°,"5,10",Sureste 140°,"8,00","8,30",2025-01-06
08:00,"0,00","8,00","93,00","3,60",Sur 170°,"6,70",Sur 170°,"7,90","8,10",2025-01-06
09:00,"0,00","7,90","89,00","5,20",Sur 200°,"9,30",Sur 180°,"7,60","7,90",2025-01-06
10:00,"0,00","8,30","90,00","4,10",Sur 200°,"9,80",Suroeste 220°,"7,90","8,40",2025-01-06
11:00,"0,00","8,90","91,00","5,50",Suroeste 230°,"11,30",Suroeste 210°,"8,40","9,00",2025-01-06
12:00,"0,00","9,50","82,00","6,50",Suroeste 240°,"9,30",Oeste 250°,"8,90","9,50",2025-01-06
13:00,"0,00","10,20","69,00","7,30",Oeste 260°,"12,90",Oeste 250°,"9,50","10,30",2025-01-06
14:00,"0,00","11,10","55,00","8,40",Oeste 270°,"12,40",Oeste 280°,"10,30","11,30",2025-01-06
15:00,"0,00","11,40","54,00","10,50",Oeste 280°,"16,00",Oeste 280°,"10,90","11,50",2025-01-06
16:00,"0,00","11,20","55,00","7,80",Oeste 290°,"12,90",Oeste 270°,"10,80","11,60",2025-01-06
17:00,"0,00","10,80","52,00","8,40",Oeste 280°,"12,90",Oeste 270°,"10,60","11,30",2025-01-06
18:00,"0,00","9,40","56,00","6,80",Oeste 280°,"12,90",Oeste 270°,"9,30","10,80",2025-01-06
19:00,"0,00","8,70","57,00","3,90",Oeste 280°,"9,80",Oeste 290°,"8,50","9,40",2025-01-06
20:00,"0,00","8,00","61,00","5,40",Oeste 280°,"7,20",Oeste 260°,"7,70","8,40",2025-01-06
21:00,"0,00","7,90","60,00","6,10",Oeste 280°,"9,80",Oeste 270°,"7,80","8,30",2025-01-06
22:00,"0,00","7,50","61,00","5,10",Oeste 280°,"10,30",Oeste 270°,"7,40","8,10",2025-01-06
23:00,"0,00","6,30","65,00","3,10",Oeste 270°,"6,20",Oeste 260°,"6,10","7,50",2025-01-06
00:00,"0,00","8,50","83,00","2,90",Sur 190°,"4,60",Sur 180°,"8,50","8,80",2025-01-07
01:00,"0,00","7,10","61,00","5,60",Oeste 280°,"8,20",Noroeste 300°,"6,90","7,60",2025-01-07
02:00,"0,00","6,50","64,00","3,30",Oeste 280°,"8,20",Oeste 270°,"6,30","7,50",2025-01-07
03:00,"0,00","4,10","73,00","1,80",Sureste 130°,"7,20",Oeste 280°,"3,90","6,40",2025-01-07
04:00,"0,00","3,70","75,00","1,90",Oeste 250°,"3,60",Sur 170°,"2,90","4,10",2025-01-07
05:00,"0,00","5,20","67,00","4,50",Oeste 260°,"7,70",Oeste 270°,"3,30","5,70",2025-01-07
06:00,"0,00","5,60","65,00","2,20",Suroeste 240°,"7,70",Oeste 250°,"5,20","5,70",2025-01-07
07:00,"0,00","5,50","65,00","6,20",Oeste 250°,"8,80",Oeste 270°,"4,70","5,60",2025-01-07
08:00,"0,00","4,90","70,00","3,10",Suroeste 210°,"7,20",Oeste 250°,"4,70","5,90",2025-01-07
09:00,"0,00","3,60","79,00","4,30",Suroeste 210°,"8,20",Suroeste 230°,"3,50","4,80",2025-01-07
10:00,"0,00","5,00","77,00","2,60",Sur 190°,"7,70",Suroeste 210°,"3,70","5,20",2025-01-07
11:00,"0,00","5,40","78,00","3,10",Sureste 150°,"5,70",Sur 190°,"4,90","5,50",2025-01-07
12:00,"0,00","6,40","78,00","3,70",Sur 160°,"6,70",Sur 200°,"5,40","6,50",2025-01-07
13:00,"0,00","9,30","63,00","4,00",Sur 180°,"6,70",Sur 180°,"6,40","9,30",2025-01-07
14:00,"0,00","9,30","63,00","5,30",Sur 180°,"10,80",Sur 200°,"9,00","9,70",2025-01-07
15:00,"0,00","9,20","67,00","5,50",Suroeste 210°,"13,90",Suroeste 220°,"9,10","9,70",2025-01-07
16:00,"0,00","8,70","74,00","4,30",Suroeste 210°,"14,40",Suroeste 210°,"8,60","9,10",2025-01-07
17:00,"0,00","8,90","74,00","4,40",Suroeste 220°,"11,80",Suroeste 230°,"8,80","9,00",2025-01-07
18:00,"0,00","9,00","76,00","4,40",Suroeste 220°,"16,00",Suroeste 220°,"8,90","9,00",2025-01-07
19:00,"0,00","8,90","78,00","5,20",Sur 200°,"10,80",Suroeste 220°,"8,90","8,90",2025-01-07
20:00,"0,00","8,70","77,00","4,50",Sur 200°,"8,20",Sur 160°,"8,70","8,90",2025-01-07
21:00,"0,00","8,60","77,00","3,90",Sur 170°,"7,70",Suroeste 210°,"8,50","8,70",2025-01-07
22:00,"0,00","8,70","80,00","4,90",Suroeste 210°,"7,70",Suroeste 220°,"8,50","8,80",2025-01-07
23:00,"0,00","8,80","82,00","4,00",Sur 200°,"9,80",Suroeste 220°,"8,80","8,90",2025-01-07
00:00,"0,00","9,10","99,00","3,20",Sur 170°,"4,60",Sur 180°,"8,90","9,10",2025-01-08
01:00,"0,00","8,50","84,00","4,20",Sur 190°,"5,70",Sur 180°,"8,50","8,60",2025-01-08
02:00,"0,00","8,40","82,00","2,80",Sur 180°,"5,10",Sur 190°,"8,40","8,50",2025-01-08
03:00,"0,00","8,40","84,00","2,60",Sur 200°,"5,10",Sur 180°,"8,40","8,40",2025-01-08
04:00,"0,00","8,40","82,00","3,60",Sur 190°,"5,70",Sur 190°,"8,40","8,40",2025-01-08
05:00,"0,00","8,40","83,00","3,00",Sur 180°,"5,10",Sur 190°,"8,40","8,40",2025-01-08
06:00,"0,00","8,10","83,00","2,60",Sur 160°,"5,10",Sur 180°,"8,00","8,40",2025-01-08
07:00,"0,00","8,00","83,00","3,10",Sur 170°,"4,60",Sur 170°,"8,00","8,10",2025-01-08
08:00,"0,00","7,70","83,00","4,10",Sur 160°,"8,80",Sur 170°,"7,70","8,00",2025-01-08
09:00,"0,00","7,90","82,00","4,30",Sur 170°,"7,70",Sur 200°,"7,70","8,00",2025-01-08
10:00,"0,00","7,50","82,00","4,00",Sureste 150°,"9,80",Sur 190°,"7,50","7,90",2025-01-08
11:00,"0,00","8,30","78,00","3,80",Sur 180°,"10,80",Suroeste 210°,"7,50","8,40",2025-01-08
12:00,"0,00","9,10","75,00","4,40",Sur 190°,"10,30",Sur 160°,"8,40","9,20",2025-01-08
13:00,"0,00","9,40","75,00","2,70",Sur 190°,"10,30",Suroeste 220°,"9,20","9,60",2025-01-08
14:00,"0,00","11,30","66,00","6,60",Suroeste 240°,"10,80",Oeste 250°,"9,60","11,40",2025-01-08
15:00,"0,00","11,70","59,00","8,30",Suroeste 210°,"12,40",Suroeste 240°,"11,00","12,20",2025-01-08
16:00,"0,00","11,60","58,00","7,10",Sur 200°,"15,40",Suroeste 210°,"11,60","12,20",2025-01-08
17:00,"0,00","10,80","69,00","3,40",Sur 200°,"11,80",Suroeste 220°,"10,60","11,50",2025-01-08
18:00,"0,00","10,20","73,00","4,40",Sur 200°,"12,40",Suroeste 230°,"10,20","10,80",2025-01-08
19:00,"0,00","9,80","74,00","6,40",Sur 200°,"8,20",Sur 200°,"9,80","10,20",2025-01-08
20:00,"0,10","8,50","94,00","3,60",Sur 190°,"10,30",Suroeste 220°,"8,50","9,70",2025-01-08
21:00,"0,00","8,30","98,00","3,90",Sur 180°,"6,70",Sur 180°,"8,30","8,50",2025-01-08
22:00,"0,00","8,50","99,00","3,50",Sur 190°,"9,30",Suroeste 210°,"8,30","8,50",2025-01-08
23:00,"0,00","8,80","98,00","2,70",Sur 180°,"6,20",Sur 190°,"8,50","8,90",2025-01-08
00:00,"0,00","7,50","96,00","2,30",Sureste 150°,"5,10",Sur 160°,"7,40","7,90",2025-01-09
01:00,"0,00","9,20","100,00","3,40",Sur 170°,"4,10",Sur 170°,"9,10","9,20",2025-01-09
02:00,"0,00","9,70","96,00","3,40",Sur 200°,"5,10",Suroeste 220°,"9,20","9,80",2025-01-09
03:00,"0,00","9,80","91,00","3,00",Suroeste 210°,"5,10",Sur 180°,"9,50","9,90",2025-01-09
04:00,"0,00","10,20","90,00","3,90",Suroeste 220°,"6,70",Suroeste 220°,"9,80","10,30",2025-01-09
05:00,"0,00","10,10","88,00","4,30",Suroeste 210°,"9,30",Suroeste 220°,"10,10","10,30",2025-01-09
06:00,"0,00","9,60","91,00","4,40",Sur 200°,"8,20",Suroeste 210°,"9,60","10,10",2025-01-09
07:00,"0,00","9,50","90,00","4,60",Sur 200°,"8,20",Sur 200°,"9,50","9,60",2025-01-09
08:00,"0,00","9,50","91,00","7,20",Suroeste 210°,"11,30",Suroeste 220°,"9,50","9,60",2025-01-09
09:00,"0,00","9,50","92,00","7,50",Suroeste 220°,"11,80",Suroeste 220°,"9,40","9,50",2025-01-09
10:00,"0,00","10,40","89,00","5,90",Suroeste 210°,"12,40",Suroeste 220°,"9,50","10,50",2025-01-09
11:00,"0,00","11,20","84,00","7,60",Suroeste 220°,"11,80",Suroeste 230°,"10,40","11,30",2025-01-09
12:00,"0,00","12,20","79,00","7,20",Suroeste 230°,"13,90",Suroeste 220°,"11,20","12,20",2025-01-09
13:00,"0,00","13,70","72,00","6,90",Suroeste 220°,"16,00",Suroeste 220°,"12,30","13,80",2025-01-09
14:00,"0,00","14,30","70,00","6,30",Suroeste 210°,"13,90",Sur 190°,"13,70","14,50",2025-01-09
15:00,"0,00","14,30","70,00","6,30",Suroeste 240°,"12,90",Suroeste 210°,"14,00","14,90",2025-01-09
16:00,"0,00","14,60","68,00","6,60",Suroeste 220°,"13,40",Suroeste 230°,"14,30","14,90",2025-01-09
17:00,"0,00","14,20","71,00","5,40",Suroeste 210°,"12,40",Suroeste 230°,"14,10","14,60",2025-01-09
18:00,"0,00","12,40","78,00","5,10",Sur 190°,"9,30",Sur 170°,"12,30","14,20",2025-01-09
19:00,"0,00","11,50","82,00","2,90",Sur 160°,"10,30",Suroeste 220°,"11,30","12,30",2025-01-09
20:00,"0,00","9,90","87,00","1,80",Este 110°,"3,60",Sureste 150°,"9,80","11,20",2025-01-09
21:00,"0,00","9,10","90,00","1,40",Sureste 140°,"3,60",Sureste 120°,"9,10","10,10",2025-01-09
22:00,"0,00","8,40","94,00","1,50",Sureste 120°,"3,10",Suroeste 220°,"8,40","9,00",2025-01-09
23:00,"0,00","7,90","95,00","2,70",Sureste 140°,"4,10",Sureste 150°,"7,80","8,40",2025-01-09
00:00,"0,00","7,00","97,00","1,40",Noroeste 330°,"3,10",Norte 360°,"6,70","7,30",2025-01-10
01:00,"0,00","7,10","98,00","1,90",Sureste 130°,"4,60",Sur 170°,"7,00","7,80",2025-01-10
02:00,"0,00","6,70","100,00","2,10",Este 110°,"3,60",Sureste 150°,"6,60","7,10",2025-01-10
03:00,"0,00","6,40","100,00","1,40",Sur 160°,"3,60",Suroeste 210°,"6,40","6,90",2025-01-10
04:00,"0,00","5,70","100,00","1,40",Norte 350°,"2,10",Norte 350°,"5,40","6,40",2025-01-10
05:00,"0,00","6,40","100,00","0,40",Noreste 40°,"3,60",Norte 340°,"5,60","6,40",2025-01-10
06:00,"0,00","6,70","100,00","0,00",,"0,00",,"6,40","6,80",2025-01-10
07:00,"0,00","7,00","100,00","0,20",Norte 10°,"1,50",Sureste 150°,"6,80","7,10",2025-01-10
08:00,"0,00","7,00","100,00","0,10",Norte 360°,"2,10",Noroeste 300°,"6,90","7,10",2025-01-10
09:00,"0,00","7,20","100,00","1,40",Norte 10°,"2,10",Norte 350°,"7,00","7,20",2025-01-10
10:00,"0,00","7,30","100,00","1,30",Norte 360°,"2,60",Norte 360°,"7,20","7,30",2025-01-10
11:00,"0,00","7,90","100,00","0,60",Suroeste 240°,"3,10",Suroeste 220°,"7,30","8,10",2025-01-10
12:00,"0,00","9,40","90,00","0,00",,"2,60",Norte 350°,"8,10","9,60",2025-01-10
13:00,"0,00","10,50","82,00","1,70",Sur 200°,"7,70",Oeste 250°,"9,60","10,90",2025-01-10
14:00,"0,00","11,90","74,00","0,90",Noroeste 310°,"4,10",Suroeste 210°,"11,00","12,20",2025-01-10
15:00,"0,00","13,40","68,00","1,90",Oeste 290°,"4,60",Suroeste 230°,"12,20","13,60",2025-01-10
16:00,"0,00","14,10","66,00","1,10",Norte 350°,"2,60",Norte 340°,"12,90","14,30",2025-01-10
17:00,"0,00","12,30","72,00","2,10",Norte 10°,"3,10",Norte 10°,"12,10","13,60",2025-01-10
18:00,"0,00","10,30","80,00","2,30",Noroeste 330°,"3,10",Noroeste 330°,"10,10","12,10",2025-01-10
19:00,"0,00","9,80","81,00","2,50",Norte 350°,"4,60",Noroeste 320°,"9,40","10,00",2025-01-10
20:00,"0,00","7,80","88,00","2,90",Noroeste 330°,"3,60",Noroeste 310°,"7,70","9,70",2025-01-10
21:00,"0,00","7,50","91,00","1,50",Oeste 280°,"3,60",Noroeste 330°,"7,40","7,90",2025-01-10
22:00,"0,00","7,30","96,00","1,30",Norte 360°,"2,10",Norte 350°,"6,90","7,60",2025-01-10
23:00,"0,00","7,20","95,00","1,90",Norte 360°,"2,60",Norte 360°,"7,10","7,60",2025-01-10
00:00,"0,00","9,00","78,00","0,30",Norte 20°,"2,60",Suroeste 220°,"8,80","9,90",2025-01-11
01:00,"0,00","7,40","96,00","0,30",Noreste 30°,"1,50",Noreste 30°,"7,00","7,40",2025-01-11
02:00,"0,00","8,50","98,00","0,00",,"3,60",Suroeste 240°,"7,30","8,50",2025-01-11
03:00,"0,00","9,40","96,00","2,10",Sur 200°,"4,10",Suroeste 230°,"8,50","9,60",2025-01-11
04:00,"0,00","10,20","90,00","1,40",Este 110°,"6,20",Suroeste 230°,"9,50","10,40",2025-01-11
05:00,"0,00","9,80","94,00","0,90",Sureste 130°,"2,60",Suroeste 220°,"9,60","10,00",2025-01-11
06:00,"0,00","9,30","97,00","0,80",Sureste 120°,"2,60",Noreste 40°,"9,30","9,70",2025-01-11
07:00,"0,00","10,00","98,00","2,70",Sur 160°,"3,60",Sureste 150°,"9,20","10,10",2025-01-11
08:00,"0,00","9,60","99,00","1,80",Sureste 150°,"3,10",Sur 190°,"9,50","10,20",2025-01-11
09:00,"0,00","8,90","100,00","0,90",Este 100°,"3,60",Suroeste 230°,"8,70","9,50",2025-01-11
10:00,"0,00","11,00","100,00","2,60",Sureste 150°,"5,70",Sureste 150°,"8,80","11,20",2025-01-11
11:00,"0,00","13,70","82,00","2,10",Sureste 150°,"5,70",Sur 160°,"11,30","14,00",2025-01-11
12:00,"0,00","15,50","75,00","3,10",Sureste 140°,"4,10",Sureste 150°,"14,00","15,60",2025-01-11
13:00,"0,00","16,40","71,00","3,60",Sureste 140°,"5,10",Este 80°,"15,50","16,60",2025-01-11
14:00,"0,00","17,90","65,00","2,70",Sureste 120°,"5,10",Este 110°,"16,40","18,00",2025-01-11
15:00,"0,00","18,80","54,00","1,30",Norte 360°,"4,60",Sur 180°,"18,00","19,10",2025-01-11
16:00,"0,00","19,40","43,00","1,20",Norte 350°,"6,70",Norte 360°,"18,60","19,50",2025-01-11
17:00,"0,00","19,10","44,00","2,90",Norte 340°,"7,20",Norte 340°,"19,00","19,90",2025-01-11
18:00,"0,00","16,10","50,00","4,80",Norte 350°,"9,80",Norte 360°,"16,00","18,80",2025-01-11
19:00,"0,00","14,30","57,00","2,90",Suroeste 230°,"8,20",Norte 360°,"13,80","16,00",2025-01-11
20:00,"0,00","11,90","64,00","1,10",Sureste 120°,"4,60",Suroeste 230°,"11,80","14,30",2025-01-11
21:00,"0,00","11,60","64,00","1,60",Sureste 140°,"4,10",Suroeste 230°,"10,50","11,80",2025-01-11
22:00,"0,00","10,60","70,00","1,30",Sureste 130°,"5,70",Suroeste 240°,"10,20","11,50",2025-01-11
23:00,"0,00","9,90","74,00","1,80",Oeste 280°,"4,60",Oeste 250°,"9,40","10,80",2025-01-11
00:00,"0,00","4,40","48,00","1,50",Norte 20°,"5,70",Norte 360°,"4,30","6,30",2025-01-12
01:00,"0,00","9,30","71,00","1,70",Este 100°,"5,10",Norte 350°,"9,10","10,10",2025-01-12
02:00,"0,00","9,30","67,00","1,60",Norte 10°,"4,10",Noreste 30°,"8,50","9,50",2025-01-12
03:00,"0,00","8,80","61,00","2,10",Sureste 130°,"4,60",Norte 10°,"8,40","9,20",2025-01-12
04:00,"0,00","7,40","61,00","2,20",Sur 180°,"4,10",Este 70°,"6,80","8,10",2025-01-12
05:00,"0,00","6,70","56,00","1,70",Este 80°,"5,70",Este 80°,"6,40","6,90",2025-01-12
06:00,"0,00","5,80","61,00","0,90",Este 70°,"3,60",Este 110°,"5,30","6,20",2025-01-12
07:00,"0,00","4,30","68,00","1,60",Sur 160°,"3,10",Sureste 140°,"4,10","5,70",2025-01-12
08:00,"0,00","3,40","72,00","1,30",Sureste 140°,"2,60",Sureste 140°,"3,30","4,10",2025-01-12
09:00,"0,00","3,60","76,00","0,90",Suroeste 220°,"3,60",Sur 190°,"2,70","3,70",2025-01-12
10:00,"0,00","4,20","78,00","0,30",Noreste 30°,"2,10",Suroeste 210°,"3,60","4,30",2025-01-12
11:00,"0,00","6,10","70,00","0,70",Oeste 260°,"3,10",Suroeste 210°,"4,30","6,20",2025-01-12
12:00,"0,00","8,90","57,00","1,40",Oeste 280°,"3,10",Oeste 270°,"6,30","9,00",2025-01-12
13:00,"0,00","11,70","47,00","0,80",Oeste 250°,"4,10",Oeste 290°,"9,10","12,10",2025-01-12
14:00,"0,00","13,70","42,00","1,90",Sureste 140°,"4,10",Oeste 270°,"11,80","13,70",2025-01-12
15:00,"0,00","14,10","41,00","2,10",Noroeste 300°,"5,70",Suroeste 230°,"13,60","14,30",2025-01-12
16:00,"0,00","15,10","34,00","5,60",Norte 10°,"7,70",Norte 10°,"14,20","15,20",2025-01-12
17:00,"0,00","13,90","36,00","6,90",Norte 350°,"11,30",Norte 360°,"13,80","15,00",2025-01-12
18:00,"0,00","12,20","41,00","4,20",Norte 360°,"12,90",Noroeste 330°,"12,00","13,80",2025-01-12
19:00,"0,00","10,20","46,00","3,70",Norte 350°,"7,20",Norte 340°,"10,00","11,90",2025-01-12
20:00,"0,00","9,20","50,00","5,60",Norte 350°,"7,70",Norte 340°,"9,10","10,10",2025-01-12
21:00,"0,00","8,20","55,00","4,70",Norte 340°,"7,70",Noroeste 330°,"8,10","9,20",2025-01-12
22:00,"0,00","7,40","52,00","3,80",Norte 10°,"7,20",Norte 340°,"7,20","8,30",2025-01-12
23:00,"0,00","6,40","51,00","4,70",Norte 360°,"7,70",Norte 350°,"6,40","7,20",2025-01-12
00:00,"0,00","-1,10","59,00","1,80",Norte 350°,"3,10",Norte 340°,"-1,30","-0,10",2025-01-13
01:00,"0,00","3,50","44,00","0,80",Este 110°,"2,10",Sureste 130°,"3,00","4,30",2025-01-13
02:00,"0,00","1,90","56,00","0,20",Sur 200°,"2,60",Este 70°,"1,80","3,40",2025-01-13
03:00,"0,00","1,00","56,00","0,60",Suroeste 220°,"1,50",Suroeste 220°,"0,70","1,90",2025-01-13
04:00,"0,00","-1,30","61,00","0,80",Norte 350°,"2,10",Norte 360°,"-1,60","0,60",2025-01-13
05:00,"0,00","-2,90","68,00","1,20",Sureste 130°,"2,10",Sureste 130°,"-3,10","-1,60",2025-01-13
06:00,"0,00","-3,50","81,00","0,90",Noreste 50°,"2,60",Noreste 60°,"-3,60","-3,10",2025-01-13
07:00,"0,00","-3,40","86,00","0,10",Noreste 60°,"2,60",Este 100°,"-3,80","-3,20",2025-01-13
08:00,"0,00","-4,50","86,00","0,90",Noreste 30°,"2,10",Noreste 40°,"-4,50","-3,50",2025-01-13
09:00,"0,00","-5,00","84,00","0,00",,"2,10",Norte 360°,"-5,10","-4,50",2025-01-13
10:00,"0,00","-2,60","75,00","1,90",Noroeste 320°,"3,10",Norte 10°,"-5,10","-2,20",2025-01-13
11:00,"0,00","1,80","59,00","1,30",Sur 170°,"2,60",Suroeste 210°,"-2,20","1,90",2025-01-13
12:00,"0,00","5,20","51,00","0,50",Sureste 150°,"3,60",Sur 180°,"2,10","5,40",2025-01-13
13:00,"0,00","8,50","39,00","1,90",Suroeste 220°,"4,10",Suroeste 220°,"5,10","8,70",2025-01-13
14:00,"0,00","10,80","23,00","1,60",Sur 190°,"6,70",Suroeste 210°,"8,60","11,10",2025-01-13
15:00,"0,00","12,00","19,00","1,40",Norte 350°,"4,10",Sur 160°,"11,10","12,50",2025-01-13
16:00,"0,00","13,10","20,00","1,40",Noreste 30°,"4,60",Norte 10°,"12,00","13,30",2025-01-13
17:00,"0,00","12,60","22,00","2,80",Norte 350°,"5,70",Noroeste 320°,"12,50","13,20",2025-01-13
18:00,"0,00","10,40","26,00","0,70",Noreste 50°,"3,60",Norte 360°,"10,10","12,60",2025-01-13
19:00,"0,00","8,70","21,00","2,40",Noreste 50°,"4,60",Este 70°,"8,60","10,10",2025-01-13
20:00,"0,00","6,50","32,00","3,90",Norte 350°,"6,20",Norte 350°,"6,40","8,70",2025-01-13
21:00,"0,00","3,90","39,00","2,50",Noroeste 330°,"5,70",Norte 350°,"3,50","6,30",2025-01-13
22:00,"0,00","1,60","47,00","1,30",Norte 350°,"3,10",Noroeste 330°,"1,50","3,70",2025-01-13
23:00,"0,00","0,00","54,00","1,70",Norte 360°,"2,60",Norte 350°,"0,00","1,50",2025-01-13
00:00,"0,00","-1,70","66,00","2,30",Norte 10°,"3,10",Norte 360°,"-1,80","-0,90",2025-01-14
01:00,"0,00","-2,40","63,00","2,40",Norte 360°,"3,10",Norte 360°,"-2,50","-1,10",2025-01-14
02:00,"0,00","-1,30","51,00","3,50",Noroeste 320°,"4,60",Norte 340°,"-2,10","-0,90",2025-01-14
03:00,"0,00","-2,20","57,00","2,60",Norte 350°,"4,60",Norte 350°,"-2,30","-1,60",2025-01-14
04:00,"0,00","-2,20","51,00","0,40",Noroeste 310°,"3,10",Norte 350°,"-2,90","-1,90",2025-01-14
05:00,"0,00","-2,30","48,00","0,20",Noroeste 330°,"2,10",Noroeste 320°,"-2,50","-1,80",2025-01-14
06:00,"0,00","-2,60","52,00","0,30",Sureste 130°,"3,60",Norte 340°,"-2,80","-1,80",2025-01-14
07:00,"0,00","-3,20","55,00","0,50",Norte 20°,"1,00",Norte 10°,"-3,40","-2,60",2025-01-14
08:00,"0,00","-4,10","61,00","1,30",Noreste 30°,"2,10",Norte 10°,"-4,20","-3,40",2025-01-14
09:00,"0,00","-4,60","64,00","1,50",Norte 360°,"2,10",Norte 360°,"-4,70","-4,20",2025-01-14
10:00,"0,00","-1,90","60,00","0,80",Norte 360°,"2,10",Norte 10°,"-4,80","-1,40",2025-01-14
11:00,"0,00","1,00","49,00","1,10",Norte 10°,"2,10",Norte 20°,"-1,70","1,40",2025-01-14
12:00,"0,00","3,80","36,00","1,30",Oeste 280°,"2,60",Oeste 260°,"1,10","4,00",2025-01-14
13:00,"0,00","6,80","30,00","1,30",Sur 170°,"4,10",Sur 190°,"4,10","6,90",2025-01-14
14:00,"0,00","7,80","24,00","1,20",Oeste 290°,"4,10",Suroeste 210°,"7,00","8,40",2025-01-14
15:00,"0,00","9,50","23,00","1,50",Oeste 280°,"3,10",Noroeste 300°,"7,90","9,60",2025-01-14
16:00,"0,00","11,50","21,00","0,20",Norte 20°,"3,10",Norte 340°,"9,50","11,80",2025-01-14
17:00,"0,00","12,70","18,00","0,10",Suroeste 240°,"2,10",Oeste 260°,"11,40","12,90",2025-01-14
18:00,"0,00","9,30","31,00","0,00",,"1,50",Sureste 140°,"9,00","12,50",2025-01-14
19:00,"0,00","5,50","33,00","0,80",Suroeste 210°,"2,60",Suroeste 210°,"5,20","9,00",2025-01-14
20:00,"0,00","3,50","38,00","1,30",Norte 350°,"2,10",Oeste 250°,"3,20","5,30",2025-01-14
21:00,"0,00","1,60","44,00","0,70",Noreste 30°,"2,60",Norte 360°,"1,30","3,30",2025-01-14
22:00,"0,00","0,10","52,00","1,00",Norte 20°,"2,10",Norte 10°,"-0,10","1,30",2025-01-14
23:00,"0,00","-0,70","60,00","2,40",Noroeste 320°,"3,10",Noroeste 320°,"-0,90","0,00",2025-01-14
00:00,"0,00","-0,70","70,00","0,30",Noroeste 330°,"2,60",Norte 10°,"-0,80","0,00",2025-01-15
01:00,"0,00","-2,50","69,00","1,40",Norte 360°,"3,10",Norte 360°,"-2,60","-1,80",2025-01-15
02:00,"0,00","-3,20","72,00","1,60",Norte 340°,"2,60",Norte 10°,"-3,30","-2,40",2025-01-15
03:00,"0,00","-3,70","71,00","1,10",Norte 340°,"2,60",Norte 350°,"-3,80","-3,30",2025-01-15
04:00,"0,00","-4,20","75,00","1,40",Noreste 30°,"2,10",Norte 10°,"-4,20","-3,70",2025-01-15
05:00,"0,00","-5,00","76,00","0,00",,"2,10",Norte 10°,"-5,10","-4,20",2025-01-15
06:00,"0,00","-5,80","79,00","1,40",Norte 340°,"2,60",Norte 10°,"-5,80","-5,10",2025-01-15
07:00,"0,00","-6,30","82,00","1,80",Norte 10°,"2,60",Norte 10°,"-6,50","-5,80",2025-01-15
08:00,"0,00","-6,50","83,00","1,60",Norte 360°,"2,60",Norte 10°,"-6,60","-6,30",2025-01-15
09:00,"0,00","-6,80","84,00","0,20",Norte 20°,"2,10",Norte 10°,"-7,00","-6,60",2025-01-15
10:00,"0,00","-4,30","78,00","0,80",Norte 350°,"2,10",Norte 360°,"-7,10","-4,00",2025-01-15
11:00,"0,00","-1,20","64,00","1,20",Noroeste 320°,"2,60",Norte 360°,"-3,70","-0,90",2025-01-15
12:00,"0,00","2,30","49,00","1,40",Oeste 280°,"3,10",Oeste 260°,"-0,80","2,80",2025-01-15
13:00,"0,00","5,80","34,00","0,60",Suroeste 220°,"2,60",Suroeste 220°,"2,80","6,00",2025-01-15
14:00,"0,00","8,50","28,00","0,60",Oeste 250°,"3,60",Oeste 250°,"6,20","8,70",2025-01-15
15:00,"0,00","11,30","25,00","0,60",Sur 190°,"2,10",Sur 200°,"8,30","11,60",2025-01-15
16:00,"0,00","11,90","26,00","1,50",Sureste 130°,"3,10",Sur 170°,"11,60","12,20",2025-01-15
17:00,"0,00","12,70","23,00","1,90",Sur 200°,"3,60",Suroeste 220°,"11,80","12,80",2025-01-15
18:00,"0,00","10,70","28,00","2,10",Sur 180°,"4,60",Suroeste 210°,"10,50","12,80",2025-01-15
19:00,"0,00","7,90","34,00","1,40",Sur 200°,"3,60",Sur 180°,"7,50","10,50",2025-01-15
20:00,"0,00","5,30","44,00","1,20",Este 110°,"2,10",Sureste 120°,"5,00","7,40",2025-01-15
21:00,"0,00","3,10","52,00","0,00",,"2,60",Este 90°,"2,80","5,00",2025-01-15
22:00,"0,00","1,60","57,00","0,00",,"2,60",Norte 10°,"1,60","2,80",2025-01-15
23:00,"0,00","0,30","65,00","0,00",,"2,60",Norte 360°,"0,10","1,60",2025-01-15
00:00,"0,00","4,50","66,00","4,50",Norte 350°,"6,20",Norte 360°,"4,30","5,50",2025-01-16
01:00,"0,00","-1,90","75,00","0,00",,"2,10",Norte 360°,"-1,90","-0,80",2025-01-16
02:00,"0,00","-1,90","75,00","0,80",Norte 10°,"1,50",Norte 350°,"-2,10","-1,80",2025-01-16
03:00,"0,00","-2,50","80,00","1,40",Norte 350°,"2,10",Norte 340°,"-2,60","-2,10",2025-01-16
04:00,"0,00","-2,80","78,00","1,20",Noroeste 310°,"2,60",Norte 10°,"-2,80","-2,50",2025-01-16
05:00,"0,00","-2,90","81,00","1,50",Norte 10°,"2,10",Norte 10°,"-3,00","-2,80",2025-01-16
06:00,"0,00","-3,50","81,00","2,30",Noroeste 320°,"3,10",Noroeste 310°,"-3,80","-2,90",2025-01-16
07:00,"0,00","-3,30","80,00","1,10",Noroeste 330°,"3,10",Norte 360°,"-3,30","-3,00",2025-01-16
08:00,"0,00","-3,50","82,00","1,60",Norte 350°,"2,60",Norte 340°,"-3,50","-3,10",2025-01-16
09:00,"0,00","-3,60","82,00","1,10",Norte 360°,"2,60",Norte 350°,"-3,80","-3,20",2025-01-16
10:00,"0,00","-1,20","76,00","1,80",Norte 360°,"2,60",Norte 360°,"-3,60","-0,90",2025-01-16
11:00,"0,00","2,80","60,00","1,20",Norte 340°,"4,10",Norte 350°,"-0,80","3,00",2025-01-16
12:00,"0,00","6,90","49,00","0,90",Norte 340°,"2,60",Norte 340°,"3,10","7,20",2025-01-16
13:00,"0,00","10,30","40,00","0,40",Norte 350°,"3,60",Sur 190°,"7,20","10,70",2025-01-16
14:00,"0,00","12,00","35,00","2,30",Noroeste 310°,"4,10",Norte 360°,"10,60","12,50",2025-01-16
15:00,"0,00","14,00","30,00","3,20",Noreste 40°,"5,70",Noreste 30°,"12,00","14,20",2025-01-16
16:00,"0,00","14,50","30,00","2,30",Este 110°,"6,70",Este 110°,"13,90","14,60",2025-01-16
17:00,"0,00","12,70","37,00","3,90",Este 70°,"7,20",Este 70°,"12,20","14,30",2025-01-16
18:00,"0,00","9,80","46,00","1,50",Este 70°,"6,70",Noreste 50°,"9,70","12,30",2025-01-16
19:00,"0,00","7,40","52,00","1,40",Este 80°,"3,10",Este 80°,"7,30","9,70",2025-01-16
20:00,"0,00","7,40","53,00","1,40",Noreste 30°,"3,60",Este 70°,"6,70","7,40",2025-01-16
21:00,"0,00","7,30","56,00","2,70",Norte 350°,"5,70",Norte 360°,"7,20","7,50",2025-01-16
22:00,"0,00","6,80","59,00","2,20",Norte 10°,"5,10",Norte 10°,"6,70","7,30",2025-01-16
23:00,"0,00","5,70","62,00","3,10",Norte 350°,"4,60",Norte 360°,"5,60","6,70",2025-01-16
00:00,"0,00","1,80","78,00","1,90",Norte 360°,"3,60",Norte 350°,"1,70","2,70",2025-01-17
01:00,"0,00","3,40","71,00","2,90",Norte 360°,"6,20",Norte 360°,"3,40","4,50",2025-01-17
02:00,"0,00","3,80","70,00","3,30",Noroeste 330°,"4,10",Norte 340°,"3,40","3,80",2025-01-17
03:00,"0,00","3,10","70,00","1,50",Noroeste 310°,"4,60",Norte 20°,"2,70","3,80",2025-01-17
04:00,"0,00","2,00","75,00","2,00",Noroeste 330°,"5,70",Norte 360°,"1,90","2,70",2025-01-17
05:00,"0,00","2,00","75,00","3,80",Noroeste 330°,"5,10",Norte 340°,"1,30","2,20",2025-01-17
06:00,"0,00","1,40","76,00","0,10",Norte 10°,"5,10",Norte 20°,"1,10","2,20",2025-01-17
07:00,"0,00","1,10","82,00","3,50",Norte 350°,"5,70",Norte 350°,"-0,40","1,60",2025-01-17
08:00,"0,00","1,80","78,00","3,70",Norte 340°,"5,10",Noroeste 330°,"1,40","1,90",2025-01-17
09:00,"0,00","1,10","80,00","3,00",Norte 350°,"5,70",Norte 340°,"1,00","1,90",2025-01-17
10:00,"0,00","3,20","76,00","3,10",Norte 360°,"4,60",Norte 10°,"1,00","3,60",2025-01-17
11:00,"0,00","7,00","61,00","3,50",Noreste 30°,"6,70",Norte 20°,"3,60","7,10",2025-01-17
12:00,"0,00","8,50","56,00","3,70",Noreste 40°,"8,20",Este 80°,"7,20","8,50",2025-01-17
13:00,"0,00","9,70","51,00","3,50",Noreste 50°,"6,70",Noreste 50°,"8,50","9,90",2025-01-17
14:00,"0,00","11,20","45,00","3,00",Noreste 40°,"6,70",Noreste 50°,"9,80","11,20",2025-01-17
15:00,"0,00","12,00","43,00","2,20",Noreste 40°,"5,70",Este 70°,"11,30","12,10",2025-01-17
16:00,"0,00","12,10","43,00","2,80",Noreste 30°,"5,70",Este 70°,"11,80","12,40",2025-01-17
17:00,"0,00","11,80","43,00","1,80",Noreste 50°,"5,70",Noreste 30°,"11,70","12,20",2025-01-17
18:00,"0,00","10,50","46,00","2,50",Norte 360°,"4,60",Norte 360°,"10,50","11,90",2025-01-17
19:00,"0,00","7,70","53,00","2,40",Norte 350°,"3,10",Norte 350°,"7,60","10,50",2025-01-17
20:00,"0,00","5,70","61,00","2,10",Noroeste 320°,"3,10",Noroeste 310°,"5,30","7,60",2025-01-17
21:00,"0,00","4,80","67,00","3,30",Noroeste 320°,"5,10",Norte 340°,"4,60","5,60",2025-01-17
22:00,"0,00","4,20","70,00","4,00",Noroeste 330°,"5,10",Noroeste 320°,"4,10","5,00",2025-01-17
23:00,"0,00","2,70","74,00","2,70",Noroeste 300°,"4,10",Norte 340°,"2,50","4,10",2025-01-17
00:00,"0,00","-0,50","80,00","0,00",,"2,60",Norte 340°,"-0,60","0,10",2025-01-18
01:00,"0,00","0,70","83,00","1,40",Noreste 30°,"2,60",Noroeste 320°,"0,40","1,70",2025-01-18
02:00,"0,00","-0,70","89,00","1,30",Norte 350°,"2,10",Norte 360°,"-0,90","0,40",2025-01-18
03:00,"0,00","-0,80","89,00","1,20",Norte 10°,"2,60",Norte 350°,"-1,20","-0,60",2025-01-18
04:00,"0,00","-1,70","92,00","1,50",Norte 350°,"3,10",Noroeste 310°,"-1,90","-0,90",2025-01-18
05:00,"0,00","-2,30","94,00","1,60",Norte 10°,"2,10",Norte 10°,"-2,40","-1,70",2025-01-18
06:00,"0,00","-2,50","94,00","1,50",Noroeste 320°,"2,10",Noroeste 330°,"-2,60","-2,40",2025-01-18
07:00,"0,00","-3,30","90,00","1,30",Noroeste 330°,"2,10",Noroeste 320°,"-3,40","-2,40",2025-01-18
08:00,"0,00","-3,40","91,00","1,20",Norte 360°,"2,10",Norte 350°,"-3,40","-3,10",2025-01-18
09:00,"0,00","-3,30","92,00","1,50",Noreste 40°,"2,60",Norte 10°,"-3,40","-3,30",2025-01-18
10:00,"0,00","-0,30","90,00","0,20",Este 100°,"2,10",Este 90°,"-3,40","0,00",2025-01-18
11:00,"0,00","2,00","77,00","0,80",Suroeste 230°,"4,10",Oeste 250°,"0,10","2,30",2025-01-18
12:00,"0,00","5,10","65,00","2,00",Sur 170°,"5,70",Oeste 270°,"2,40","5,40",2025-01-18
13:00,"0,00","7,50","59,00","1,00",Sur 200°,"3,60",Oeste 260°,"5,40","7,70",2025-01-18
14:00,"0,00","9,20","53,00","0,40",Suroeste 230°,"3,10",Oeste 280°,"7,70","9,70",2025-01-18
15:00,"0,00","11,20","44,00","1,20",Sur 190°,"3,60",Suroeste 210°,"9,50","11,40",2025-01-18
16:00,"0,00","12,10","38,00","0,80",Sur 180°,"3,10",Suroeste 220°,"11,10","12,10",2025-01-18
17:00,"0,00","11,80","37,00","1,40",Sur 200°,"4,10",Suroeste 220°,"11,70","12,10",2025-01-18
18:00,"0,00","9,90","45,00","1,80",Sur 180°,"5,10",Sur 190°,"9,40","11,60",2025-01-18
19:00,"0,00","8,20","49,00","2,30",Sur 200°,"4,10",Suroeste 220°,"8,20","9,30",2025-01-18
20:00,"0,00","5,90","57,00","1,40",Suroeste 230°,"3,60",Suroeste 220°,"5,20","8,20",2025-01-18
21:00,"0,00","3,40","66,00","1,50",Norte 10°,"2,60",Norte 20°,"3,30","5,20",2025-01-18
22:00,"0,00","1,70","72,00","2,40",Noroeste 320°,"2,60",Norte 340°,"1,60","3,20",2025-01-18
23:00,"0,00","0,20","79,00","2,10",Norte 350°,"2,60",Norte 350°,"0,10","1,50",2025-01-18
00:00,"0,00","3,50","80,00","1,20",Sureste 120°,"2,10",Sureste 120°,"3,40","4,70",2025-01-19
01:00,"0,00","-1,50","85,00","1,90",Norte 350°,"2,60",Norte 350°,"-1,60","-0,60",2025-01-19
02:00,"0,00","-1,70","86,00","2,30",Norte 360°,"3,10",Norte 350°,"-1,80","-1,40",2025-01-19
03:00,"0,00","-2,40","88,00","1,00",Norte 340°,"2,60",Norte 360°,"-2,40","-1,80",2025-01-19
04:00,"0,00","-2,90","91,00","1,30",Norte 360°,"1,50",Norte 360°,"-3,00","-2,40",2025-01-19
05:00,"0,00","-3,10","90,00","1,50",Norte 340°,"2,60",Norte 340°,"-3,10","-3,00",2025-01-19
06:00,"0,00","-3,70","89,00","1,40",Norte 350°,"2,10",Norte 360°,"-3,70","-3,10",2025-01-19
07:00,"0,00","-4,00","90,00","1,30",Noreste 30°,"2,10",Norte 20°,"-4,10","-3,70",2025-01-19
08:00,"0,00","-4,50","90,00","1,20",Norte 10°,"2,10",Norte 10°,"-4,60","-4,10",2025-01-19
09:00,"0,00","-4,80","89,00","1,70",Norte 350°,"2,10",Norte 350°,"-4,80","-4,50",2025-01-19
10:00,"0,00","-2,70","83,00","0,40",Noroeste 300°,"2,10",Norte 10°,"-4,70","-2,50",2025-01-19
11:00,"0,00","1,50","71,00","0,40",Oeste 260°,"1,50",Oeste 250°,"-2,50","1,80",2025-01-19
12:00,"0,00","3,80","64,00","0,80",Noroeste 330°,"3,60",Suroeste 240°,"1,50","4,10",2025-01-19
13:00,"0,00","6,30","60,00","0,80",Oeste 280°,"3,60",Oeste 270°,"3,90","6,50",2025-01-19
14:00,"0,00","8,50","54,00","1,20",Sur 180°,"3,60",Oeste 250°,"6,10","8,70",2025-01-19
15:00,"0,00","9,90","52,00","2,90",Sur 190°,"7,20",Sur 190°,"8,70","10,00",2025-01-19
16:00,"0,00","10,50","48,00","3,30",Suroeste 220°,"6,20",Suroeste 230°,"10,00","10,70",2025-01-19
17:00,"0,00","10,60","50,00","2,90",Suroeste 210°,"9,30",Suroeste 220°,"10,50","10,80",2025-01-19
18:00,"0,00","9,70","54,00","3,40",Suroeste 230°,"8,20",Suroeste 220°,"9,60","10,60",2025-01-19
19:00,"0,00","8,10","59,00","2,00",Sur 190°,"9,30",Suroeste 220°,"8,00","9,50",2025-01-19
20:00,"0,00","6,80","64,00","1,20",Sur 170°,"5,10",Suroeste 220°,"6,30","8,10",2025-01-19
21:00,"0,00","6,50","66,00","0,90",Sureste 130°,"4,10",Suroeste 210°,"6,20","7,30",2025-01-19
22:00,"0,00","5,70","70,00","1,80",Sureste 130°,"2,60",Sureste 130°,"5,50","6,20",2025-01-19
23:00,"0,00","4,80","73,00","1,10",Sureste 120°,"2,60",Sureste 130°,"4,70","5,70",2025-01-19
00:00,"0,10","6,00","100,00","1,50",Norte 350°,"2,60",Noroeste 330°,"6,00","6,10",2025-01-20
01:00,"0,00","3,20","81,00","0,10",Sur 160°,"1,50",Sureste 120°,"3,00","3,60",2025-01-20
02:00,"0,00","3,50","80,00","1,30",Noroeste 330°,"3,60",Norte 360°,"3,40","3,90",2025-01-20
03:00,"0,20","3,30","93,00","0,80",Este 100°,"2,60",Norte 350°,"3,20","3,60",2025-01-20
04:00,"0,10","3,40","93,00","0,00",,"2,60",Sureste 140°,"3,20","3,40",2025-01-20
05:00,"0,10","3,40","95,00","0,00",,"2,10",Este 90°,"3,20","3,40",2025-01-20
06:00,"0,00","3,50","97,00","0,50",Noroeste 330°,"1,50",Noroeste 330°,"3,40","3,60",2025-01-20
07:00,"0,00","3,50","99,00","1,10",Noroeste 330°,"2,10",Norte 360°,"3,50","3,50",2025-01-20
08:00,"0,00","3,60","99,00","1,40",Norte 20°,"2,10",Noreste 40°,"3,50","3,60",2025-01-20
09:00,"1,80","3,60","100,00","1,50",Norte 360°,"2,10",Norte 350°,"3,60","3,60",2025-01-20
10:00,"1,30","4,10","100,00","0,30",Norte 360°,"2,10",Norte 10°,"3,60","4,20",2025-01-20
11:00,"1,00","4,60","100,00","0,00",,"1,50",Norte 10°,"4,20","4,60",2025-01-20
12:00,"1,20","5,20","99,00","1,30",Este 110°,"3,60",Sur 190°,"4,60","5,20",2025-01-20
13:00,"0,00","5,90","99,00","2,30",Sur 160°,"4,10",Sur 200°,"5,20","6,00",2025-01-20
14:00,"0,00","6,40","97,00","1,00",Sur 170°,"4,60",Suroeste 230°,"5,90","6,40",2025-01-20
15:00,"0,00","6,80","97,00","1,40",Sur 160°,"3,60",Oeste 250°,"6,40","6,80",2025-01-20
16:00,"0,00","7,10","97,00","1,80",Sureste 150°,"3,60",Sur 170°,"6,90","7,20",2025-01-20
17:00,"0,00","7,30","98,00","0,00",,"2,60",Oeste 280°,"7,20","7,40",2025-01-20
18:00,"0,00","6,70","100,00","1,70",Norte 350°,"2,60",Norte 360°,"6,70","7,40",2025-01-20
19:00,"0,00","6,20","100,00","2,80",Norte 350°,"3,60",Norte 360°,"6,20","6,60",2025-01-20
20:00,"0,10","6,00","100,00","3,10",Norte 350°,"4,10",Norte 350°,"6,00","6,20",2025-01-20
21:00,"0,00","6,00","100,00","2,60",Norte 350°,"4,10",Norte 360°,"6,00","6,00",2025-01-20
22:00,"0,10","6,00","100,00","1,80",Norte 360°,"3,60",Norte 350°,"6,00","6,00",2025-01-20
23:00,"0,00","6,10","100,00","1,60",Noroeste 330°,"2,10",Norte 350°,"6,00","6,10",2025-01-20
00:00,"0,00","10,00","88,00","3,40",Sureste 150°,"6,70",Sur 170°,"10,00","10,60",2025-01-21
01:00,"0,10","6,00","100,00","2,50",Norte 350°,"3,60",Norte 350°,"6,00","6,00",2025-01-21
02:00,"0,30","6,00","100,00","2,10",Noroeste 330°,"3,60",Noroeste 320°,"5,90","6,00",2025-01-21
03:00,"0,80","5,90","100,00","2,30",Norte 350°,"3,10",Norte 360°,"5,90","5,90",2025-01-21
04:00,"0,20","6,00","100,00","1,20",Norte 340°,"2,60",Noroeste 330°,"5,90","6,00",2025-01-21
05:00,"0,10","6,00","100,00","1,50",Norte 350°,"2,60",Norte 360°,"6,00","6,00",2025-01-21
06:00,"0,10","6,00","100,00","2,10",Noroeste 330°,"2,60",Noroeste 320°,"6,00","6,00",2025-01-21
07:00,"0,10","6,00","100,00","2,20",Norte 350°,"3,60",Norte 360°,"6,00","6,00",2025-01-21
08:00,"0,00","6,20","100,00","2,00",Noroeste 310°,"3,10",Noroeste 320°,"6,00","6,20",2025-01-21
09:00,"0,00","6,20","100,00","1,80",Noroeste 330°,"3,10",Norte 340°,"6,20","6,20",2025-01-21
10:00,"0,00","6,40","100,00","1,20",Noroeste 300°,"3,10",Norte 360°,"6,20","6,50",2025-01-21
11:00,"1,50","6,60","100,00","0,30",Noroeste 330°,"2,60",Noroeste 320°,"6,50","6,60",2025-01-21
12:00,"1,50","7,10","100,00","1,80",Norte 10°,"2,60",Norte 350°,"6,60","7,20",2025-01-21
13:00,"0,80","7,70","100,00","0,80",Norte 340°,"2,10",Oeste 270°,"7,20","7,70",2025-01-21
14:00,"0,00","8,00","100,00","0,40",Noreste 40°,"1,50",Noreste 30°,"7,70","8,10",2025-01-21
15:00,"0,20","8,60","100,00","1,50",Norte 360°,"2,10",Norte 360°,"8,00","8,60",2025-01-21
16:00,"0,30","9,10","100,00","1,10",Noreste 40°,"3,60",Noroeste 320°,"8,50","9,20",2025-01-21
17:00,"0,50","10,70","100,00","3,40",Sur 180°,"5,10",Sur 170°,"9,00","10,80",2025-01-21
18:00,"0,70","11,00","100,00","2,70",Sur 170°,"4,60",Sur 170°,"10,90","11,00",2025-01-21
19:00,"0,10","11,00","99,00","5,80",Sur 170°,"7,70",Sur 170°,"11,00","11,10",2025-01-21
20:00,"0,20","10,00","99,00","3,20",Sur 160°,"9,30",Sur 190°,"10,00","11,00",2025-01-21
21:00,"0,00","10,40","98,00","3,50",Sur 160°,"7,20",Sur 170°,"10,00","10,50",2025-01-21
22:00,"0,00","10,60","91,00","4,00",Sur 160°,"7,70",Sur 180°,"10,30","10,60",2025-01-21
23:00,"0,00","10,40","88,00","4,70",Sur 170°,"7,70",Sur 180°,"10,40","10,80",2025-01-21
00:00,"2,60","9,60","99,00","3,70",Sur 170°,"6,70",Sur 190°,"9,60","9,80",2025-01-22
01:00,"0,00","9,30","89,00","3,30",Sur 160°,"4,60",Sur 160°,"9,00","9,90",2025-01-22
02:00,"0,00","9,10","92,00","2,50",Sur 160°,"3,60",Sur 170°,"8,90","9,20",2025-01-22
03:00,"0,00","9,10","89,00","2,60",Sureste 140°,"4,60",Sur 160°,"9,00","10,00",2025-01-22
04:00,"0,00","9,90","86,00","3,50",Sur 160°,"5,70",Sur 170°,"8,70","9,90",2025-01-22
05:00,"0,00","9,90","89,00","5,70",Sureste 150°,"7,70",Sur 160°,"9,80","10,20",2025-01-22
06:00,"0,30","9,70","88,00","5,50",Sureste 150°,"6,70",Sur 160°,"9,30","9,80",2025-01-22
07:00,"0,00","9,80","83,00","5,40",Sur 160°,"7,20",Sur 160°,"9,70","9,80",2025-01-22
08:00,"0,30","9,50","91,00","5,10",Sur 170°,"8,80",Sureste 150°,"9,40","9,80",2025-01-22
09:00,"0,10","9,40","95,00","5,20",Sur 160°,"7,70",Sur 170°,"9,30","9,50",2025-01-22
10:00,"0,80","9,50","98,00","3,80",Sur 170°,"8,80",Sur 170°,"9,40","9,50",2025-01-22
11:00,"0,50","9,80","100,00","4,10",Sur 160°,"8,80",Sur 160°,"9,50","9,80",2025-01-22
12:00,"0,00","10,70","95,00","4,00",Sur 160°,"7,70",Suroeste 210°,"9,90","10,80",2025-01-22
13:00,"0,00","11,00","89,00","4,00",Sur 160°,"11,30",Sur 190°,"10,70","11,10",2025-01-22
14:00,"0,00","11,80","84,00","4,40",Sur 180°,"10,80",Sur 200°,"11,10","11,80",2025-01-22
15:00,"0,00","12,70","78,00","4,70",Sur 180°,"10,80",Sur 200°,"11,70","12,80",2025-01-22
16:00,"0,20","11,40","82,00","5,30",Sur 180°,"8,80",Sur 170°,"11,30","13,10",2025-01-22
17:00,"0,20","10,90","90,00","3,50",Sureste 130°,"9,30",Sur 190°,"10,80","11,30",2025-01-22
18:00,"0,10","11,10","82,00","4,10",Sureste 150°,"7,70",Sur 170°,"10,90","11,30",2025-01-22
19:00,"0,00","10,70","82,00","3,40",Sureste 140°,"6,70",Sureste 150°,"10,50","11,10",2025-01-22
20:00,"0,00","10,60","84,00","5,20",Sur 170°,"7,20",Sureste 140°,"10,40","10,80",2025-01-22
21:00,"0,00","10,40","89,00","4,70",Sur 170°,"8,20",Sur 170°,"10,40","10,60",2025-01-22
22:00,"0,20","10,00","92,00","4,00",Sur 170°,"8,20",Sur 170°,"9,90","10,30",2025-01-22
23:00,"0,10","9,80","96,00","5,30",Sur 180°,"8,80",Sur 190°,"9,80","9,90",2025-01-22
00:00,"0,00","10,50","100,00","2,00",Sureste 120°,"2,60",Sureste 130°,"10,20","10,60",2025-01-23
01:00,"0,20","9,10","100,00","2,00",Sur 200°,"4,10",Sur 160°,"9,10","9,50",2025-01-23
02:00,"0,00","9,10","100,00","2,40",Sur 160°,"3,60",Sur 180°,"9,00","9,30",2025-01-23
03:00,"0,00","8,60","100,00","1,40",Sureste 140°,"3,10",Sur 170°,"8,50","9,10",2025-01-23
04:00,"0,00","8,50","100,00","0,40",Este 90°,"1,50",Sur 160°,"8,30","8,60",2025-01-23
05:00,"0,00","8,60","100,00","0,90",Norte 350°,"1,50",Norte 360°,"8,40","8,60",2025-01-23
06:00,"0,00","8,50","100,00","0,90",Noroeste 300°,"1,50",Este 70°,"8,50","8,60",2025-01-23
07:00,"0,00","8,40","100,00","0,00",,"1,50",Norte 360°,"8,30","8,60",2025-01-23
08:00,"0,00","8,30","100,00","1,30",Sur 160°,"2,60",Suroeste 210°,"7,90","8,50",2025-01-23
09:00,"0,10","8,40","100,00","0,00",,"2,60",Sur 170°,"8,20","8,60",2025-01-23
10:00,"0,00","9,40","100,00","1,00",Norte 20°,"2,60",Oeste 260°,"8,50","9,40",2025-01-23
11:00,"0,80","10,00","100,00","0,10",Noroeste 300°,"2,10",Oeste 260°,"9,50","10,10",2025-01-23
12:00,"0,10","11,00","100,00","0,40",Sureste 140°,"2,60",Sureste 120°,"10,10","11,00",2025-01-23
13:00,"0,00","12,10","95,00","0,70",Sureste 140°,"3,10",Suroeste 210°,"11,00","12,30",2025-01-23
14:00,"0,00","13,40","87,00","2,60",Suroeste 220°,"6,70",Suroeste 230°,"12,30","13,70",2025-01-23
15:00,"0,00","14,70","77,00","3,00",Oeste 280°,"8,20",Sur 200°,"13,60","14,80",2025-01-23
16:00,"0,00","14,70","74,00","3,20",Oeste 290°,"5,70",Suroeste 230°,"14,50","15,40",2025-01-23
17:00,"0,00","14,70","75,00","1,90",Noroeste 310°,"4,60",Oeste 290°,"14,50","15,40",2025-01-23
18:00,"0,00","13,30","85,00","0,60",Noroeste 330°,"3,10",Noroeste 310°,"13,30","14,70",2025-01-23
19:00,"0,00","12,30","88,00","1,00",Norte 360°,"2,10",Noroeste 320°,"12,30","13,20",2025-01-23
20:00,"0,00","12,20","88,00","1,10",Sureste 130°,"2,10",Sureste 140°,"12,10","12,40",2025-01-23
21:00,"0,00","11,70","91,00","1,20",Sureste 130°,"2,10",Sureste 140°,"11,60","12,10",2025-01-23
22:00,"0,00","11,30","93,00","1,90",Sur 170°,"3,60",Suroeste 210°,"10,90","11,50",2025-01-23
23:00,"0,00","10,60","100,00","1,20",Noreste 60°,"2,60",Suroeste 210°,"10,40","11,60",2025-01-23
00:00,"0,00","11,10","81,00","2,60",Sur 180°,"4,10",Sur 190°,"11,10","11,30",2025-01-24
01:00,"0,00","9,40","100,00","0,90",Sureste 130°,"3,10",Sureste 120°,"9,30","10,50",2025-01-24
02:00,"0,00","9,40","100,00","1,60",Sureste 150°,"2,10",Sur 160°,"8,50","9,40",2025-01-24
03:00,"0,00","8,60","100,00","2,40",Noroeste 320°,"3,60",Noroeste 320°,"8,50","9,60",2025-01-24
04:00,"0,00","8,50","100,00","1,10",Noroeste 310°,"2,10",Noroeste 320°,"8,50","8,60",2025-01-24
05:00,"0,00","8,60","100,00","0,70",Este 90°,"2,10",Norte 10°,"8,40","8,60",2025-01-24
06:00,"0,00","8,70","100,00","0,00",,"1,50",Sur 180°,"8,60","8,80",2025-01-24
07:00,"0,00","9,30","100,00","0,60",Sureste 130°,"2,10",Sureste 130°,"8,80","9,30",2025-01-24
08:00,"0,00","9,70","100,00","2,50",Sureste 150°,"3,10",Sur 160°,"9,30","9,70",2025-01-24
09:00,"0,00","9,90","99,00","2,20",Sur 180°,"6,20",Oeste 280°,"9,70","9,90",2025-01-24
10:00,"0,00","10,30","98,00","2,60",Sur 180°,"4,10",Suroeste 220°,"9,90","10,30",2025-01-24
11:00,"0,00","10,70","94,00","3,80",Sur 170°,"5,10",Sur 190°,"10,30","10,80",2025-01-24
12:00,"0,00","11,30","89,00","3,10",Sur 190°,"8,80",Suroeste 220°,"10,80","11,40",2025-01-24
13:00,"0,00","12,30","86,00","3,90",Sur 190°,"10,30",Suroeste 220°,"11,40","12,40",2025-01-24
14:00,"0,00","13,30","76,00","5,50",Sur 190°,"12,40",Suroeste 210°,"12,50","13,30",2025-01-24
15:00,"0,00","13,50","72,00","4,40",Sur 200°,"13,90",Suroeste 210°,"13,30","13,60",2025-01-24
16:00,"0,00","13,50","69,00","4,00",Sur 180°,"10,30",Suroeste 210°,"13,40","13,50",2025-01-24
17:00,"0,00","13,40","72,00","4,70",Sur 190°,"10,80",Sur 190°,"13,30","13,50",2025-01-24
18:00,"0,00","12,90","74,00","3,20",Sur 200°,"13,40",Suroeste 210°,"12,80","13,30",2025-01-24
19:00,"0,00","12,30","77,00","4,00",Sur 190°,"7,20",Sur 190°,"12,30","12,80",2025-01-24
20:00,"0,00","11,80","78,00","3,40",Sur 160°,"8,20",Suroeste 210°,"11,80","12,20",2025-01-24
21:00,"0,00","11,60","77,00","3,40",Sur 170°,"5,70",Sur 180°,"11,50","11,80",2025-01-24
22:00,"0,00","11,50","78,00","2,70",Sur 190°,"7,20",Suroeste 210°,"11,50","11,60",2025-01-24
23:00,"0,00","11,30","80,00","3,20",Sur 180°,"5,70",Sur 190°,"11,30","11,50",2025-01-24
00:00,"0,00","6,90","89,00","1,80",Sur 200°,"5,70",Oeste 260°,"6,70","9,00",2025-01-25
01:00,"0,00","10,90","83,00","2,70",Sur 160°,"4,10",Sur 180°,"10,80","11,10",2025-01-25
02:00,"0,00","10,40","86,00","2,70",Sur 180°,"4,60",Sur 180°,"10,40","10,80",2025-01-25
03:00,"0,00","10,50","86,00","2,80",Sur 200°,"4,60",Sur 190°,"10,30","10,50",2025-01-25
04:00,"0,00","10,40","86,00","4,90",Suroeste 220°,"7,20",Sur 200°,"10,30","10,50",2025-01-25
05:00,"0,00","10,10","88,00","3,20",Sur 200°,"7,20",Suroeste 210°,"10,00","10,30",2025-01-25
06:00,"0,00","9,70","91,00","3,00",Sur 180°,"5,70",Sur 190°,"9,60","10,10",2025-01-25
07:00,"0,00","9,40","91,00","2,60",Sur 180°,"6,20",Sur 200°,"9,20","9,50",2025-01-25
08:00,"0,00","9,20","93,00","3,30",Sur 180°,"5,10",Suroeste 220°,"9,10","9,40",2025-01-25
09:00,"0,00","9,00","96,00","3,30",Sur 160°,"6,20",Sur 180°,"8,90","9,10",2025-01-25
10:00,"0,10","9,10","94,00","2,50",Sur 160°,"8,80",Suroeste 210°,"8,90","9,10",2025-01-25
11:00,"0,30","9,00","91,00","4,70",Sur 190°,"8,80",Suroeste 210°,"9,00","9,20",2025-01-25
12:00,"0,00","9,50","89,00","2,70",Sur 190°,"9,80",Suroeste 210°,"9,00","9,50",2025-01-25
13:00,"0,00","9,90","87,00","4,00",Sur 170°,"9,30",Suroeste 220°,"9,50","9,90",2025-01-25
14:00,"0,00","10,50","84,00","4,10",Sur 200°,"9,80",Suroeste 210°,"9,90","10,60",2025-01-25
15:00,"0,00","11,50","79,00","4,80",Suroeste 210°,"12,90",Suroeste 230°,"10,60","11,60",2025-01-25
16:00,"0,00","12,70","74,00","5,20",Suroeste 210°,"12,90",Suroeste 230°,"11,60","12,90",2025-01-25
17:00,"0,00","11,80","78,00","4,40",Suroeste 220°,"16,00",Suroeste 210°,"11,80","12,70",2025-01-25
18:00,"0,00","11,60","75,00","5,50",Suroeste 220°,"10,80",Sur 200°,"11,40","11,90",2025-01-25
19:00,"0,00","10,20","79,00","2,00",Suroeste 230°,"7,20",Suroeste 230°,"10,10","11,40",2025-01-25
20:00,"0,00","10,80","81,00","4,10",Suroeste 240°,"8,80",Oeste 260°,"10,00","10,80",2025-01-25
21:00,"0,00","9,80","85,00","3,60",Suroeste 220°,"8,80",Suroeste 240°,"9,70","10,80",2025-01-25
22:00,"0,00","9,40","85,00","3,90",Suroeste 230°,"7,20",Suroeste 230°,"9,30","9,80",2025-01-25
23:00,"0,00","9,00","81,00","4,20",Oeste 250°,"7,70",Suroeste 230°,"9,00","9,40",2025-01-25
00:00,"0,10","12,30","92,00","5,10",Sur 180°,"10,80",Sur 180°,"12,10","12,40",2025-01-26
01:00,"0,00","7,60","87,00","3,90",Suroeste 210°,"5,70",Suroeste 220°,"6,60","7,80",2025-01-26
02:00,"0,00","6,20","91,00","2,80",Sur 170°,"5,10",Suroeste 220°,"6,20","7,70",2025-01-26
03:00,"0,00","4,80","94,00","2,20",Sureste 150°,"4,60",Sur 190°,"4,70","6,70",2025-01-26
04:00,"0,00","4,70","98,00","2,00",Sur 160°,"4,10",Sureste 120°,"4,70","5,20",2025-01-26
05:00,"0,00","4,70","98,00","1,00",Sur 170°,"3,60",Sur 190°,"4,70","4,90",2025-01-26
06:00,"0,00","4,70","99,00","1,30",Sur 160°,"3,60",Este 100°,"4,50","5,00",2025-01-26
07:00,"0,00","4,50","100,00","1,10",Este 110°,"3,10",Sureste 140°,"4,30","4,60",2025-01-26
08:00,"0,00","4,90","99,00","1,40",Sureste 140°,"2,60",Sureste 120°,"4,60","4,90",2025-01-26
09:00,"0,00","5,60","99,00","2,20",Sur 160°,"3,60",Sur 170°,"4,90","5,70",2025-01-26
10:00,"0,00","7,30","92,00","4,10",Sur 170°,"6,20",Sur 180°,"5,70","7,30",2025-01-26
11:00,"0,00","8,60","85,00","3,50",Sur 180°,"7,70",Sureste 140°,"7,40","8,60",2025-01-26
12:00,"0,00","9,40","81,00","3,90",Sur 190°,"8,20",Sur 180°,"8,60","9,40",2025-01-26
13:00,"0,00","9,40","81,00","2,90",Sur 170°,"8,80",Suroeste 220°,"9,40","9,40",2025-01-26
14:00,"0,00","10,20","79,00","3,50",Sur 180°,"9,80",Suroeste 210°,"9,40","10,30",2025-01-26
15:00,"0,00","10,30","84,00","6,50",Sur 160°,"10,30",Sur 190°,"10,30","10,50",2025-01-26
16:00,"0,00","10,20","98,00","5,50",Sur 170°,"11,30",Suroeste 210°,"9,90","10,40",2025-01-26
17:00,"0,00","11,40","95,00","4,30",Sur 160°,"10,80",Sur 170°,"10,40","11,40",2025-01-26
18:00,"0,00","12,00","86,00","4,20",Sur 180°,"9,30",Suroeste 220°,"11,50","12,00",2025-01-26
19:00,"0,00","12,30","80,00","3,70",Sur 190°,"9,30",Suroeste 220°,"12,00","12,30",2025-01-26
20:00,"0,00","11,60","84,00","6,30",Sur 200°,"9,30",Sur 190°,"11,50","12,30",2025-01-26
21:00,"0,00","11,60","89,00","5,30",Sur 190°,"9,80",Sur 180°,"11,30","11,70",2025-01-26
22:00,"0,00","11,70","92,00","6,70",Sur 190°,"11,30",Sur 200°,"11,50","11,80",2025-01-26
23:00,"0,00","12,10","91,00","6,60",Sur 180°,"12,90",Suroeste 210°,"11,70","12,20",2025-01-26
00:00,"0,00","7,90","80,00","8,50",Suroeste 230°,"12,90",Suroeste 230°,"7,90","8,50",2025-01-27
01:00,"0,00","12,80","92,00","5,00",Sur 180°,"11,80",Sur 180°,"12,30","12,90",2025-01-27
02:00,"0,00","13,20","88,00","7,40",Sur 190°,"10,30",Sur 180°,"12,70","13,20",2025-01-27
03:00,"0,00","14,00","83,00","9,40",Suroeste 210°,"13,90",Suroeste 210°,"13,20","14,00",2025-01-27
04:00,"0,00","13,60","86,00","6,50",Sur 190°,"13,40",Sur 200°,"13,50","13,90",2025-01-27
05:00,"0,00","14,00","80,00","6,10",Suroeste 210°,"13,40",Suroeste 210°,"13,50","14,10",2025-01-27
06:00,"0,00","13,50","80,00","6,50",Sur 190°,"9,80",Sur 190°,"13,50","13,80",2025-01-27
07:00,"3,10","11,80","96,00","4,70",Suroeste 220°,"16,50",Suroeste 220°,"11,60","13,60",2025-01-27
08:00,"0,40","12,50","93,00","6,80",Suroeste 210°,"10,30",Suroeste 210°,"11,40","12,90",2025-01-27
09:00,"0,00","13,80","83,00","10,10",Suroeste 220°,"17,00",Suroeste 220°,"12,90","13,80",2025-01-27
10:00,"0,20","13,30","83,00","8,30",Suroeste 230°,"16,50",Suroeste 240°,"13,30","13,70",2025-01-27
11:00,"0,30","12,50","87,00","8,80",Suroeste 210°,"17,50",Suroeste 210°,"12,50","13,30",2025-01-27
12:00,"0,00","12,50","94,00","7,00",Suroeste 210°,"14,40",Suroeste 210°,"12,40","12,70",2025-01-27
13:00,"0,30","13,20","92,00","7,50",Suroeste 220°,"13,90",Suroeste 220°,"12,50","13,40",2025-01-27
14:00,"0,00","14,90","78,00","7,10",Suroeste 230°,"19,00",Suroeste 230°,"13,40","15,10",2025-01-27
15:00,"0,00","15,40","65,00","9,90",Suroeste 210°,"16,00",Suroeste 240°,"15,20","15,60",2025-01-27
16:00,"0,00","14,40","64,00","10,30",Suroeste 220°,"20,10",Suroeste 220°,"14,30","15,30",2025-01-27
17:00,"0,00","13,20","69,00","12,20",Suroeste 220°,"17,50",Suroeste 220°,"13,10","14,70",2025-01-27
18:00,"0,00","12,50","74,00","10,50",Suroeste 230°,"19,60",Suroeste 220°,"12,50","13,10",2025-01-27
19:00,"0,00","11,20","75,00","12,80",Suroeste 240°,"19,00",Oeste 250°,"11,10","12,50",2025-01-27
20:00,"0,00","10,40","78,00","10,90",Suroeste 230°,"18,00",Suroeste 240°,"10,40","11,00",2025-01-27
21:00,"0,10","9,80","81,00","9,10",Suroeste 230°,"13,90",Suroeste 230°,"9,80","10,50",2025-01-27
22:00,"0,10","9,10","71,00","5,80",Oeste 250°,"13,90",Suroeste 240°,"8,90","9,90",2025-01-27
23:00,"0,00","8,60","82,00","6,70",Suroeste 230°,"10,80",Suroeste 220°,"8,50","8,90",2025-01-27
00:00,"0,00","7,90","68,00","4,50",Sur 200°,"11,30",Oeste 260°,"7,80","8,10",2025-01-28
01:00,"0,00","7,10","80,00","8,60",Suroeste 230°,"13,90",Oeste 250°,"7,10","7,90",2025-01-28
02:00,"0,00","6,90","80,00","8,30",Suroeste 240°,"13,40",Suroeste 230°,"6,90","7,10",2025-01-28
03:00,"0,00","6,90","82,00","8,60",Suroeste 230°,"12,90",Suroeste 240°,"6,70","6,90",2025-01-28
04:00,"0,00","7,00","83,00","8,60",Suroeste 230°,"12,40",Suroeste 230°,"6,90","7,20",2025-01-28
05:00,"0,00","7,00","82,00","7,50",Suroeste 230°,"12,40",Suroeste 240°,"6,90","7,00",2025-01-28
06:00,"0,00","6,90","83,00","8,00",Suroeste 230°,"12,40",Suroeste 240°,"6,80","6,90",2025-01-28
07:00,"0,00","6,90","77,00","5,60",Suroeste 230°,"11,30",Suroeste 220°,"6,90","7,00",2025-01-28
08:00,"0,00","6,20","76,00","6,50",Suroeste 240°,"11,30",Suroeste 240°,"6,10","6,90",2025-01-28
09:00,"0,00","5,80","84,00","6,50",Suroeste 240°,"12,40",Suroeste 230°,"5,70","6,10",2025-01-28
10:00,"0,00","5,60","82,00","5,20",Suroeste 240°,"14,40",Suroeste 230°,"5,50","5,90",2025-01-28
11:00,"0,00","6,80","73,00","5,10",Suroeste 230°,"10,80",Suroeste 230°,"5,70","6,90",2025-01-28
12:00,"0,00","8,70","69,00","6,50",Suroeste 230°,"10,80",Suroeste 230°,"6,80","8,70",2025-01-28
13:00,"0,00","9,50","58,00","7,70",Oeste 250°,"14,40",Suroeste 240°,"8,60","9,70",2025-01-28
14:00,"0,00","10,00","48,00","8,30",Oeste 260°,"14,90",Oeste 260°,"9,50","11,00",2025-01-28
15:00,"0,00","11,50","47,00","10,10",Oeste 260°,"16,00",Oeste 250°,"9,80","11,60",2025-01-28
16:00,"0,00","10,90","50,00","10,70",Oeste 270°,"15,40",Oeste 280°,"10,90","11,60",2025-01-28
17:00,"0,00","10,60","51,00","7,00",Oeste 290°,"16,50",Oeste 270°,"10,30","11,00",2025-01-28
18:00,"0,00","10,00","52,00","6,70",Oeste 280°,"11,30",Oeste 260°,"9,80","10,80",2025-01-28
19:00,"0,00","9,40","57,00","7,00",Oeste 250°,"10,80",Oeste 280°,"9,30","10,00",2025-01-28
20:00,"0,00","8,80","60,00","5,30",Suroeste 240°,"10,30",Oeste 250°,"8,70","9,30",2025-01-28
21:00,"0,00","8,20","62,00","5,30",Suroeste 230°,"8,20",Oeste 260°,"8,20","8,80",2025-01-28
22:00,"0,00","8,20","67,00","6,00",Suroeste 220°,"12,90",Suroeste 210°,"8,00","8,50",2025-01-28
23:00,"0,00","7,80","72,00","5,20",Oeste 250°,"11,80",Suroeste 240°,"7,60","8,10",2025-01-28
00:00,"0,00","3,60","100,00","0,90",Sureste 130°,"3,10",Sureste 120°,"3,60","4,20",2025-01-29
01:00,"0,00","6,90","71,00","7,00",Suroeste 240°,"9,30",Oeste 260°,"6,80","7,80",2025-01-29
02:00,"0,00","6,30","81,00","6,30",Suroeste 240°,"9,80",Oeste 270°,"6,00","7,60",2025-01-29
03:00,"0,00","5,70","83,00","3,60",Suroeste 210°,"8,20",Suroeste 220°,"5,60","6,20",2025-01-29
04:00,"0,00","5,10","88,00","5,30",Suroeste 230°,"6,70",Suroeste 230°,"5,00","5,60",2025-01-29
05:00,"0,00","5,10","82,00","4,10",Suroeste 210°,"6,70",Suroeste 230°,"5,00","5,20",2025-01-29
06:00,"0,00","4,60","89,00","4,80",Suroeste 220°,"8,20",Suroeste 210°,"4,50","5,00",2025-01-29
07:00,"0,00","5,20","87,00","4,30",Suroeste 210°,"7,20",Suroeste 230°,"4,70","5,30",2025-01-29
08:00,"0,00","5,50","87,00","5,20",Suroeste 210°,"9,80",Sur 200°,"5,30","5,60",2025-01-29
09:00,"0,00","5,70","85,00","4,60",Sur 180°,"9,30",Sur 200°,"5,60","5,80",2025-01-29
10:00,"0,00","5,80","81,00","5,20",Sur 180°,"8,80",Suroeste 210°,"5,60","5,80",2025-01-29
11:00,"0,00","5,90","83,00","4,70",Sur 190°,"8,80",Sur 190°,"5,80","5,90",2025-01-29
12:00,"0,00","6,70","79,00","4,40",Sur 170°,"8,80",Suroeste 210°,"5,90","6,80",2025-01-29
13:00,"0,00","7,80","80,00","5,60",Sur 180°,"12,90",Sur 190°,"6,80","7,90",2025-01-29
14:00,"0,20","7,80","90,00","6,80",Sur 190°,"13,40",Sur 190°,"7,80","8,00",2025-01-29
15:00,"1,80","7,70","97,00","5,30",Sur 180°,"17,00",Sur 190°,"7,60","7,80",2025-01-29
16:00,"1,00","7,90","98,00","5,30",Sur 170°,"10,30",Sur 190°,"7,60","7,90",2025-01-29
17:00,"0,50","8,30","95,00","6,10",Sur 200°,"12,40",Suroeste 210°,"7,90","8,40",2025-01-29
18:00,"0,50","8,40","91,00","6,80",Suroeste 220°,"16,50",Suroeste 220°,"8,40","8,60",2025-01-29
19:00,"0,40","7,90","89,00","1,80",Oeste 270°,"9,30",Suroeste 220°,"7,80","8,40",2025-01-29
20:00,"0,00","6,50","99,00","0,80",Noreste 30°,"4,60",Oeste 250°,"6,50","7,70",2025-01-29
21:00,"0,00","6,40","96,00","0,20",Sur 160°,"5,70",Noreste 30°,"6,20","6,80",2025-01-29
22:00,"0,00","5,50","97,00","3,20",Suroeste 220°,"5,70",Sur 190°,"5,40","6,30",2025-01-29
23:00,"0,00","4,20","99,00","1,50",Sureste 150°,"8,80",Suroeste 230°,"4,10","5,60",2025-01-29
00:00,"0,00","5,30","48,00","7,50",Norte 350°,"10,80",Norte 350°,"5,10","5,40",2025-01-30
01:00,"0,00","5,20","94,00","5,00",Suroeste 220°,"7,20",Suroeste 240°,"3,50","5,30",2025-01-30
02:00,"0,00","3,40","99,00","2,30",Este 100°,"6,20",Suroeste 230°,"3,30","5,30",2025-01-30
03:00,"0,00","3,00","100,00","0,70",Noreste 30°,"3,60",Sureste 130°,"2,90","3,80",2025-01-30
04:00,"0,00","2,50","100,00","0,00",,"2,10",Suroeste 210°,"2,40","3,30",2025-01-30
05:00,"0,00","1,30","100,00","2,00",Noroeste 320°,"2,60",Noroeste 320°,"1,20","2,40",2025-01-30
06:00,"0,00","1,80","100,00","2,40",Noroeste 330°,"3,60",Norte 340°,"1,00","1,80",2025-01-30
07:00,"0,00","1,90","100,00","0,10",Sureste 130°,"3,10",Noreste 40°,"1,80","2,10",2025-01-30
08:00,"0,00","1,90","100,00","1,70",Norte 360°,"3,10",Norte 10°,"1,80","2,00",2025-01-30
09:00,"0,00","2,80","100,00","3,20",Suroeste 230°,"5,70",Suroeste 230°,"1,40","3,40",2025-01-30
10:00,"0,00","6,70","71,00","5,60",Oeste 260°,"10,30",Oeste 250°,"3,50","7,00",2025-01-30
11:00,"0,00","8,10","62,00","4,80",Norte 350°,"9,80",Oeste 260°,"6,40","8,30",2025-01-30
12:00,"0,00","9,30","54,00","7,00",Norte 340°,"10,80",Norte 350°,"8,30","9,60",2025-01-30
13:00,"0,00","10,40","47,00","8,60",Norte 360°,"12,90",Norte 360°,"9,10","10,50",2025-01-30
14:00,"0,00","11,50","43,00","4,30",Noroeste 330°,"14,90",Norte 10°,"10,50","11,70",2025-01-30
15:00,"0,00","11,60","40,00","5,80",Norte 360°,"11,30",Norte 340°,"11,20","11,70",2025-01-30
16:00,"0,00","11,90","38,00","8,40",Norte 350°,"13,40",Norte 350°,"11,60","11,90",2025-01-30
17:00,"0,00","11,80","37,00","5,80",Noroeste 330°,"11,80",Noroeste 310°,"11,60","12,20",2025-01-30
18:00,"0,00","9,60","40,00","8,80",Norte 360°,"13,40",Norte 360°,"9,40","11,70",2025-01-30
19:00,"0,00","7,70","49,00","5,20",Norte 10°,"14,40",Norte 360°,"7,60","9,40",2025-01-30
20:00,"0,00","6,80","52,00","5,20",Norte 350°,"10,80",Norte 350°,"6,70","7,60",2025-01-30
21:00,"0,00","6,00","51,00","6,10",Norte 10°,"10,30",Noreste 30°,"6,00","6,70",2025-01-30
22:00,"0,00","5,60","54,00","5,20",Norte 10°,"11,80",Norte 20°,"5,60","6,00",2025-01-30
23:00,"0,00","5,40","54,00","4,60",Norte 350°,"11,80",Norte 360°,"5,40","5,60",2025-01-30
00:00,"0,00","2,60","74,00","1,00",Noroeste 330°,"2,10",Norte 360°,"2,50","3,20",2025-01-31
01:00,"0,00","4,30","51,00","4,90",Norte 340°,"10,30",Norte 340°,"4,30","5,30",2025-01-31
02:00,"0,00","3,10","58,00","2,00",Noroeste 310°,"8,20",Norte 350°,"2,70","4,30",2025-01-31
03:00,"0,00","3,90","54,00","4,60",Norte 10°,"8,20",Norte 10°,"2,60","4,10",2025-01-31
04:00,"0,00","4,50","54,00","3,50",Norte 350°,"7,70",Norte 360°,"4,20","4,70",2025-01-31
05:00,"0,00","3,50","58,00","2,40",Norte 10°,"6,20",Norte 350°,"3,50","4,30",2025-01-31
06:00,"0,00","2,00","66,00","1,90",Oeste 250°,"3,60",Noroeste 330°,"1,50","3,60",2025-01-31
07:00,"0,00","0,70","70,00","1,10",Sur 160°,"3,10",Sur 160°,"0,60","1,90",2025-01-31
08:00,"0,00","0,10","73,00","0,80",Suroeste 210°,"1,50",Sur 190°,"0,00","0,70",2025-01-31
09:00,"0,00","0,10","75,00","2,10",Sureste 130°,"4,10",Suroeste 220°,"-0,10","0,40",2025-01-31
10:00,"0,00","3,40","61,00","2,70",Sureste 130°,"3,60",Sureste 140°,"0,20","3,40",2025-01-31
11:00,"0,00","5,60","54,00","1,60",Este 100°,"3,60",Este 90°,"3,40","5,90",2025-01-31
12:00,"0,00","7,80","49,00","0,70",Este 80°,"3,10",Sureste 140°,"6,00","8,00",2025-01-31
13:00,"0,00","9,10","48,00","1,10",Este 80°,"4,10",Sureste 120°,"7,20","9,30",2025-01-31
14:00,"0,00","10,00","42,00","1,10",Suroeste 210°,"4,10",Este 100°,"9,40","10,40",2025-01-31
15:00,"0,00","11,30","38,00","2,10",Sur 170°,"4,60",Sur 160°,"10,30","11,30",2025-01-31
16:00,"0,00","11,30","36,00","0,60",Norte 360°,"3,10",Suroeste 230°,"10,80","12,00",2025-01-31
17:00,"0,00","11,40","35,00","0,90",Este 100°,"3,60",Oeste 260°,"11,10","12,60",2025-01-31
18:00,"0,00","10,30","47,00","0,00",,"2,60",Este 80°,"9,70","11,60",2025-01-31
19:00,"0,00","7,70","48,00","1,50",Sureste 130°,"2,60",Sureste 120°,"7,60","9,70",2025-01-31
20:00,"0,00","5,50","60,00","2,20",Noreste 40°,"3,10",Norte 10°,"5,50","7,50",2025-01-31
21:00,"0,00","4,70","60,00","0,00",,"3,10",Este 70°,"4,60","6,00",2025-01-31
22:00,"0,00","4,20","59,00","0,90",Norte 20°,"2,60",Norte 10°,"4,20","5,30",2025-01-31
23:00,"0,00","3,20","69,00","2,00",Noroeste 330°,"2,10",Noroeste 330°,"3,00","4,20",2025-01-31
00:00,"0,00","4,40","73,00","1,40",Este 80°,"2,60",Noreste 60°,"4,10","4,50",2025-02-01
01:00,"0,00","1,60","81,00","0,80",Norte 340°,"2,60",Norte 360°,"1,60","2,50",2025-02-01
02:00,"0,00","0,80","84,00","0,00",,"1,50",Noreste 40°,"0,80","1,60",2025-02-01
03:00,"0,00","1,10","84,00","0,50",Este 90°,"2,10",Este 100°,"0,70","1,20",2025-02-01
04:00,"0,00","0,40","87,00","0,00",,"1,50",Sureste 140°,"0,30","1,10",2025-02-01
05:00,"0,00","0,00","89,00","0,00",,"2,10",Norte 360°,"0,00","0,30",2025-02-01
06:00,"0,00","-0,10","87,00","0,00",,"3,10",Este 100°,"-0,30","0,30",2025-02-01
07:00,"0,00","-1,30","94,00","1,10",Norte 350°,"1,50",Norte 350°,"-1,50","-0,30",2025-02-01
08:00,"0,00","-1,50","95,00","0,00",,"2,60",Noreste 40°,"-1,60","-1,20",2025-02-01
09:00,"0,00","-1,10","97,00","1,00",Sureste 130°,"2,60",Sur 200°,"-1,50","-1,00",2025-02-01
10:00,"0,00","2,20","83,00","0,30",Suroeste 240°,"2,60",Suroeste 230°,"-1,00","2,50",2025-02-01
11:00,"0,00","4,80","69,00","2,00",Sur 170°,"3,10",Sur 170°,"2,20","4,90",2025-02-01
12:00,"0,00","7,20","60,00","1,70",Sureste 120°,"3,10",Sur 160°,"4,80","7,40",2025-02-01
13:00,"0,00","8,90","57,00","2,90",Sureste 150°,"5,10",Sureste 140°,"7,50","9,00",2025-02-01
14:00,"0,00","10,40","52,00","2,50",Sur 160°,"5,10",Sur 190°,"8,90","10,60",2025-02-01
15:00,"0,00","12,50","48,00","1,40",Sur 180°,"3,60",Sureste 150°,"10,60","12,60",2025-02-01
16:00,"0,00","13,70","45,00","1,30",Sur 170°,"3,10",Suroeste 230°,"12,40","13,80",2025-02-01
17:00,"0,00","13,60","45,00","0,00",,"2,10",Sureste 140°,"13,40","14,40",2025-02-01
18:00,"0,00","12,30","45,00","5,70",Norte 10°,"8,20",Norte 10°,"12,00","14,40",2025-02-01
19:00,"0,00","9,80","52,00","3,80",Noroeste 330°,"8,20",Norte 350°,"9,60","12,00",2025-02-01
20:00,"0,00","8,80","55,00","3,30",Norte 340°,"6,20",Noroeste 320°,"8,60","9,90",2025-02-01
21:00,"0,00","7,10","60,00","2,80",Norte 350°,"5,10",Noroeste 330°,"6,90","8,60",2025-02-01
22:00,"0,00","6,20","66,00","0,90",Este 100°,"3,60",Sureste 130°,"5,80","6,80",2025-02-01
23:00,"0,00","4,40","75,00","0,70",Noreste 50°,"2,60",Sureste 140°,"4,20","5,70",2025-02-01
00:00,"0,00","7,30","65,00","4,00",Noreste 30°,"7,20",Noreste 40°,"6,50","7,40",2025-02-02
01:00,"0,00","3,30","78,00","0,90",Noreste 40°,"2,10",Norte 10°,"3,20","4,50",2025-02-02
02:00,"0,00","2,30","82,00","0,60",Sur 160°,"2,10",Sur 180°,"2,20","3,30",2025-02-02
03:00,"0,00","1,00","88,00","1,10",Norte 350°,"1,50",Norte 360°,"1,00","2,20",2025-02-02
04:00,"0,00","0,30","90,00","1,40",Noroeste 320°,"3,60",Noroeste 320°,"0,10","1,00",2025-02-02
05:00,"0,00","-0,20","92,00","1,80",Noroeste 330°,"3,60",Noroeste 320°,"-0,60","0,00",2025-02-02
06:00,"0,00","-1,50","92,00","1,20",Norte 20°,"2,60",Norte 340°,"-1,60","-0,30",2025-02-02
07:00,"0,00","-1,30","96,00","1,90",Noroeste 330°,"2,60",Noroeste 320°,"-1,70","-1,30",2025-02-02
08:00,"0,00","-1,50","95,00","1,00",Norte 350°,"2,60",Norte 10°,"-1,60","-1,30",2025-02-02
09:00,"0,00","-1,30","95,00","0,00",,"1,50",Noreste 30°,"-1,80","-1,20",2025-02-02
10:00,"0,00","1,40","84,00","0,50",Norte 360°,"2,10",Noreste 30°,"-1,20","1,40",2025-02-02
11:00,"0,00","3,10","79,00","1,60",Oeste 280°,"3,60",Oeste 280°,"1,30","3,40",2025-02-02
12:00,"0,00","6,70","66,00","1,50",Sur 170°,"3,10",Suroeste 210°,"3,40","7,10",2025-02-02
13:00,"0,00","8,90","58,00","2,60",Sureste 130°,"4,10",Sureste 130°,"7,30","9,00",2025-02-02
14:00,"0,00","10,10","54,00","1,80",Sur 160°,"6,70",Suroeste 210°,"9,00","10,30",2025-02-02
15:00,"0,00","10,60","51,00","1,80",Suroeste 230°,"6,20",Suroeste 230°,"10,20","11,00",2025-02-02
16:00,"0,00","10,60","54,00","2,00",Sureste 130°,"4,60",Suroeste 210°,"10,50","10,80",2025-02-02
17:00,"0,00","10,80","56,00","1,10",Este 100°,"2,60",Este 100°,"10,30","10,80",2025-02-02
18:00,"0,00","9,60","69,00","0,00",,"3,10",Sureste 140°,"9,50","10,70",2025-02-02
19:00,"0,00","8,60","68,00","1,70",Norte 10°,"2,60",Norte 20°,"8,50","9,50",2025-02-02
20:00,"0,00","8,00","66,00","0,40",Norte 360°,"3,10",Norte 10°,"8,00","8,50",2025-02-02
21:00,"0,00","7,50","70,00","0,60",Noreste 60°,"2,60",Este 70°,"7,50","8,10",2025-02-02
22:00,"0,00","7,30","70,00","2,60",Norte 350°,"3,10",Norte 360°,"7,10","7,50",2025-02-02
23:00,"0,00","6,70","71,00","0,70",Norte 360°,"4,10",Noroeste 330°,"6,60","7,40",2025-02-02
00:00,"0,00","2,80","80,00","2,00",Norte 10°,"2,60",Norte 20°,"2,80","4,30",2025-02-03
01:00,"0,00","6,20","70,00","3,30",Noreste 30°,"9,30",Noreste 40°,"6,10","7,30",2025-02-03
02:00,"0,00","5,10","74,00","1,40",Noroeste 320°,"6,20",Norte 360°,"4,90","6,10",2025-02-03
03:00,"0,00","3,40","81,00","1,30",Norte 10°,"4,10",Norte 350°,"3,20","4,80",2025-02-03
04:00,"0,00","3,20","82,00","1,90",Norte 350°,"4,10",Norte 350°,"2,80","3,20",2025-02-03
05:00,"0,00","2,60","84,00","1,90",Norte 350°,"4,10",Norte 350°,"2,50","3,20",2025-02-03
06:00,"0,00","1,60","87,00","2,50",Norte 360°,"3,60",Norte 350°,"1,60","2,50",2025-02-03
07:00,"0,00","1,90","86,00","2,00",Norte 340°,"4,10",Norte 10°,"1,50","2,00",2025-02-03
08:00,"0,00","1,50","87,00","2,10",Norte 10°,"4,10",Norte 360°,"1,40","2,00",2025-02-03
09:00,"0,00","1,80","86,00","1,70",Noroeste 320°,"4,10",Norte 10°,"1,20","2,10",2025-02-03
10:00,"0,00","4,50","77,00","2,20",Norte 20°,"4,60",Norte 350°,"1,80","4,60",2025-02-03
11:00,"0,00","6,60","69,00","1,60",Noreste 40°,"4,60",Noreste 40°,"4,50","6,90",2025-02-03
12:00,"0,00","8,70","61,00","2,40",Noreste 40°,"5,10",Noreste 40°,"6,90","9,00",2025-02-03
13:00,"0,00","9,90","52,00","2,00",Noreste 50°,"5,10",Norte 20°,"8,90","10,10",2025-02-03
14:00,"0,00","11,30","46,00","0,80",Este 70°,"3,60",Norte 10°,"10,20","11,40",2025-02-03
15:00,"0,00","12,30","43,00","1,60",Noreste 30°,"4,10",Noreste 40°,"11,30","12,40",2025-02-03
16:00,"0,00","12,60","41,00","3,00",Norte 10°,"5,10",Norte 340°,"12,10","12,90",2025-02-03
17:00,"0,00","12,60","40,00","2,10",Noroeste 330°,"5,10",Norte 340°,"12,40","12,90",2025-02-03
18:00,"0,00","11,90","45,00","0,20",Noreste 50°,"3,60",Norte 340°,"11,60","12,80",2025-02-03
19:00,"0,00","8,80","52,00","1,40",Noroeste 310°,"2,60",Noroeste 330°,"8,80","11,70",2025-02-03
20:00,"0,00","7,50","56,00","1,50",Norte 10°,"2,10",Norte 10°,"7,30","8,90",2025-02-03
21:00,"0,00","5,30","71,00","3,60",Noroeste 320°,"4,10",Noroeste 320°,"5,00","7,40",2025-02-03
22:00,"0,00","4,80","69,00","1,50",Norte 350°,"4,60",Noroeste 310°,"4,80","5,40",2025-02-03
23:00,"0,00","4,40","72,00","2,30",Norte 350°,"3,60",Norte 350°,"4,30","4,80",2025-02-03
00:00,"0,00","3,60","82,00","1,90",Norte 10°,"2,60",Norte 20°,"3,50","4,00",2025-02-04
01:00,"0,00","2,20","81,00","1,60",Norte 360°,"2,60",Norte 360°,"2,10","2,90",2025-02-04
02:00,"0,00","1,60","84,00","2,10",Noroeste 330°,"3,60",Noroeste 320°,"1,60","2,10",2025-02-04
03:00,"0,00","1,30","86,00","1,70",Norte 360°,"3,10",Norte 360°,"1,20","1,70",2025-02-04
04:00,"0,00","0,50","89,00","1,40",Noroeste 310°,"2,10",Norte 360°,"0,20","1,20",2025-02-04
05:00,"0,00","0,10","91,00","1,60",Norte 340°,"2,10",Norte 350°,"0,00","0,70",2025-02-04
06:00,"0,00","-0,20","93,00","1,60",Norte 360°,"2,60",Norte 360°,"-0,40","0,00",2025-02-04
07:00,"0,00","-0,70","92,00","1,80",Norte 350°,"3,10",Norte 350°,"-0,70","-0,30",2025-02-04
08:00,"0,00","-1,30","92,00","1,50",Norte 360°,"3,60",Noroeste 320°,"-1,50","-0,70",2025-02-04
09:00,"0,00","-1,20","93,00","0,90",Norte 20°,"3,10",Noroeste 330°,"-1,50","-1,00",2025-02-04
10:00,"0,00","1,60","83,00","0,10",Noroeste 310°,"2,10",Noroeste 300°,"-1,20","1,90",2025-02-04
11:00,"0,00","4,90","73,00","1,50",Noroeste 310°,"3,10",Oeste 280°,"1,90","5,10",2025-02-04
12:00,"0,00","8,30","63,00","1,30",Noreste 30°,"3,60",Norte 10°,"5,10","8,40",2025-02-04
13:00,"0,00","10,60","54,00","1,70",Sur 170°,"3,60",Sur 160°,"8,00","10,80",2025-02-04
14:00,"0,00","12,20","49,00","2,20",Sur 160°,"5,10",Sur 170°,"10,80","12,40",2025-02-04
15:00,"0,00","13,10","43,00","2,60",Sureste 130°,"4,60",Sureste 140°,"12,30","13,10",2025-02-04
16:00,"0,00","14,10","40,00","1,90",Sur 200°,"4,60",Sur 170°,"12,90","14,20",2025-02-04
17:00,"0,00","13,80","41,00","1,90",Sureste 150°,"4,10",Sureste 140°,"13,70","14,20",2025-02-04
18:00,"0,00","13,00","43,00","2,30",Sur 170°,"5,10",Suroeste 210°,"12,80","14,00",2025-02-04
19:00,"0,00","11,00","48,00","2,70",Sur 190°,"4,60",Sur 200°,"10,80","12,70",2025-02-04
20:00,"0,00","9,80","51,00","2,00",Sur 200°,"4,10",Suroeste 210°,"9,70","10,70",2025-02-04
21:00,"0,00","6,20","66,00","1,30",Norte 350°,"2,60",Suroeste 220°,"6,00","9,80",2025-02-04
22:00,"0,00","5,30","68,00","1,00",Este 100°,"1,50",Este 100°,"5,10","6,30",2025-02-04
23:00,"0,00","4,50","76,00","1,30",Norte 360°,"3,10",Norte 10°,"4,10","5,20",2025-02-04
00:00,"0,00","2,70","71,00","2,40",Noroeste 330°,"3,10",Norte 340°,"2,50","3,70",2025-02-05
01:00,"0,00","2,50","85,00","0,20",Noroeste 310°,"3,10",Norte 10°,"2,40","3,50",2025-02-05
02:00,"0,00","1,60","88,00","1,60",Noroeste 330°,"2,60",Norte 10°,"1,50","2,70",2025-02-05
03:00,"0,00","0,60","91,00","1,70",Norte 350°,"2,60",Norte 10°,"0,60","1,50",2025-02-05
04:00,"0,00","0,00","94,00","1,80",Norte 350°,"2,60",Norte 350°,"0,00","0,80",2025-02-05
05:00,"0,00","-0,20","94,00","0,00",,"2,10",Norte 350°,"-0,30","0,10",2025-02-05
06:00,"0,00","-0,70","97,00","0,00",,"0,00",,"-0,90","-0,30",2025-02-05
07:00,"0,00","-1,10","97,00","0,00",,"0,00",,"-1,30","-0,70",2025-02-05
08:00,"0,00","-1,60","98,00","0,00",,"0,00",,"-1,60","-1,10",2025-02-05
09:00,"0,00",,,"2,10",Norte 350°,"2,60",Norte 360°,,,2025-02-05
10:00,"0,00","1,60","83,00","1,40",Norte 360°,"2,60",Norte 350°,"-1,10","1,70",2025-02-05
11:00,"0,00","4,00","73,00","1,50",Norte 350°,"2,60",Norte 340°,"1,40","4,20",2025-02-05
12:00,"0,00","7,50","63,00","1,60",Oeste 270°,"4,60",Oeste 270°,"4,30","7,50",2025-02-05
13:00,"0,00","10,30","53,00","1,10",Oeste 270°,"3,60",Oeste 260°,"7,70","10,60",2025-02-05
14:00,"0,00","13,10","43,00","0,50",Oeste 260°,"2,60",Oeste 260°,"10,50","13,40",2025-02-05
15:00,"0,00","14,80","37,00","0,20",Sureste 120°,"2,60",Oeste 250°,"12,50","14,90",2025-02-05
16:00,"0,00","16,00","25,00","0,00",,"2,60",Suroeste 210°,"14,70","16,30",2025-02-05
17:00,"0,00","15,20","21,00","0,30",Noreste 30°,"2,60",Este 90°,"15,00","16,40",2025-02-05
18:00,"0,00","15,40","30,00","0,00",,"1,50",Oeste 260°,"14,70","16,00",2025-02-05
19:00,"0,00","10,90","33,00","0,00",,"0,00",,"10,80","14,50",2025-02-05
20:00,"0,00","8,60","37,00","0,40",Oeste 260°,"2,10",Oeste 250°,"8,50","10,70",2025-02-05
21:00,"0,00","6,60","48,00","2,20",Norte 350°,"3,10",Norte 350°,"6,40","8,60",2025-02-05
22:00,"0,00","4,80","64,00","1,40",Norte 350°,"2,60",Norte 350°,"4,60","6,60",2025-02-05
23:00,"0,00","3,80","68,00","1,30",Noroeste 330°,"2,60",Norte 350°,"3,60","4,60",2025-02-05
00:00,"0,00","2,10","82,00","1,90",Norte 10°,"2,60",Norte 10°,"2,10","3,10",2025-02-06
01:00,"0,00","1,20","78,00","1,50",Norte 350°,"2,60",Noroeste 320°,"1,00","2,60",2025-02-06
02:00,"0,00","0,80","82,00","1,20",Norte 340°,"2,10",Norte 350°,"0,70","1,30",2025-02-06
03:00,"0,00","0,00","85,00","1,50",Norte 340°,"3,10",Norte 360°,"0,00","0,90",2025-02-06
04:00,"0,00","-0,80","88,00","1,60",Noroeste 330°,"2,60",Noroeste 330°,"-0,90","0,00",2025-02-06
05:00,"0,00","-1,10","87,00","1,10",Norte 340°,"2,60",Norte 350°,"-1,10","-0,50",2025-02-06
06:00,"0,00","-1,90","90,00","1,50",Norte 20°,"2,60",Noreste 30°,"-2,00","-1,10",2025-02-06
07:00,"0,00",,,"1,10",Norte 350°,"3,10",Noroeste 320°,,,2025-02-06
08:00,"0,00","-2,20","90,00","1,50",Norte 350°,"2,10",Norte 350°,"-2,20","-1,70",2025-02-06
09:00,"0,00","-2,30","91,00","1,10",Norte 350°,"1,50",Norte 350°,"-2,50","-2,20",2025-02-06
10:00,"0,00","1,20","78,00","0,00",,"1,50",Noroeste 310°,"-2,10","1,50",2025-02-06
11:00,"0,00","4,70","69,00","0,70",Este 80°,"2,60",Noroeste 300°,"1,60","5,00",2025-02-06
12:00,"0,00","7,90","58,00","1,30",Sur 170°,"3,60",Suroeste 220°,"5,20","8,10",2025-02-06
13:00,"0,00","10,40","50,00","1,90",Sur 160°,"4,10",Sur 190°,"8,20","10,70",2025-02-06
14:00,"0,00","12,40","44,00","1,30",Suroeste 240°,"4,60",Suroeste 220°,"10,90","12,70",2025-02-06
15:00,"0,00","13,70","40,00","1,80",Sur 200°,"5,70",Oeste 250°,"12,10","13,80",2025-02-06
16:00,"0,00","14,50","38,00","2,20",Sur 170°,"5,70",Oeste 260°,"13,80","14,60",2025-02-06
17:00,"0,00","14,60","36,00","2,10",Sur 190°,"5,10",Suroeste 210°,"14,30","14,80",2025-02-06
18:00,"0,00","13,40","39,00","2,70",Sur 180°,"6,20",Suroeste 220°,"13,20","14,60",2025-02-06
19:00,"0,00","11,00","44,00","2,60",Sur 180°,"4,10",Sur 190°,"10,90","13,20",2025-02-06
20:00,"0,00","9,20","51,00","2,20",Sur 190°,"4,10",Suroeste 210°,"9,00","10,90",2025-02-06
21:00,"0,00","7,00","58,00","1,30",Sureste 140°,"3,60",Oeste 250°,"6,60","9,10",2025-02-06
22:00,"0,00","5,90","63,00","1,50",Este 110°,"2,60",Este 110°,"5,80","6,60",2025-02-06
23:00,"0,00","3,30","73,00","0,00",,"1,50",Norte 10°,"3,20","5,80",2025-02-06
00:00,"0,00","7,00","95,00","5,90",Suroeste 220°,"8,20",Suroeste 240°,"7,00","7,10",2025-02-07
01:00,"0,00","1,10","86,00","2,10",Norte 360°,"2,60",Norte 10°,"1,10","2,10",2025-02-07
02:00,"0,00","0,40","90,00","1,90",Norte 350°,"2,60",Norte 360°,"0,40","1,00",2025-02-07
03:00,"0,00","0,00","91,00","1,60",Norte 340°,"2,60",Norte 360°,"0,00","0,40",2025-02-07
04:00,"0,00","-0,80","93,00","1,60",Norte 360°,"2,10",Norte 360°,"-0,80","0,00",2025-02-07
05:00,"0,00","-1,60","94,00","0,50",Norte 10°,"2,10",Norte 360°,"-1,70","-0,70",2025-02-07
06:00,"0,00","-1,80","97,00","0,00",,"1,50",Norte 350°,"-2,00","-1,70",2025-02-07
07:00,"0,00","-1,70","96,00","1,50",Norte 10°,"2,60",Norte 360°,"-1,90","-1,70",2025-02-07
08:00,"0,00","-2,10","96,00","0,80",Noreste 30°,"2,10",Noroeste 330°,"-2,10","-1,80",2025-02-07
09:00,"0,00","-1,90","97,00","1,40",Norte 360°,"2,10",Norte 350°,"-2,40","-1,90",2025-02-07
10:00,"0,00","0,60","86,00","0,90",Norte 350°,"2,60",Norte 350°,"-1,90","0,70",2025-02-07
11:00,"0,00","3,00","82,00","0,50",Sur 190°,"2,60",Oeste 250°,"0,70","3,20",2025-02-07
12:00,"0,00","6,60","72,00","3,10",Sur 180°,"5,10",Sur 170°,"3,30","7,10",2025-02-07
13:00,"0,00","8,80","63,00","5,50",Sur 200°,"7,70",Sur 170°,"7,10","9,00",2025-02-07
14:00,"0,10","8,40","72,00","5,80",Oeste 260°,"13,90",Suroeste 220°,"8,20","9,10",2025-02-07
15:00,"5,20","5,30","88,00","2,50",Suroeste 240°,"10,80",Noroeste 310°,"5,20","8,10",2025-02-07
16:00,"0,50","6,20","87,00","3,90",Sur 170°,"9,30",Suroeste 220°,"5,40","6,30",2025-02-07
17:00,"0,00","7,00","87,00","2,30",Sur 170°,"7,20",Sur 190°,"6,30","7,00",2025-02-07
18:00,"0,00","6,70","89,00","4,40",Sur 160°,"6,70",Suroeste 210°,"6,60","7,00",2025-02-07
19:00,"0,00","6,60","87,00","3,50",Sur 170°,"7,20",Sur 190°,"6,60","6,80",2025-02-07
20:00,"0,00","6,60","89,00","3,40",Sur 180°,"5,70",Suroeste 210°,"6,60","6,60",2025-02-07
21:00,"0,00","6,70","91,00","1,90",Sur 190°,"7,20",Sur 200°,"6,60","6,70",2025-02-07
22:00,"0,30","6,80","96,00","2,70",Sur 190°,"7,20",Suroeste 220°,"6,70","6,90",2025-02-07
23:00,"0,00","6,90","96,00","3,30",Sur 200°,"10,30",Suroeste 220°,"6,70","7,00",2025-02-07
00:00,"0,00","4,40","90,00","1,70",Este 110°,"3,60",Sur 190°,"4,30","5,70",2025-02-08
01:00,"0,00","6,70","95,00","4,50",Suroeste 220°,"8,80",Suroeste 230°,"6,70","7,00",2025-02-08
02:00,"0,00","6,70","95,00","2,30",Noroeste 330°,"6,70",Suroeste 220°,"6,60","6,80",2025-02-08
03:00,"0,00","6,40","97,00","1,50",Norte 350°,"5,10",Norte 20°,"6,40","6,60",2025-02-08
04:00,"0,00","4,80","99,00","1,20",Noroeste 310°,"2,60",Noroeste 330°,"4,40","6,40",2025-02-08
05:00,"0,00","4,40","91,00","2,30",Norte 20°,"4,60",Noroeste 300°,"3,80","5,30",2025-02-08
06:00,"0,00","3,10","100,00","2,20",Norte 360°,"3,10",Norte 10°,"3,00","4,10",2025-02-08
07:00,"0,00","1,60","100,00","1,50",Noroeste 320°,"2,60",Norte 350°,"1,40","3,00",2025-02-08
08:00,"0,00","0,80","100,00","1,10",Noreste 30°,"2,10",Noreste 40°,"0,80","1,70",2025-02-08
09:00,"0,00","1,40","100,00","0,30",Norte 360°,"2,10",Sur 170°,"0,70","1,50",2025-02-08
10:00,"0,00","2,90","97,00","0,20",Noreste 30°,"1,50",Noreste 50°,"1,50","2,90",2025-02-08
11:00,"0,00","4,30","95,00","0,90",Este 80°,"2,10",Este 80°,"2,90","4,40",2025-02-08
12:00,"0,00","5,70","88,00","0,60",Sureste 130°,"3,60",Sur 180°,"4,50","5,70",2025-02-08
13:00,"0,00","7,10","81,00","1,00",Norte 340°,"3,10",Norte 350°,"5,70","7,60",2025-02-08
14:00,"0,00","8,80","72,00","1,80",Oeste 280°,"4,60",Oeste 290°,"7,30","9,30",2025-02-08
15:00,"0,00","10,50","60,00","1,90",Norte 350°,"3,60",Norte 360°,"9,20","10,70",2025-02-08
16:00,"0,00","11,40","53,00","0,70",Sureste 120°,"4,10",Suroeste 220°,"10,40","11,70",2025-02-08
17:00,"0,00","12,00","52,00","0,90",Sureste 150°,"3,10",Suroeste 210°,"11,20","12,10",2025-02-08
18:00,"0,00","10,90","57,00","2,20",Sureste 130°,"3,10",Sureste 140°,"10,80","12,00",2025-02-08
19:00,"0,00","9,50","68,00","3,80",Sur 170°,"5,70",Sur 190°,"9,40","10,80",2025-02-08
20:00,"0,00","8,90","72,00","3,40",Sur 200°,"6,70",Suroeste 220°,"8,80","9,50",2025-02-08
21:00,"0,00","7,30","78,00","1,40",Sureste 150°,"5,70",Suroeste 230°,"7,20","8,80",2025-02-08
22:00,"0,00","6,70","81,00","3,30",Sur 160°,"4,60",Sur 170°,"6,50","7,20",2025-02-08
23:00,"0,00","6,10","83,00","2,40",Sur 160°,"4,60",Sur 190°,"5,80","6,90",2025-02-08
00:00,"0,00","7,00","97,00","1,40",Norte 360°,"2,10",Noreste 30°,"6,90","7,20",2025-02-09
01:00,"0,00","3,40","93,00","1,40",Sureste 120°,"2,10",Sureste 130°,"3,30","4,80",2025-02-09
02:00,"0,00","2,50","98,00","1,60",Norte 360°,"2,10",Norte 360°,"2,50","3,50",2025-02-09
03:00,"0,00","1,70","99,00","2,10",Noroeste 320°,"2,60",Noroeste 330°,"1,60","2,50",2025-02-09
04:00,"0,00","1,10","99,00","1,60",Noroeste 320°,"2,60",Norte 340°,"1,00","1,70",2025-02-09
05:00,"0,00","0,90","100,00","1,60",Norte 340°,"3,10",Noreste 30°,"0,80","1,20",2025-02-09
06:00,"0,00","0,60","100,00","1,60",Noroeste 320°,"2,60",Norte 350°,"0,60","0,90",2025-02-09
07:00,"0,00","0,50","100,00","1,90",Noroeste 330°,"2,60",Norte 10°,"0,40","0,60",2025-02-09
08:00,"0,00","0,20","100,00","1,00",Noroeste 330°,"2,10",Norte 10°,"0,10","0,60",2025-02-09
09:00,"0,00","0,60","100,00","1,60",Norte 340°,"3,10",Norte 340°,"0,00","0,70",2025-02-09
10:00,"0,00","3,40","92,00","1,40",Noroeste 330°,"3,10",Noroeste 320°,"0,80","3,60",2025-02-09
11:00,"0,00","5,90","86,00","1,70",Norte 360°,"3,10",Oeste 290°,"3,70","6,10",2025-02-09
12:00,"0,00","7,60","81,00","1,60",Oeste 290°,"2,60",Noroeste 300°,"6,00","7,90",2025-02-09
13:00,"0,00","9,80","73,00","0,80",Norte 360°,"3,60",Oeste 280°,"7,70","9,90",2025-02-09
14:00,"0,00","11,50","70,00","1,30",Oeste 250°,"4,10",Oeste 270°,"9,80","11,60",2025-02-09
15:00,"0,00","12,80","67,00","1,00",Suroeste 210°,"4,60",Suroeste 230°,"10,90","12,90",2025-02-09
16:00,"0,00","13,30","65,00","0,30",Suroeste 230°,"2,60",Suroeste 240°,"12,60","13,60",2025-02-09
17:00,"0,00","14,00","63,00","0,10",Este 110°,"2,10",Suroeste 230°,"13,30","14,20",2025-02-09
18:00,"0,00","12,80","70,00","0,00",,"1,50",Noreste 50°,"12,70","13,50",2025-02-09
19:00,"0,00","10,50","76,00","0,00",,"1,50",Norte 340°,"10,40","12,60",2025-02-09
20:00,"0,00","8,70","82,00","0,50",Noreste 40°,"1,00",Noreste 40°,"8,70","10,40",2025-02-09
21:00,"0,00","7,80","88,00","0,00",,"1,50",Norte 360°,"7,70","8,70",2025-02-09
22:00,"0,00","7,40","89,00","1,30",Noreste 50°,"2,60",Norte 360°,"7,30","7,80",2025-02-09
23:00,"0,00","7,00","95,00","2,00",Noroeste 320°,"2,60",Noroeste 320°,"6,70","7,20",2025-02-09
00:00,"0,00","8,30","87,00","2,20",Sur 170°,"3,60",Sureste 150°,"8,10","9,60",2025-02-10
01:00,"0,00","6,20","95,00","0,20",Norte 360°,"2,60",Norte 10°,"6,10","6,90",2025-02-10
02:00,"0,00","6,30","100,00","1,10",Norte 360°,"2,10",Norte 360°,"6,00","6,30",2025-02-10
03:00,"0,00","6,30","100,00","1,30",Norte 360°,"1,50",Norte 360°,"6,20","6,30",2025-02-10
04:00,"0,00","6,10","99,00","1,50",Noroeste 330°,"2,10",Noroeste 320°,"6,10","6,20",2025-02-10
05:00,"0,00","5,60","100,00","0,10",Norte 350°,"2,60",Noroeste 320°,"5,40","6,20",2025-02-10
06:00,"0,00","5,10","100,00","0,00",,"2,60",Norte 360°,"5,00","5,50",2025-02-10
07:00,"0,00","6,00","100,00","0,00",,"1,00",Noroeste 320°,"5,00","6,10",2025-02-10
08:00,"0,00","6,10","100,00","0,00",,"1,00",Noreste 50°,"6,10","6,30",2025-02-10
09:00,"0,00","6,50","100,00","0,00",,"1,00",Noroeste 310°,"6,10","6,60",2025-02-10
10:00,"0,00","7,90","98,00","0,00",,"1,00",Norte 10°,"6,60","8,00",2025-02-10
11:00,"0,00","9,20","88,00","0,90",Norte 340°,"2,60",Noroeste 330°,"8,00","9,30",2025-02-10
12:00,"0,00","10,30","79,00","0,70",Norte 350°,"2,60",Norte 350°,"9,40","10,40",2025-02-10
13:00,"0,00","11,70","73,00","1,40",Sureste 130°,"3,60",Sureste 130°,"10,40","11,80",2025-02-10
14:00,"0,00","12,80","64,00","2,10",Sureste 150°,"5,70",Sur 190°,"11,90","12,90",2025-02-10
15:00,"0,00","13,30","61,00","0,40",Oeste 270°,"3,60",Oeste 260°,"12,90","13,60",2025-02-10
16:00,"0,00","13,90","62,00","3,80",Sureste 150°,"4,60",Sureste 150°,"13,50","14,10",2025-02-10
17:00,"0,00","13,40","66,00","3,30",Sur 160°,"5,70",Sureste 140°,"13,40","14,40",2025-02-10
18:00,"0,00","12,60","72,00","0,10",Suroeste 220°,"3,10",Sureste 150°,"12,50","13,40",2025-02-10
19:00,"0,00","11,00","76,00","0,00",,"2,60",Sur 180°,"10,90","12,50",2025-02-10
20:00,"0,00","10,60","76,00","0,80",Sureste 120°,"2,10",Este 100°,"10,50","10,90",2025-02-10
21:00,"0,00","10,90","77,00","0,90",Sureste 130°,"2,10",Sureste 140°,"10,10","10,90",2025-02-10
22:00,"0,00","9,30","83,00","1,20",Sur 180°,"3,10",Sur 190°,"9,30","10,80",2025-02-10
23:00,"0,00","9,20","85,00","1,60",Sur 180°,"3,60",Suroeste 220°,"8,70","9,50",2025-02-10
00:00,"3,30","8,70","100,00","1,00",Noreste 30°,"2,10",Este 80°,"8,70","9,00",2025-02-11
01:00,"0,00","7,90","91,00","1,10",Este 110°,"2,60",Este 100°,"7,90","8,10",2025-02-11
02:00,"0,00","7,50","91,00","2,00",Sureste 140°,"3,10",Sureste 120°,"7,30","8,00",2025-02-11
03:00,"0,00","6,30","98,00","0,90",Sureste 130°,"2,10",Sur 170°,"6,10","7,30",2025-02-11
04:00,"0,00","6,70","97,00","1,50",Este 110°,"2,10",Sureste 120°,"6,10","6,80",2025-02-11
05:00,"0,00","5,80","94,00","1,70",Sureste 140°,"3,10",Sureste 120°,"5,70","6,50",2025-02-11
06:00,"0,00","4,20","99,00","0,60",Noreste 60°,"1,50",Norte 360°,"4,10","5,70",2025-02-11
07:00,"0,00","4,00","100,00","0,10",Noreste 40°,"3,10",Noreste 30°,"3,90","4,40",2025-02-11
08:00,"0,00","3,40","100,00","0,90",Norte 20°,"2,10",Noreste 40°,"3,10","3,90",2025-02-11
09:00,"0,00","3,50","100,00","1,70",Norte 340°,"2,60",Norte 340°,"2,90","3,60",2025-02-11
10:00,"0,00","7,00","95,00","0,40",Sur 160°,"1,50",Este 110°,"3,50","7,30",2025-02-11
11:00,"0,00","9,10","76,00","1,60",Sur 180°,"4,60",Sur 190°,"7,20","9,20",2025-02-11
12:00,"0,00","10,20","71,00","0,60",Oeste 260°,"3,10",Suroeste 220°,"9,20","10,30",2025-02-11
13:00,"0,00","12,30","65,00","2,20",Sur 190°,"5,70",Sur 170°,"10,20","12,50",2025-02-11
14:00,"0,00","13,00","65,00","3,20",Sur 160°,"5,70",Sur 180°,"11,70","13,10",2025-02-11
15:00,"0,00","13,80","59,00","2,60",Sur 160°,"5,70",Sur 170°,"12,70","14,00",2025-02-11
16:00,"0,00","14,50","53,00","2,30",Sur 180°,"5,70",Suroeste 210°,"13,90","14,70",2025-02-11
17:00,"0,00","13,50","59,00","0,60",Este 90°,"5,10",Suroeste 210°,"13,50","14,30",2025-02-11
18:00,"0,00","13,10","60,00","1,90",Sureste 140°,"3,10",Sureste 130°,"12,90","13,70",2025-02-11
19:00,"0,00","11,80","65,00","1,50",Norte 20°,"2,10",Norte 20°,"11,70","12,80",2025-02-11
20:00,"0,00","11,20","72,00","1,80",Norte 350°,"2,10",Norte 350°,"11,10","11,70",2025-02-11
21:00,"0,10","10,80","78,00","2,70",Oeste 280°,"3,60",Oeste 270°,"10,80","11,10",2025-02-11
22:00,"2,80","9,80","89,00","2,90",Sur 160°,"7,20",Suroeste 230°,"9,70","10,80",2025-02-11
23:00,"4,00","9,10","97,00","0,90",Este 80°,"4,10",Sur 190°,"9,00","9,70",2025-02-11
00:00,"0,00","4,70","79,00","0,20",Oeste 250°,"2,10",Este 100°,"4,70","5,80",2025-02-12
01:00,"1,00","8,50","100,00","1,00",Noreste 60°,"2,10",Norte 340°,"8,50","8,70",2025-02-12
02:00,"1,80","8,40","100,00","0,50",Norte 20°,"1,50",Norte 340°,"8,40","8,50",2025-02-12
03:00,"0,40","8,40","100,00","0,00",,"1,50",Noreste 40°,"8,40","8,40",2025-02-12
04:00,"0,10","8,30","100,00","2,20",Norte 340°,"3,60",Noroeste 320°,"8,30","8,40",2025-02-12
05:00,"0,00","8,30","100,00","1,10",Norte 340°,"3,10",Noroeste 330°,"8,30","8,30",2025-02-12
06:00,"0,00","7,40","100,00","0,20",Este 110°,"2,60",Norte 350°,"7,20","8,30",2025-02-12
07:00,"0,00","7,60","100,00","1,80",Suroeste 220°,"3,60",Sur 190°,"7,20","7,70",2025-02-12
08:00,"0,00","8,00","100,00","2,20",Suroeste 230°,"4,10",Oeste 260°,"7,10","8,00",2025-02-12
09:00,"0,00","8,50","92,00","3,10",Oeste 260°,"7,70",Oeste 250°,"8,00","8,80",2025-02-12
10:00,"0,00","9,40","82,00","2,30",Oeste 280°,"6,20",Oeste 270°,"8,60","9,50",2025-02-12
11:00,"0,00","9,60","82,00","3,40",Oeste 270°,"5,10",Oeste 270°,"9,30","9,80",2025-02-12
12:00,"0,00","11,20","70,00","2,20",Oeste 290°,"7,70",Oeste 270°,"9,60","11,40",2025-02-12
13:00,"0,00","13,10","60,00","1,60",Este 100°,"4,60",Oeste 280°,"11,50","13,40",2025-02-12
14:00,"0,00","12,90","59,00","3,40",Sur 190°,"7,20",Sur 200°,"12,20","13,40",2025-02-12
15:00,"0,00","13,00","56,00","4,20",Sur 160°,"8,20",Suroeste 220°,"12,80","14,20",2025-02-12
16:00,"0,00","13,10","53,00","3,20",Sureste 130°,"6,70",Sur 190°,"12,80","14,10",2025-02-12
17:00,"0,00","13,50","49,00","0,90",Noreste 60°,"4,60",Este 80°,"13,10","14,10",2025-02-12
18:00,"0,00","12,70","47,00","5,20",Norte 350°,"7,20",Norte 350°,"12,50","14,10",2025-02-12
19:00,"0,00","11,20","52,00","3,80",Norte 350°,"6,20",Norte 360°,"11,10","12,50",2025-02-12
20:00,"0,00","9,90","57,00","2,30",Norte 350°,"4,60",Norte 360°,"9,80","11,10",2025-02-12
21:00,"0,00","8,30","62,00","1,80",Norte 340°,"4,60",Norte 350°,"8,10","9,70",2025-02-12
22:00,"0,00","6,80","68,00","0,10",Noroeste 310°,"2,60",Noroeste 300°,"6,50","8,10",2025-02-12
23:00,"0,00","5,90","72,00","0,10",Suroeste 240°,"3,60",Oeste 260°,"5,90","6,90",2025-02-12
00:00,"0,00","6,70","85,00","0,90",Norte 10°,"2,10",Noreste 40°,"6,60","8,30",2025-02-13
01:00,"0,00","4,10","84,00","1,00",Sur 190°,"2,60",Este 100°,"4,00","4,90",2025-02-13
02:00,"0,00","3,70","87,00","0,40",Noreste 60°,"2,10",Sur 190°,"3,60","4,50",2025-02-13
03:00,"0,00","2,80","89,00","1,50",Sureste 150°,"2,10",Este 100°,"2,80","3,50",2025-02-13
04:00,"0,00","2,50","93,00","0,30",Este 110°,"2,10",Sur 170°,"2,30","3,20",2025-02-13
05:00,"0,00","1,50","94,00","0,40",Este 90°,"2,10",Noreste 30°,"1,40","2,30",2025-02-13
06:00,"0,00","1,30","97,00","0,70",Sureste 150°,"1,50",Sureste 120°,"1,30","1,70",2025-02-13
07:00,"0,00","1,10","100,00","0,90",Sureste 150°,"1,50",Sur 160°,"0,90","1,30",2025-02-13
08:00,"0,00","0,50","100,00","1,00",Norte 360°,"2,60",Norte 10°,"0,30","0,90",2025-02-13
09:00,"0,00","0,90","100,00","0,00",,"1,00",Norte 340°,"0,30","1,10",2025-02-13
10:00,"0,00","4,30","87,00","0,90",Norte 340°,"3,60",Oeste 250°,"1,10","4,60",2025-02-13
11:00,"0,00","6,20","80,00","0,40",Oeste 280°,"2,60",Noreste 40°,"4,60","6,50",2025-02-13
12:00,"0,00","9,80","68,00","1,00",Este 90°,"3,60",Suroeste 220°,"6,50","9,90",2025-02-13
13:00,"0,00","11,60","64,00","1,60",Sureste 150°,"3,60",Suroeste 230°,"9,90","11,70",2025-02-13
14:00,"0,00","13,40","59,00","1,10",Sur 170°,"3,60",Sur 160°,"11,50","13,50",2025-02-13
15:00,"0,00","14,70","50,00","2,40",Sur 200°,"4,60",Suroeste 230°,"13,50","15,00",2025-02-13
16:00,"0,00","15,60","53,00","2,30",Sur 200°,"6,70",Suroeste 210°,"14,60","15,70",2025-02-13
17:00,"0,00","15,40","54,00","1,70",Sur 170°,"5,70",Suroeste 230°,"15,20","15,50",2025-02-13
18:00,"0,00","14,80","52,00","2,70",Suroeste 220°,"5,10",Sur 200°,"14,80","15,50",2025-02-13
19:00,"0,00","13,70","56,00","2,70",Sur 190°,"5,70",Sur 200°,"13,70","14,80",2025-02-13
20:00,"0,00","12,80","59,00","2,50",Sur 190°,"5,10",Sur 190°,"12,70","13,70",2025-02-13
21:00,"0,00","11,70","60,00","1,80",Sur 200°,"5,10",Sur 190°,"11,60","12,70",2025-02-13
22:00,"0,00","9,90","66,00","1,60",Sur 170°,"4,10",Suroeste 210°,"9,70","11,60",2025-02-13
23:00,"0,00","8,70","74,00","0,90",Este 110°,"2,60",Este 110°,"8,40","9,70",2025-02-13
00:00,"0,00","6,50","87,00","2,30",Noroeste 330°,"3,10",Norte 340°,"6,50","7,80",2025-02-14
01:00,"0,00","5,90","91,00","1,10",Norte 360°,"1,50",Norte 360°,"5,90","6,60",2025-02-14
02:00,"0,00","5,10","95,00","1,40",Norte 340°,"2,10",Norte 350°,"5,00","5,90",2025-02-14
03:00,"0,00","4,50","98,00","1,20",Norte 340°,"2,10",Norte 340°,"4,40","5,10",2025-02-14
04:00,"0,00","4,00","99,00","1,50",Norte 350°,"2,10",Noroeste 320°,"4,00","4,40",2025-02-14
05:00,"0,00","3,50","99,00","1,40",Noroeste 330°,"2,60",Norte 10°,"3,40","4,00",2025-02-14
06:00,"0,00","2,90","100,00","1,20",Norte 360°,"2,10",Noroeste 320°,"2,90","3,50",2025-02-14
07:00,"0,00","2,50","100,00","1,50",Norte 340°,"2,60",Norte 10°,"2,50","2,90",2025-02-14
08:00,"0,00","2,10","100,00","1,30",Norte 360°,"2,10",Norte 10°,"2,00","2,50",2025-02-14
09:00,"0,00","2,40","100,00","1,40",Norte 360°,"2,60",Norte 360°,"1,90","2,50",2025-02-14
10:00,"0,00","5,70","94,00","1,30",Norte 360°,"3,60",Oeste 270°,"2,60","6,10",2025-02-14
11:00,"0,00","7,70","82,00","0,90",Norte 350°,"2,60",Oeste 270°,"6,10","7,90",2025-02-14
12:00,"0,00","10,80","72,00","1,30",Suroeste 220°,"3,10",Oeste 250°,"7,90","11,00",2025-02-14
13:00,"0,00","12,80","61,00","1,00",Sur 180°,"3,10",Suroeste 220°,"10,90","13,00",2025-02-14
14:00,"0,00","14,80","56,00","1,10",Sureste 120°,"2,60",Sureste 140°,"13,10","15,10",2025-02-14
15:00,"0,00","16,20","51,00","2,40",Sur 170°,"4,60",Sur 200°,"14,70","16,30",2025-02-14
16:00,"0,00","17,20","48,00","2,80",Suroeste 210°,"7,70",Suroeste 230°,"16,20","17,30",2025-02-14
17:00,"0,00","16,60","49,00","3,20",Sur 180°,"6,20",Sur 190°,"16,60","17,20",2025-02-14
18:00,"0,00","15,80","50,00","3,50",Sur 170°,"6,20",Suroeste 230°,"15,70","16,80",2025-02-14
19:00,"0,00","14,20","54,00","2,80",Sur 190°,"5,10",Sur 180°,"14,10","15,70",2025-02-14
20:00,"0,00","12,20","60,00","1,20",Sur 200°,"5,10",Suroeste 210°,"12,00","14,00",2025-02-14
21:00,"0,00","9,60","69,00","1,30",Sureste 130°,"3,10",Suroeste 220°,"9,40","12,00",2025-02-14
22:00,"0,00","8,50","75,00","0,00",,"2,10",Este 100°,"8,40","10,10",2025-02-14
23:00,"0,00","7,70","82,00","2,40",Norte 350°,"3,60",Norte 350°,"7,60","8,40",2025-02-14
00:00,"0,00","7,30","85,00","2,70",Noroeste 310°,"3,60",Noroeste 320°,"7,00","8,20",2025-02-15
01:00,"0,00","6,10","89,00","2,60",Norte 350°,"4,10",Norte 350°,"5,90","6,50",2025-02-15
02:00,"0,00","5,10","91,00","1,40",Norte 350°,"3,60",Norte 340°,"5,00","6,10",2025-02-15
03:00,"0,00","4,40","95,00","1,50",Norte 340°,"2,10",Noroeste 330°,"4,40","5,00",2025-02-15
04:00,"0,00","3,90","97,00","1,10",Norte 340°,"2,10",Norte 350°,"3,80","4,40",2025-02-15
05:00,"0,00","3,00","99,00","1,40",Norte 360°,"1,50",Norte 360°,"3,00","3,90",2025-02-15
06:00,"0,00","2,80","100,00","1,60",Norte 360°,"2,10",Norte 360°,"2,80","3,10",2025-02-15
07:00,"0,00","2,00","100,00","1,20",Norte 10°,"2,10",Norte 10°,"1,90","2,80",2025-02-15
08:00,"0,00","1,70","100,00","1,30",Norte 350°,"2,10",Noroeste 320°,"1,60","1,90",2025-02-15
09:00,"0,00","2,20","100,00","0,90",Norte 10°,"2,10",Norte 360°,"1,60","2,40",2025-02-15
10:00,"0,00","5,30","90,00","1,30",Norte 340°,"2,60",Noroeste 330°,"2,50","5,50",2025-02-15
11:00,"0,00","7,40","83,00","0,40",Norte 340°,"2,10",Noroeste 300°,"5,50","7,50",2025-02-15
12:00,"0,00","9,50","76,00","0,50",Norte 10°,"2,10",Norte 360°,"7,70","9,70",2025-02-15
13:00,"0,00","12,10","66,00","0,40",Suroeste 220°,"3,60",Oeste 280°,"9,80","12,30",2025-02-15
14:00,"0,00","14,00","61,00","0,70",Noroeste 300°,"3,10",Suroeste 220°,"12,40","14,10",2025-02-15
15:00,"0,00","15,20","54,00","1,00",Noreste 30°,"3,60",Oeste 270°,"13,80","15,40",2025-02-15
16:00,"0,00","16,00","51,00","3,40",Suroeste 220°,"6,70",Suroeste 220°,"15,30","16,40",2025-02-15
17:00,"0,00","16,70","48,00","1,70",Suroeste 220°,"5,70",Sur 190°,"15,80","16,80",2025-02-15
18:00,"0,00","15,30","53,00","1,50",Sur 180°,"5,10",Suroeste 210°,"15,10","16,60",2025-02-15
19:00,"0,00","12,50","64,00","0,00",,"2,60",Suroeste 210°,"12,10","15,10",2025-02-15
20:00,"0,00","11,70","69,00","1,70",Noroeste 330°,"3,10",Norte 340°,"11,40","12,20",2025-02-15
21:00,"0,00","10,20","75,00","2,50",Norte 360°,"3,60",Norte 360°,"10,20","11,50",2025-02-15
22:00,"0,00","9,80","76,00","2,20",Norte 350°,"4,10",Norte 350°,"9,60","10,40",2025-02-15
23:00,"0,00","8,00","85,00","2,00",Norte 350°,"2,60",Norte 340°,"8,00","9,60",2025-02-15
00:00,"0,00","11,00","73,00","1,60",Este 80°,"5,10",Suroeste 220°,"10,70","11,90",2025-02-16
01:00,"0,00","6,20","87,00","0,80",Norte 340°,"3,10",Norte 350°,"6,10","7,00",2025-02-16
02:00,"0,00","5,50","89,00","1,60",Noroeste 330°,"2,60",Norte 350°,"5,40","6,10",2025-02-16
03:00,"0,00","5,20","89,00","1,30",Norte 340°,"2,60",Noroeste 330°,"5,10","5,40",2025-02-16
04:00,"0,00","3,90","94,00","0,80",Noroeste 330°,"2,60",Norte 360°,"3,80","5,10",2025-02-16
05:00,"0,00","3,60","96,00","1,00",Noroeste 320°,"2,10",Noroeste 310°,"3,50","4,00",2025-02-16
06:00,"0,00","2,90","99,00","1,30",Norte 360°,"2,10",Norte 350°,"2,90","3,50",2025-02-16
07:00,"0,00","3,00","94,00","3,60",Noroeste 320°,"4,10",Noroeste 320°,"2,80","3,20",2025-02-16
08:00,"0,00","2,00","96,00","1,50",Norte 10°,"3,60",Noroeste 330°,"1,90","3,30",2025-02-16
09:00,"0,00","2,80","99,00","1,40",Noroeste 320°,"2,60",Norte 10°,"2,10","3,00",2025-02-16
10:00,"0,00","5,50","83,00","1,80",Norte 340°,"2,60",Norte 340°,"3,10","5,60",2025-02-16
11:00,"0,00","7,60","77,00","0,90",Norte 10°,"2,60",Oeste 270°,"5,40","7,70",2025-02-16
12:00,"0,00","10,90","64,00","0,90",Norte 340°,"2,60",Noroeste 300°,"7,70","11,40",2025-02-16
13:00,"0,00","14,50","49,00","0,80",Sur 190°,"4,10",Suroeste 240°,"11,50","14,80",2025-02-16
14:00,"0,00","16,90","42,00","0,70",Suroeste 230°,"3,60",Suroeste 230°,"14,90","17,30",2025-02-16
15:00,"0,00","18,30","36,00","2,80",Suroeste 230°,"5,10",Suroeste 210°,"17,40","18,40",2025-02-16
16:00,"0,00","18,80","35,00","4,10",Suroeste 210°,"8,20",Oeste 250°,"18,40","19,00",2025-02-16
17:00,"0,00","18,40","36,00","3,90",Suroeste 240°,"9,30",Oeste 250°,"17,70","18,90",2025-02-16
18:00,"0,00","16,80","42,00","4,50",Suroeste 240°,"8,20",Suroeste 230°,"16,70","18,80",2025-02-16
19:00,"0,00","15,90","47,00","4,50",Suroeste 220°,"8,80",Suroeste 220°,"15,90","16,80",2025-02-16
20:00,"0,00","15,10","50,00","5,10",Suroeste 220°,"8,20",Suroeste 220°,"14,90","16,00",2025-02-16
21:00,"0,00","14,40","57,00","6,00",Suroeste 240°,"11,30",Oeste 250°,"14,30","15,10",2025-02-16
22:00,"0,00","13,60","61,00","4,10",Suroeste 240°,"8,80",Suroeste 230°,"13,60","14,30",2025-02-16
23:00,"0,00","12,30","68,00","1,60",Oeste 260°,"8,80",Suroeste 230°,"11,90","13,60",2025-02-16
00:00,"0,00","7,80","86,00","1,80",Norte 350°,"2,60",Norte 360°,"7,70","8,10",2025-02-17
01:00,"0,00","9,30","79,00","1,90",Sur 180°,"3,10",Sur 190°,"9,00","10,70",2025-02-17
02:00,"0,00","8,30","87,00","1,60",Sureste 130°,"2,10",Sureste 130°,"8,30","9,10",2025-02-17
03:00,"0,00","7,30","91,00","1,70",Sureste 120°,"2,60",Este 110°,"7,00","8,30",2025-02-17
04:00,"0,00","5,30","93,00","0,90",Noroeste 330°,"2,10",Este 100°,"5,10","7,30",2025-02-17
05:00,"0,00","4,10","97,00","1,60",Norte 340°,"2,60",Noroeste 330°,"3,90","5,10",2025-02-17
06:00,"0,00","3,50","97,00","1,60",Norte 340°,"3,10",Noroeste 320°,"3,50","4,00",2025-02-17
07:00,"0,00","3,00","98,00","0,00",,"1,50",Norte 360°,"3,00","3,50",2025-02-17
08:00,"0,00","3,50","100,00","1,90",Norte 360°,"3,10",Norte 350°,"2,90","3,60",2025-02-17
09:00,"0,00","5,30","95,00","0,70",Norte 340°,"4,10",Norte 350°,"3,70","5,50",2025-02-17
10:00,"0,00","6,80","93,00","0,20",Oeste 250°,"1,50",Oeste 250°,"5,50","7,00",2025-02-17
11:00,"0,00","7,70","94,00","1,00",Noreste 50°,"3,10",Este 90°,"7,00","7,70",2025-02-17
12:00,"0,00","8,70","89,00","1,60",Sureste 130°,"3,10",Sureste 140°,"7,60","8,70",2025-02-17
13:00,"0,00","9,50","84,00","1,10",Noreste 30°,"3,60",Suroeste 210°,"8,60","9,60",2025-02-17
14:00,"0,00","11,50","77,00","1,40",Oeste 250°,"3,60",Oeste 250°,"9,40","11,90",2025-02-17
15:00,"0,00","13,80","67,00","0,40",Suroeste 210°,"3,60",Suroeste 230°,"11,70","14,10",2025-02-17
16:00,"0,00","15,60","57,00","1,50",Sur 190°,"3,10",Sur 180°,"13,50","15,80",2025-02-17
17:00,"0,00","15,50","53,00","2,00",Sur 160°,"3,60",Sureste 130°,"15,40","16,10",2025-02-17
18:00,"0,00","14,40","56,00","2,00",Sur 170°,"4,10",Sur 180°,"14,40","15,30",2025-02-17
19:00,"0,00","12,00","65,00","2,00",Sur 160°,"3,60",Sur 180°,"11,90","14,40",2025-02-17
20:00,"0,00","10,70","70,00","0,80",Sureste 130°,"3,60",Sur 180°,"10,60","11,90",2025-02-17
21:00,"0,00","9,40","76,00","1,30",Norte 360°,"1,50",Norte 360°,"9,10","10,50",2025-02-17
22:00,"0,00","8,20","84,00","1,40",Norte 340°,"2,60",Norte 350°,"8,20","9,30",2025-02-17
23:00,"0,00","8,10","87,00","1,60",Norte 350°,"2,10",Norte 350°,"8,00","8,30",2025-02-17
00:00,"0,00","9,60","80,00","0,90",Sureste 120°,"1,50",Sureste 120°,"9,50","10,20",2025-02-18
01:00,"0,00","7,20","87,00","1,80",Norte 350°,"3,10",Norte 340°,"7,10","7,70",2025-02-18
02:00,"0,00","6,60","89,00","1,70",Noroeste 330°,"3,10",Noroeste 330°,"6,50","7,10",2025-02-18
03:00,"0,00","5,70","92,00","1,40",Norte 340°,"2,60",Norte 350°,"5,70","6,50",2025-02-18
04:00,"0,00","5,10","95,00","1,60",Norte 340°,"2,60",Norte 360°,"5,10","5,70",2025-02-18
05:00,"0,00","4,90","96,00","1,70",Norte 340°,"3,10",Norte 340°,"4,90","5,20",2025-02-18
06:00,"0,00","4,60","97,00","1,30",Noreste 30°,"2,10",Noreste 30°,"4,50","4,80",2025-02-18
07:00,"0,00","4,30","97,00","1,00",Norte 340°,"2,60",Norte 10°,"4,30","4,50",2025-02-18
08:00,"0,00","4,00","98,00","0,60",Norte 340°,"2,60",Norte 10°,"3,90","4,30",2025-02-18
09:00,"0,00","4,80","100,00","0,80",Noreste 30°,"1,50",Noreste 40°,"3,90","4,80",2025-02-18
10:00,"0,00","6,40","95,00","0,10",Norte 10°,"1,00",Norte 360°,"4,80","6,50",2025-02-18
11:00,"0,00","8,90","82,00","1,60",Noroeste 300°,"2,60",Oeste 280°,"6,50","9,10",2025-02-18
12:00,"0,00","12,70","66,00","1,10",Norte 10°,"2,60",Norte 360°,"9,30","13,30",2025-02-18
13:00,"0,00","14,80","57,00","0,50",Sureste 140°,"4,60",Suroeste 220°,"13,40","15,10",2025-02-18
14:00,"0,00","15,90","54,00","1,40",Sur 170°,"4,60",Suroeste 220°,"15,20","16,00",2025-02-18
15:00,"0,00","16,20","53,00","1,50",Norte 340°,"3,60",Suroeste 230°,"16,00","16,40",2025-02-18
16:00,"0,00","16,50","54,00","3,40",Norte 340°,"4,60",Noroeste 330°,"16,00","16,70",2025-02-18
17:00,"0,00","17,60","49,00","1,60",Norte 10°,"4,10",Norte 360°,"16,60","17,70",2025-02-18
18:00,"0,00","16,20","54,00","3,10",Norte 350°,"4,10",Norte 360°,"16,00","17,70",2025-02-18
19:00,"0,00","14,10","61,00","2,60",Norte 340°,"5,10",Norte 350°,"13,90","16,00",2025-02-18
20:00,"0,00","12,60","68,00","1,00",Noroeste 330°,"2,60",Norte 350°,"12,50","13,90",2025-02-18
21:00,"0,00","12,00","69,00","1,20",Norte 10°,"2,60",Noroeste 310°,"11,90","12,60",2025-02-18
22:00,"0,00","11,30","74,00","2,60",Noroeste 330°,"3,60",Noroeste 330°,"11,30","11,90",2025-02-18
23:00,"0,00","10,30","78,00","0,60",Norte 20°,"2,60",Noroeste 330°,"10,20","11,30",2025-02-18
00:00,"0,00","7,90","90,00","1,10",Este 70°,"2,10",Este 70°,"7,80","9,00",2025-02-19
01:00,"0,00","9,00","85,00","0,00",,"1,50",Este 100°,"8,90","9,60",2025-02-19
02:00,"0,00","8,60","87,00","0,10",Este 100°,"1,50",Noreste 50°,"8,60","9,20",2025-02-19
03:00,"0,00","8,60","86,00","0,00",,"2,10",Sureste 130°,"8,30","9,20",2025-02-19
04:00,"0,00","7,90","92,00","1,40",Norte 360°,"2,10",Norte 350°,"7,70","8,30",2025-02-19
05:00,"0,00","7,90","90,00","0,20",Norte 360°,"2,10",Norte 350°,"7,60","7,90",2025-02-19
06:00,"0,00","8,00","90,00","1,40",Norte 350°,"2,60",Norte 360°,"7,90","8,10",2025-02-19
07:00,"0,00","7,50","90,00","1,00",Norte 360°,"2,60",Norte 360°,"7,40","8,00",2025-02-19
08:00,"0,00","6,70","96,00","0,40",Norte 360°,"2,10",Norte 10°,"6,70","7,40",2025-02-19
09:00,"0,00","6,90","98,00","1,40",Norte 360°,"2,60",Norte 360°,"6,40","7,00",2025-02-19
10:00,"0,00","9,10","87,00","1,40",Noroeste 310°,"2,60",Norte 350°,"7,00","9,20",2025-02-19
11:00,"0,00","11,30","79,00","0,60",Suroeste 210°,"2,60",Suroeste 220°,"9,20","11,40",2025-02-19
12:00,"0,00","13,50","70,00","0,80",Sur 160°,"3,10",Suroeste 210°,"11,30","13,70",2025-02-19
13:00,"0,00","15,50","62,00","0,80",Sureste 130°,"3,60",Suroeste 210°,"13,70","15,70",2025-02-19
14:00,"0,00","16,60","59,00","3,10",Sur 170°,"6,20",Suroeste 210°,"15,30","16,80",2025-02-19
15:00,"0,00","16,90","55,00","2,00",Suroeste 210°,"6,70",Sur 190°,"16,40","17,30",2025-02-19
16:00,"0,00","16,90","55,00","2,70",Suroeste 230°,"7,20",Suroeste 220°,"16,90","17,40",2025-02-19
17:00,"0,00","17,40","54,00","3,00",Sur 180°,"5,10",Sur 190°,"16,90","17,60",2025-02-19
18:00,"0,00","16,90","55,00","3,10",Suroeste 230°,"4,60",Suroeste 220°,"16,80","17,50",2025-02-19
19:00,"0,00","15,30","59,00","3,10",Sur 190°,"6,70",Sur 200°,"15,20","16,80",2025-02-19
20:00,"0,00","14,10","62,00","2,00",Suroeste 210°,"4,10",Suroeste 230°,"14,00","15,20",2025-02-19
21:00,"0,00","11,50","73,00","2,00",Sur 180°,"3,60",Suroeste 220°,"11,50","14,00",2025-02-19
22:00,"0,00","11,00","75,00","2,40",Sur 190°,"4,10",Sur 190°,"10,80","11,50",2025-02-19
23:00,"0,00","9,20","83,00","0,20",Noreste 40°,"3,60",Suroeste 220°,"9,10","11,30",2025-02-19
00:00,"0,00","9,30","81,00","1,40",Sureste 120°,"2,60",Sureste 130°,"9,20","9,70",2025-02-20
01:00,"0,00","6,80","93,00","0,90",Norte 350°,"2,10",Este 80°,"6,70","8,20",2025-02-20
02:00,"0,00","6,30","98,00","1,80",Norte 350°,"2,10",Norte 350°,"6,20","6,90",2025-02-20
03:00,"0,00","5,90","97,00","2,40",Noroeste 320°,"2,60",Noroeste 330°,"5,80","6,30",2025-02-20
04:00,"0,00",,,"1,10",Norte 20°,"2,60",Noroeste 310°,,,2025-02-20
05:00,"0,00","4,70","100,00","1,20",Norte 360°,"2,10",Norte 10°,"4,60","5,20",2025-02-20
06:00,"0,00","4,20","100,00","0,50",Norte 20°,"1,50",Noreste 30°,"4,20","4,60",2025-02-20
07:00,"0,00","4,10","100,00","1,40",Norte 350°,"2,60",Norte 10°,"4,10","4,20",2025-02-20
08:00,"0,00","4,20","100,00","1,50",Norte 350°,"2,10",Norte 340°,"3,90","4,30",2025-02-20
09:00,"0,00","5,50","100,00","1,40",Norte 360°,"2,10",Norte 360°,"4,40","5,60",2025-02-20
10:00,"0,00","6,80","97,00","0,00",,"2,10",Norte 360°,"5,60","6,90",2025-02-20
11:00,"0,00","8,10","99,00","0,00",,"1,50",Noreste 50°,"6,90","8,20",2025-02-20
12:00,"0,00","9,40","95,00","0,60",Sur 190°,"2,60",Sur 190°,"8,20","9,40",2025-02-20
13:00,"0,00","12,10","82,00","2,30",Sur 160°,"4,10",Sur 170°,"9,40","12,40",2025-02-20
14:00,"0,00","14,80","70,00","0,90",Sur 180°,"3,60",Suroeste 230°,"12,20","15,00",2025-02-20
15:00,"0,00","16,80","61,00","2,80",Suroeste 230°,"6,20",Suroeste 230°,"15,10","16,90",2025-02-20
16:00,"0,00","17,90","55,00","2,70",Suroeste 230°,"6,70",Suroeste 220°,"16,50","18,00",2025-02-20
17:00,"0,00","18,30","49,00","2,50",Suroeste 220°,"7,70",Suroeste 230°,"18,00","18,30",2025-02-20
18:00,"0,00","17,40","54,00","2,50",Sur 200°,"6,70",Suroeste 230°,"17,30","18,30",2025-02-20
19:00,"0,00","15,60","58,00","2,40",Sur 200°,"5,70",Sur 200°,"15,40","17,30",2025-02-20
20:00,"0,00","14,70","60,00","2,40",Suroeste 230°,"4,60",Suroeste 240°,"14,40","15,30",2025-02-20
21:00,"0,00","12,20","70,00","0,00",,"3,60",Oeste 250°,"12,00","14,80",2025-02-20
22:00,"0,00","10,80","76,00","1,20",Este 110°,"2,60",Sureste 140°,"10,50","11,80",2025-02-20
23:00,"0,00","9,80","80,00","1,40",Este 110°,"2,10",Este 110°,"9,30","10,50",2025-02-20
00:00,"0,60","11,80","82,00","8,10",Suroeste 230°,"12,90",Suroeste 210°,"11,70","13,50",2025-02-21
01:00,"0,00","7,70","91,00","0,00",,"1,00",Sureste 130°,"7,50","9,20",2025-02-21
02:00,"0,00","6,80","97,00","1,80",Norte 10°,"2,10",Norte 10°,"6,70","7,50",2025-02-21
03:00,"0,00","6,10","97,00","1,80",Noroeste 330°,"3,10",Noroeste 320°,"5,90","6,70",2025-02-21
04:00,"0,00","5,50","98,00","0,00",,"1,50",Norte 350°,"5,40","6,20",2025-02-21
05:00,"0,00","5,60","100,00","2,40",Norte 350°,"3,10",Norte 360°,"5,20","5,70",2025-02-21
06:00,"0,00","5,20","99,00","1,90",Norte 340°,"3,10",Noroeste 310°,"5,00","5,70",2025-02-21
07:00,"0,00","4,90","100,00","1,10",Norte 360°,"1,50",Norte 360°,"4,90","5,30",2025-02-21
08:00,"0,00","4,70","100,00","1,40",Noroeste 330°,"2,60",Norte 10°,"4,60","4,90",2025-02-21
09:00,"0,00","5,40","100,00","0,00",,"1,50",Norte 340°,"4,60","5,50",2025-02-21
10:00,"0,00","7,80","95,00","0,10",Este 110°,"1,50",Sureste 130°,"5,50","8,10",2025-02-21
11:00,"0,00","9,70","84,00","0,50",Oeste 270°,"2,60",Oeste 270°,"8,10","9,80",2025-02-21
12:00,"0,00","12,10","76,00","0,70",Sureste 130°,"2,60",Noroeste 320°,"9,80","12,20",2025-02-21
13:00,"0,00","12,90","71,00","0,30",Sur 190°,"3,60",Sur 170°,"12,20","13,00",2025-02-21
14:00,"0,00","13,90","70,00","2,80",Sur 180°,"7,70",Sur 190°,"13,00","14,00",2025-02-21
15:00,"0,00","14,60","68,00","4,00",Sur 170°,"9,30",Suroeste 210°,"14,00","14,70",2025-02-21
16:00,"0,00","16,60","62,00","2,80",Sur 170°,"8,80",Sureste 140°,"14,70","16,60",2025-02-21
17:00,"0,00","16,60","53,00","5,60",Sur 180°,"12,90",Sur 180°,"16,60","16,70",2025-02-21
18:00,"0,00","16,30","51,00","4,50",Sur 190°,"9,80",Suroeste 210°,"16,30","16,90",2025-02-21
19:00,"0,00","15,30","55,00","3,40",Sur 180°,"10,30",Suroeste 210°,"15,30","16,30",2025-02-21
20:00,"0,00","14,40","59,00","4,60",Sur 160°,"7,20",Sur 180°,"14,00","15,30",2025-02-21
21:00,"0,00","13,90","60,00","4,80",Sur 160°,"7,70",Sur 180°,"13,90","14,60",2025-02-21
22:00,"0,00","14,00","61,00","5,80",Sur 180°,"11,80",Sur 170°,"13,50","14,20",2025-02-21
23:00,"0,00","13,40","67,00","6,60",Sur 180°,"10,30",Sur 170°,"13,40","14,00",2025-02-21
00:00,"0,00","5,90","78,00","1,60",Noroeste 330°,"2,10",Noroeste 330°,"5,80","6,70",2025-02-22
01:00,"0,00","10,80","83,00","5,50",Suroeste 220°,"10,30",Suroeste 240°,"10,80","11,70",2025-02-22
02:00,"0,00","9,90","87,00","4,70",Suroeste 230°,"12,40",Suroeste 210°,"9,90","10,80",2025-02-22
03:00,"0,00","9,40","87,00","5,30",Suroeste 240°,"7,20",Suroeste 220°,"9,30","10,00",2025-02-22
04:00,"0,00","8,90","91,00","4,40",Suroeste 220°,"6,70",Suroeste 220°,"8,90","9,30",2025-02-22
05:00,"0,00","8,70","90,00","2,70",Suroeste 230°,"6,70",Suroeste 220°,"8,70","8,90",2025-02-22
06:00,"0,00","8,20","90,00","1,30",Sur 160°,"4,10",Suroeste 230°,"8,10","8,70",2025-02-22
07:00,"0,00","8,00","95,00","0,60",Sureste 130°,"2,10",Noreste 50°,"8,00","8,20",2025-02-22
08:00,"0,00","6,70","99,00","1,20",Este 80°,"2,10",Este 70°,"6,60","8,10",2025-02-22
09:00,"0,00","7,40","100,00","0,10",Noreste 30°,"1,50",Este 110°,"6,30","7,50",2025-02-22
10:00,"0,00","8,40","92,00","0,90",Norte 350°,"2,10",Norte 10°,"7,50","8,50",2025-02-22
11:00,"0,00","9,20","85,00","0,50",Suroeste 240°,"2,60",Suroeste 230°,"8,50","9,30",2025-02-22
12:00,"0,00","11,50","72,00","0,90",Sur 170°,"4,10",Oeste 250°,"9,30","11,60",2025-02-22
13:00,"0,00","12,50","62,00","1,60",Oeste 280°,"3,60",Sureste 140°,"11,60","12,90",2025-02-22
14:00,"0,00","13,80","53,00","1,50",Sur 160°,"4,10",Oeste 270°,"12,10","13,80",2025-02-22
15:00,"0,00","14,10","47,00","2,80",Oeste 260°,"5,70",Oeste 290°,"13,40","14,70",2025-02-22
16:00,"0,00","13,50","47,00","0,70",Sur 200°,"4,60",Oeste 260°,"13,20","13,80",2025-02-22
17:00,"0,00","13,40","52,00","0,00",,"2,60",Sureste 120°,"13,10","14,10",2025-02-22
18:00,"0,00","11,20","59,00","1,20",Noreste 60°,"2,60",Norte 20°,"11,20","13,10",2025-02-22
19:00,"0,00","9,70","68,00","0,00",,"2,10",Este 70°,"9,60","11,20",2025-02-22
20:00,"0,00","9,20","63,00","0,30",Noroeste 320°,"2,60",Norte 360°,"9,10","9,70",2025-02-22
21:00,"0,00","8,80","65,00","0,70",Oeste 250°,"2,60",Suroeste 220°,"8,80","9,30",2025-02-22
22:00,"0,00","8,00","69,00","0,00",,"3,60",Oeste 290°,"7,80","9,30",2025-02-22
23:00,"0,00","6,80","74,00","0,60",Noreste 60°,"2,10",Este 70°,"6,70","8,00",2025-02-22
00:00,"0,00","6,00","77,00","1,20",Norte 340°,"3,10",Norte 20°,"5,80","7,30",2025-02-23
01:00,"0,00","5,50","77,00","0,70",Norte 10°,"2,60",Norte 350°,"5,40","6,30",2025-02-23
02:00,"0,00","5,40","78,00","1,90",Sureste 120°,"3,10",Sureste 120°,"5,10","5,80",2025-02-23
03:00,"0,00","3,70","85,00","0,30",Este 100°,"2,60",Sureste 130°,"3,60","5,20",2025-02-23
04:00,"0,00","3,00","91,00","0,90",Norte 20°,"1,50",Noreste 30°,"2,90","3,80",2025-02-23
05:00,"0,00","2,10","91,00","1,60",Noroeste 320°,"2,60",Noroeste 300°,"2,10","2,90",2025-02-23
06:00,"0,00","1,50","95,00","1,80",Norte 350°,"2,60",Noroeste 330°,"1,40","2,20",2025-02-23
07:00,"0,00",,,"3,00",Noroeste 320°,"3,60",Noroeste 320°,,,2025-02-23
08:00,"0,00","0,40","97,00","0,30",Norte 10°,"2,60",Norte 340°,"0,40","1,10",2025-02-23
09:00,"0,00","2,40","99,00","1,00",Noreste 50°,"2,60",Noroeste 310°,"0,40","2,60",2025-02-23
10:00,"0,00","5,30","81,00","1,40",Noroeste 330°,"3,10",Suroeste 240°,"2,70","5,40",2025-02-23
11:00,"0,00","8,40","71,00","1,10",Oeste 270°,"3,60",Oeste 260°,"5,40","8,60",2025-02-23
12:00,"0,00","10,80","59,00","0,30",Norte 360°,"3,60",Oeste 260°,"8,40","11,10",2025-02-23
13:00,"0,00","13,90","48,00","1,30",Sur 190°,"3,60",Suroeste 220°,"11,00","14,10",2025-02-23
14:00,"0,00","15,00","44,00","1,70",Suroeste 220°,"3,60",Suroeste 210°,"13,70","15,20",2025-02-23
15:00,"0,00","16,30","42,00","0,50",Sureste 120°,"4,10",Sur 200°,"14,60","16,50",2025-02-23
16:00,"0,00","16,40","36,00","0,60",Noreste 40°,"5,10",Suroeste 240°,"15,90","16,70",2025-02-23
17:00,"0,00","17,20","35,00","0,70",Oeste 280°,"4,10",Sur 190°,"16,60","17,40",2025-02-23
18:00,"0,00","16,30","38,00","1,80",Oeste 290°,"4,10",Suroeste 230°,"16,10","17,10",2025-02-23
19:00,"0,00","14,00","42,00","1,80",Sur 190°,"4,10",Sur 180°,"13,50","16,40",2025-02-23
20:00,"0,00","12,50","50,00","3,50",Sur 190°,"6,70",Suroeste 210°,"11,80","13,50",2025-02-23
21:00,"0,00","11,50","54,00","2,40",Sur 200°,"5,10",Sur 190°,"10,90","12,50",2025-02-23
22:00,"0,00","10,60","58,00","2,00",Sur 200°,"4,60",Suroeste 210°,"10,40","11,40",2025-02-23
23:00,"0,00","7,50","70,00","0,80",Noreste 50°,"2,10",Este 90°,"7,30","10,70",2025-02-23
00:00,"0,00","11,10","65,00","4,70",Suroeste 220°,"7,20",Suroeste 220°,"9,60","11,10",2025-02-24
01:00,"0,00","4,90","83,00","1,50",Norte 360°,"2,10",Norte 350°,"4,70","5,70",2025-02-24
02:00,"0,00","4,00","87,00","2,00",Norte 10°,"2,60",Norte 360°,"3,90","4,70",2025-02-24
03:00,"0,00","3,70","87,00","1,50",Norte 350°,"2,10",Norte 360°,"3,50","4,00",2025-02-24
04:00,"0,00","3,10","91,00","1,10",Norte 360°,"2,10",Norte 360°,"3,10","3,60",2025-02-24
05:00,"0,00","2,90","93,00","1,50",Norte 10°,"2,10",Norte 10°,"2,90","3,10",2025-02-24
06:00,"0,00","2,80","92,00","0,80",Norte 360°,"2,10",Norte 10°,"2,70","2,90",2025-02-24
07:00,"0,00","2,50","95,00","1,50",Norte 10°,"2,60",Norte 10°,"2,50","2,70",2025-02-24
08:00,"0,00","2,60","95,00","1,10",Norte 350°,"3,10",Norte 10°,"2,50","2,60",2025-02-24
09:00,"0,00","3,30","94,00","1,10",Norte 350°,"2,60",Norte 350°,"2,60","3,40",2025-02-24
10:00,"0,00","5,30","85,00","1,80",Norte 350°,"3,10",Noroeste 330°,"3,40","5,50",2025-02-24
11:00,"0,00","7,70","77,00","0,40",Este 80°,"3,10",Norte 360°,"5,50","8,10",2025-02-24
12:00,"0,00","9,80","67,00","0,60",Sur 190°,"3,60",Sur 200°,"8,20","10,00",2025-02-24
13:00,"0,00","11,60","64,00","2,80",Sur 160°,"5,70",Sur 180°,"10,00","11,80",2025-02-24
14:00,"0,00","13,30","59,00","2,80",Suroeste 220°,"8,20",Suroeste 220°,"11,90","13,40",2025-02-24
15:00,"0,00","15,60","52,00","3,50",Suroeste 230°,"8,80",Suroeste 220°,"13,40","15,70",2025-02-24
16:00,"0,00","16,00","51,00","3,90",Suroeste 210°,"9,80",Suroeste 220°,"15,40","16,10",2025-02-24
17:00,"0,00","15,80","47,00","5,10",Sur 200°,"10,80",Suroeste 210°,"15,70","16,40",2025-02-24
18:00,"0,00","14,90","53,00","4,70",Suroeste 210°,"10,30",Suroeste 220°,"14,80","15,90",2025-02-24
19:00,"0,00","14,00","50,00","5,40",Suroeste 220°,"8,80",Suroeste 220°,"13,90","14,80",2025-02-24
20:00,"0,00","13,10","51,00","3,50",Suroeste 210°,"7,20",Suroeste 220°,"12,80","13,80",2025-02-24
21:00,"0,00","12,30","57,00","3,10",Sur 170°,"6,20",Sur 200°,"12,20","12,80",2025-02-24
22:00,"0,00","10,70","62,00","1,90",Sureste 130°,"5,10",Sur 190°,"10,70","12,20",2025-02-24
23:00,"0,00","10,80","63,00","2,90",Sureste 150°,"4,60",Sur 170°,"10,60","11,20",2025-02-24
00:00,"0,00","5,90","69,00","1,10",Norte 10°,"3,60",Sureste 120°,"5,70","6,90",2025-02-25
01:00,"0,00","8,90","76,00","1,90",Este 110°,"6,20",Suroeste 220°,"8,80","11,10",2025-02-25
02:00,"0,00","8,00","81,00","1,30",Este 110°,"3,10",Sureste 140°,"7,60","8,80",2025-02-25
03:00,"0,00","9,70","74,00","4,00",Suroeste 230°,"6,70",Suroeste 230°,"7,90","10,30",2025-02-25
04:00,"0,00","10,60","69,00","5,20",Suroeste 230°,"7,70",Suroeste 220°,"10,30","10,80",2025-02-25
05:00,"0,00","10,50","69,00","6,00",Suroeste 230°,"9,80",Oeste 250°,"10,20","10,60",2025-02-25
06:00,"0,00","10,30","73,00","4,60",Suroeste 230°,"7,20",Suroeste 230°,"10,20","10,50",2025-02-25
07:00,"0,00","10,40","78,00","7,70",Suroeste 230°,"10,80",Suroeste 230°,"10,20","10,50",2025-02-25
08:00,"0,00","10,30","80,00","6,00",Suroeste 240°,"10,80",Suroeste 230°,"10,20","10,40",2025-02-25
09:00,"0,00","9,90","83,00","4,80",Oeste 250°,"8,20",Suroeste 240°,"9,90","10,20",2025-02-25
10:00,"0,00","11,40","76,00","4,70",Oeste 250°,"10,30",Suroeste 230°,"9,90","11,60",2025-02-25
11:00,"0,00","11,90","75,00","5,70",Suroeste 230°,"10,30",Suroeste 230°,"11,60","12,10",2025-02-25
12:00,"0,00","13,20","69,00","4,40",Suroeste 240°,"10,30",Suroeste 230°,"12,00","13,50",2025-02-25
13:00,"0,00","13,50","52,00","8,40",Oeste 290°,"12,90",Noroeste 300°,"13,50","14,10",2025-02-25
14:00,"0,00","13,50","50,00","6,00",Oeste 290°,"12,40",Oeste 280°,"13,30","13,60",2025-02-25
15:00,"0,00","13,10","53,00","3,90",Noroeste 310°,"8,80",Oeste 290°,"13,10","13,60",2025-02-25
16:00,"0,00","12,90","54,00","3,70",Noroeste 330°,"7,20",Oeste 280°,"12,70","13,10",2025-02-25
17:00,"0,00","13,70","48,00","1,70",Norte 20°,"5,70",Norte 360°,"12,60","14,00",2025-02-25
18:00,"0,00","14,40","47,00","2,60",Norte 340°,"4,60",Noroeste 320°,"14,00","14,60",2025-02-25
19:00,"0,00","12,60","41,00","3,40",Norte 340°,"7,20",Norte 350°,"12,30","14,30",2025-02-25
20:00,"0,00","10,50","49,00","3,90",Norte 340°,"6,20",Norte 350°,"10,30","12,30",2025-02-25
21:00,"0,00","9,50","56,00","0,90",Noreste 60°,"6,70",Norte 350°,"9,20","10,90",2025-02-25
22:00,"0,00","8,50","59,00","2,40",Este 90°,"5,70",Norte 360°,"7,60","9,10",2025-02-25
23:00,"0,00","7,10","63,00","1,50",Norte 340°,"5,10",Suroeste 210°,"6,90","8,40",2025-02-25
00:00,"0,00","5,10","70,00","1,30",Norte 10°,"1,50",Norte 10°,"5,00","5,70",2025-02-26
01:00,"0,00","5,00","73,00","0,60",Noreste 40°,"3,10",Noreste 60°,"4,70","5,80",2025-02-26
02:00,"0,00","5,10","72,00","1,60",Noroeste 330°,"3,10",Norte 350°,"4,30","5,40",2025-02-26
03:00,"0,00","3,90","77,00","1,30",Este 100°,"2,60",Este 100°,"3,80","5,10",2025-02-26
04:00,"0,00","3,00","79,00","0,60",Sureste 140°,"3,10",Este 70°,"2,90","3,80",2025-02-26
05:00,"0,00","1,80","84,00","1,20",Noroeste 320°,"2,60",Noreste 60°,"1,50","2,90",2025-02-26
06:00,"0,00","1,30","88,00","0,40",Oeste 290°,"2,10",Noroeste 330°,"1,20","2,10",2025-02-26
07:00,"0,00","0,60","90,00","0,80",Sureste 140°,"2,10",Sureste 140°,"0,50","1,40",2025-02-26
08:00,"0,00","-0,20","93,00","1,10",Norte 20°,"1,50",Noreste 30°,"-0,20","0,80",2025-02-26
09:00,"0,00","1,00","94,00","0,00",,"1,50",Norte 10°,"-0,20","1,30",2025-02-26
10:00,"0,00","3,60","78,00","1,10",Norte 340°,"2,60",Norte 340°,"1,50","3,90",2025-02-26
11:00,"0,00","6,60","65,00","1,30",Oeste 270°,"3,60",Oeste 280°,"3,90","6,80",2025-02-26
12:00,"0,00","9,50","55,00","1,40",Sur 200°,"4,10",Suroeste 230°,"6,90","9,70",2025-02-26
13:00,"0,00","11,30","46,00","1,20",Suroeste 230°,"4,60",Suroeste 220°,"9,50","11,50",2025-02-26
14:00,"0,00","12,90","40,00","3,00",Sur 200°,"7,20",Sur 190°,"11,40","12,90",2025-02-26
15:00,"0,00","13,70","38,00","2,90",Sur 180°,"6,70",Suroeste 210°,"12,80","13,90",2025-02-26
16:00,"0,00","14,60","35,00","2,00",Suroeste 230°,"7,70",Suroeste 220°,"13,80","14,70",2025-02-26
17:00,"0,00","14,20","38,00","3,60",Suroeste 210°,"7,70",Sur 200°,"14,10","14,70",2025-02-26
18:00,"0,00","13,30","39,00","3,10",Suroeste 220°,"9,30",Suroeste 210°,"13,10","14,20",2025-02-26
19:00,"0,00","11,80","41,00","3,10",Sur 190°,"5,70",Sur 190°,"11,70","13,10",2025-02-26
20:00,"0,00","10,60","46,00","2,30",Sur 200°,"6,20",Suroeste 210°,"10,60","11,70",2025-02-26
21:00,"0,00","8,10","54,00","1,40",Sureste 140°,"4,10",Suroeste 230°,"8,00","10,60",2025-02-26
22:00,"0,00","6,60","60,00","1,50",Este 100°,"2,60",Suroeste 210°,"6,50","8,00",2025-02-26
23:00,"0,00","5,80","63,00","0,00",,"2,10",Sureste 130°,"5,70","6,60",2025-02-26
00:00,"0,00","7,60","79,00","1,80",Norte 350°,"3,10",Noroeste 310°,"7,50","8,10",2025-02-27
01:00,"0,00","3,90","78,00","1,70",Norte 10°,"2,10",Norte 10°,"3,90","5,00",2025-02-27
02:00,"0,00","3,60","82,00","1,90",Norte 360°,"2,60",Norte 340°,"3,60","3,80",2025-02-27
03:00,"0,00","3,40","84,00","1,10",Norte 340°,"2,60",Noroeste 330°,"3,40","3,70",2025-02-27
04:00,"0,00","3,70","83,00","2,30",Noroeste 330°,"3,10",Noroeste 320°,"3,40","3,70",2025-02-27
05:00,"0,00","3,30","84,00","1,80",Norte 350°,"2,60",Norte 350°,"3,30","3,70",2025-02-27
06:00,"0,00","3,50","84,00","0,80",Noreste 30°,"2,60",Norte 350°,"3,40","3,60",2025-02-27
07:00,"0,00","3,30","85,00","0,00",,"1,50",Norte 340°,"3,20","3,50",2025-02-27
08:00,"0,00","3,60","82,00","0,70",Este 80°,"2,10",Este 70°,"3,30","3,60",2025-02-27
09:00,"0,00","4,10","86,00","0,00",,"1,50",Este 70°,"3,50","4,20",2025-02-27
10:00,"1,00","4,80","92,00","2,60",Noroeste 330°,"4,10",Noroeste 320°,"4,20","4,90",2025-02-27
11:00,"0,80","5,60","96,00","1,00",Noreste 50°,"3,60",Norte 10°,"4,80","5,80",2025-02-27
12:00,"0,00","7,50","82,00","1,30",Noreste 60°,"3,60",Este 80°,"5,80","7,70",2025-02-27
13:00,"0,00","10,50","66,00","1,40",Sureste 140°,"3,60",Sureste 140°,"7,80","10,60",2025-02-27
14:00,"0,00","11,90","61,00","0,30",Sur 170°,"3,10",Noreste 40°,"10,40","12,20",2025-02-27
15:00,"0,00","13,40","55,00","0,90",Noroeste 300°,"4,10",Suroeste 210°,"11,90","13,70",2025-02-27
16:00,"0,00","13,50","53,00","2,00",Norte 340°,"3,10",Noroeste 320°,"13,00","13,80",2025-02-27
17:00,"0,00","13,10","53,00","1,10",Norte 350°,"3,10",Noroeste 310°,"13,00","13,60",2025-02-27
18:00,"0,00","12,20","61,00","0,20",Este 80°,"2,10",Noreste 40°,"11,80","13,40",2025-02-27
19:00,"0,00","10,80","63,00","1,00",Este 70°,"1,50",Este 70°,"10,50","11,90",2025-02-27
20:00,"0,00","9,00","69,00","1,50",Este 70°,"2,10",Este 70°,"8,90","10,50",2025-02-27
21:00,"0,00","8,80","69,00","1,60",Este 70°,"2,10",Noreste 50°,"8,80","9,30",2025-02-27
22:00,"0,00","8,80","70,00","1,50",Noreste 60°,"2,10",Este 80°,"8,40","8,90",2025-02-27
23:00,"0,00","7,70","75,00","0,00",,"2,60",Noreste 60°,"7,70","8,50",2025-02-27
00:00,"0,00","11,20","63,00","0,60",Este 90°,"3,60",Sureste 130°,"11,20","11,60",2025-02-28
01:00,"0,00","6,80","83,00","1,30",Norte 340°,"2,10",Norte 360°,"6,60","7,50",2025-02-28
02:00,"0,00","6,40","84,00","2,60",Noroeste 330°,"3,60",Norte 340°,"6,20","6,50",2025-02-28
03:00,"0,00","5,60","88,00","2,40",Norte 340°,"4,10",Noroeste 310°,"5,50","6,20",2025-02-28
04:00,"0,00","4,10","94,00","1,50",Norte 360°,"2,60",Norte 350°,"4,10","5,50",2025-02-28
05:00,"0,00","3,90","97,00","2,00",Noreste 30°,"2,60",Noreste 30°,"3,70","4,10",2025-02-28
06:00,"0,00","3,50","96,00","0,80",Noreste 60°,"2,60",Noroeste 330°,"3,40","3,80",2025-02-28
07:00,"0,00","3,30","97,00","2,20",Norte 10°,"3,10",Norte 10°,"3,20","3,40",2025-02-28
08:00,"0,00","3,50","98,00","0,60",Noreste 30°,"3,10",Norte 350°,"2,90","3,50",2025-02-28
09:00,"0,00","4,60","97,00","0,10",Norte 10°,"1,50",Norte 360°,"3,50","4,80",2025-02-28
10:00,"0,00","7,50","85,00","2,20",Norte 360°,"3,60",Norte 350°,"4,80","7,90",2025-02-28
11:00,"0,00","9,90","75,00","3,10",Norte 350°,"4,60",Norte 360°,"7,80","10,30",2025-02-28
12:00,"0,00","11,40","65,00","2,10",Noreste 30°,"4,10",Noreste 30°,"10,20","11,60",2025-02-28
13:00,"0,00","13,10","58,00","2,70",Norte 20°,"4,60",Norte 360°,"11,60","13,20",2025-02-28
14:00,"0,00","14,30","51,00","1,50",Este 80°,"5,10",Noreste 40°,"13,20","14,60",2025-02-28
15:00,"0,00","16,00","48,00","2,10",Noreste 40°,"4,10",Norte 20°,"14,50","16,10",2025-02-28
16:00,"0,00","16,70","44,00","2,50",Noreste 30°,"5,10",Este 70°,"16,10","17,10",2025-02-28
17:00,"0,00","16,50","43,00","0,80",Noreste 30°,"4,60",Noreste 50°,"16,40","17,50",2025-02-28
18:00,"0,00","15,90","44,00","1,80",Norte 20°,"8,80",Noreste 50°,"15,70","17,00",2025-02-28
19:00,"0,00","14,40","48,00","3,40",Sur 160°,"5,10",Sur 180°,"14,30","15,60",2025-02-28
20:00,"0,00","13,20","52,00","3,50",Sureste 140°,"7,20",Sur 160°,"13,10","14,40",2025-02-28
21:00,"0,00","12,40","57,00","3,50",Sureste 130°,"5,10",Sureste 120°,"12,40","13,10",2025-02-28
22:00,"0,00","11,60","59,00","1,00",Este 90°,"4,10",Sureste 130°,"11,60","12,40",2025-02-28
23:00,"0,00","11,70","60,00","1,80",Este 100°,"4,10",Este 90°,"11,60","11,80",2025-02-28
00:00,"0,10","4,50","93,00","3,50",Norte 340°,"5,70",Norte 360°,"4,50","4,60",2025-03-01
01:00,"0,00","10,70","65,00","2,00",Sureste 120°,"4,60",Este 70°,"10,70","11,20",2025-03-01
02:00,"0,00","9,40","74,00","1,00",Sureste 150°,"5,70",Sureste 130°,"9,20","10,70",2025-03-01
03:00,"0,00","8,30","83,00","0,00",,"3,10",Sur 160°,"8,20","9,20",2025-03-01
04:00,"0,00","7,70","91,00","0,20",Norte 360°,"1,00",Noreste 30°,"7,70","8,20",2025-03-01
05:00,"0,20","7,60","93,00","2,10",Norte 350°,"2,60",Norte 340°,"7,60","7,70",2025-03-01
06:00,"0,10","7,40","97,00","2,30",Norte 360°,"3,60",Norte 350°,"7,40","7,50",2025-03-01
07:00,"0,00","7,40","96,00","1,30",Norte 360°,"3,60",Norte 340°,"7,40","7,40",2025-03-01
08:00,"0,20","7,40","98,00","2,30",Norte 350°,"3,10",Norte 350°,"7,40","7,40",2025-03-01
09:00,"0,00","7,50","100,00","2,70",Norte 350°,"3,60",Norte 360°,"7,40","7,60",2025-03-01
10:00,"0,10","8,20","93,00","2,90",Norte 10°,"4,60",Norte 360°,"7,60","8,20",2025-03-01
11:00,"0,00","8,50","86,00","3,50",Norte 10°,"6,70",Norte 20°,"8,10","8,70",2025-03-01
12:00,"0,00","7,20","85,00","1,80",Noreste 30°,"7,20",Noreste 30°,"7,20","8,50",2025-03-01
13:00,"0,00","6,80","85,00","3,40",Norte 20°,"7,70",Norte 10°,"6,80","7,30",2025-03-01
14:00,"0,00","6,90","83,00","4,10",Noreste 30°,"7,70",Norte 20°,"6,80","6,90",2025-03-01
15:00,"0,60","6,60","91,00","3,50",Noreste 40°,"7,20",Este 70°,"6,50","6,80",2025-03-01
16:00,"0,30","6,70","91,00","2,70",Norte 10°,"6,20",Noreste 60°,"6,40","6,80",2025-03-01
17:00,"0,20","6,50","92,00","3,00",Norte 20°,"7,20",Norte 10°,"6,50","6,70",2025-03-01
18:00,"1,10","6,20","94,00","2,90",Norte 20°,"6,20",Norte 360°,"6,10","6,50",2025-03-01
19:00,"1,60","5,70","96,00","3,30",Norte 10°,"6,20",Noreste 30°,"5,70","6,10",2025-03-01
20:00,"1,40","5,60","98,00","2,50",Norte 20°,"5,70",Norte 350°,"5,60","5,70",2025-03-01
21:00,"1,10","5,40","97,00","3,20",Norte 360°,"6,20",Norte 10°,"5,30","5,60",2025-03-01
22:00,"1,30","4,90","96,00","3,20",Norte 360°,"7,20",Norte 10°,"4,90","5,30",2025-03-01
23:00,"0,90","4,60","96,00","4,10",Norte 350°,"5,70",Norte 350°,"4,60","4,80",2025-03-01
00:00,"0,00","5,00","93,00","2,80",Norte 360°,"5,10",Norte 10°,"4,80","5,00",2025-03-02
01:00,"0,10","4,10","92,00","3,90",Norte 340°,"5,70",Norte 350°,"4,10","4,50",2025-03-02
02:00,"0,00","3,50","92,00","3,10",Norte 360°,"5,70",Norte 360°,"3,40","4,10",2025-03-02
03:00,"0,00","2,90","91,00","3,40",Norte 360°,"7,70",Norte 360°,"2,90","3,40",2025-03-02
04:00,"0,00","2,90","88,00","3,30",Norte 360°,"6,70",Norte 360°,"2,90","3,00",2025-03-02
05:00,"0,00","3,00","87,00","2,50",Norte 20°,"6,70",Norte 340°,"2,90","3,10",2025-03-02
06:00,"0,10","3,10","87,00","3,20",Noreste 30°,"6,20",Norte 20°,"3,10","3,10",2025-03-02
07:00,"0,10","3,30","85,00","3,60",Norte 10°,"6,20",Noreste 50°,"3,10","3,30",2025-03-02
08:00,"0,10","3,20","88,00","3,30",Norte 360°,"6,70",Norte 10°,"3,20","3,30",2025-03-02
09:00,"0,10","3,40","90,00","2,50",Norte 340°,"5,70",Norte 360°,"3,20","3,40",2025-03-02
10:00,"0,00","3,80","86,00","2,80",Norte 20°,"5,10",Norte 20°,"3,40","3,80",2025-03-02
11:00,"0,50","3,90","87,00","3,60",Noreste 40°,"7,20",Noreste 40°,"3,70","4,10",2025-03-02
12:00,"1,50","3,50","94,00","2,70",Noreste 30°,"6,70",Norte 10°,"3,50","3,70",2025-03-02
13:00,"0,90","4,20","96,00","3,50",Norte 10°,"6,20",Este 70°,"3,60","4,30",2025-03-02
14:00,"0,30","4,80","96,00","2,10",Norte 20°,"5,70",Norte 360°,"4,30","4,80",2025-03-02
15:00,"2,50","4,90","97,00","1,70",Este 70°,"5,10",Norte 10°,"4,80","5,20",2025-03-02
16:00,"2,60","4,80","99,00","1,70",Noreste 30°,"3,60",Noreste 60°,"4,70","4,90",2025-03-02
17:00,"0,50","4,70","98,00","2,90",Norte 10°,"5,10",Norte 10°,"4,60","4,90",2025-03-02
18:00,"1,20","4,60","100,00","2,30",Norte 360°,"4,60",Norte 10°,"4,60","4,70",2025-03-02
19:00,"0,40","4,10","100,00","3,40",Norte 350°,"5,70",Norte 350°,"4,10","4,60",2025-03-02
20:00,"0,00","4,30","99,00","2,00",Norte 340°,"5,70",Norte 350°,"3,90","4,30",2025-03-02
21:00,"0,40","4,30","98,00","2,20",Norte 350°,"4,10",Norte 360°,"4,30","4,30",2025-03-02
22:00,"0,30","4,70","99,00","2,70",Noroeste 330°,"4,10",Norte 340°,"4,30","4,70",2025-03-02
23:00,"0,00","4,80","97,00","2,50",Norte 20°,"4,60",Noreste 30°,"4,70","4,80",2025-03-02
00:00,"0,00","8,80","93,00","0,90",Noreste 30°,"3,10",Noreste 40°,"8,70","8,90",2025-03-03
01:00,"0,00","5,00","95,00","2,30",Norte 20°,"5,70",Norte 10°,"5,00","5,00",2025-03-03
02:00,"0,00","5,20","93,00","2,70",Norte 20°,"5,10",Noreste 50°,"5,00","5,20",2025-03-03
03:00,"0,60","5,20","96,00","1,80",Norte 350°,"4,60",Noreste 30°,"5,20","5,30",2025-03-03
04:00,"0,00","5,30","96,00","2,20",Norte 350°,"4,10",Norte 350°,"5,20","5,60",2025-03-03
05:00,"0,50","5,40","99,00","1,30",Norte 10°,"3,10",Noroeste 320°,"5,30","5,40",2025-03-03
06:00,"0,00","5,30","100,00","2,70",Norte 350°,"3,60",Norte 340°,"5,30","5,40",2025-03-03
07:00,"0,00","5,60","98,00","3,30",Norte 350°,"4,10",Norte 350°,"5,40","5,60",2025-03-03
08:00,"0,00","5,80","97,00","2,20",Norte 10°,"4,10",Noreste 30°,"5,60","5,90",2025-03-03
09:00,"0,00","6,20","94,00","2,40",Norte 10°,"4,10",Norte 20°,"5,90","6,30",2025-03-03
10:00,"0,00","7,20","93,00","2,10",Norte 10°,"4,60",Norte 360°,"6,30","7,30",2025-03-03
11:00,"0,50","7,90","96,00","2,40",Norte 360°,"4,60",Norte 360°,"7,30","7,90",2025-03-03
12:00,"0,20","8,80","96,00","3,00",Norte 10°,"3,60",Norte 10°,"7,90","8,90",2025-03-03
13:00,"0,10","10,10","87,00","2,60",Noreste 30°,"5,70",Noreste 40°,"8,90","10,10",2025-03-03
14:00,"0,00","10,40","88,00","2,10",Noreste 40°,"5,70",Norte 10°,"10,00","10,50",2025-03-03
15:00,"0,40","10,30","91,00","0,90",Noreste 50°,"3,60",Noreste 30°,"10,30","10,50",2025-03-03
16:00,"2,80","9,90","98,00","1,90",Noreste 40°,"4,10",Noreste 40°,"9,80","10,30",2025-03-03
17:00,"0,00","9,80","97,00","1,90",Noreste 30°,"4,60",Este 70°,"9,70","9,90",2025-03-03
18:00,"0,20","10,10","96,00","2,80",Noreste 40°,"5,70",Noreste 40°,"9,90","10,10",2025-03-03
19:00,"0,00","10,00","93,00","2,20",Noreste 40°,"5,70",Noreste 30°,"9,90","10,10",2025-03-03
20:00,"0,00","9,80","92,00","1,10",Norte 360°,"3,60",Noreste 50°,"9,70","9,90",2025-03-03
21:00,"0,00","9,20","94,00","1,00",Norte 20°,"3,10",Norte 20°,"9,20","9,70",2025-03-03
22:00,"0,00","9,10","93,00","1,80",Noreste 30°,"3,10",Norte 20°,"9,10","9,20",2025-03-03
23:00,"0,10","8,90","96,00","1,80",Norte 20°,"2,60",Noreste 30°,"8,90","9,10",2025-03-03
00:00,"0,00","8,80","96,00","3,10",Noroeste 320°,"4,10",Noroeste 320°,"8,70","9,10",2025-03-04
01:00,"0,40","8,60","94,00","2,70",Norte 350°,"3,60",Norte 340°,"8,60","8,80",2025-03-04
02:00,"0,80","8,30","99,00","2,50",Noroeste 320°,"3,60",Norte 340°,"8,30","8,60",2025-03-04
03:00,"0,00","8,20","100,00","3,20",Noroeste 330°,"4,10",Noroeste 330°,"8,20","8,30",2025-03-04
04:00,"0,00","8,20","98,00","3,50",Noroeste 330°,"5,10",Norte 340°,"8,20","8,20",2025-03-04
05:00,"0,00","8,20","99,00","2,70",Norte 340°,"4,60",Noroeste 320°,"8,20","8,20",2025-03-04
06:00,"0,00","7,50","99,00","2,80",Norte 350°,"4,60",Norte 350°,"7,50","8,20",2025-03-04
07:00,"0,00","6,60","100,00","2,70",Norte 340°,"4,10",Norte 360°,"6,60","7,40",2025-03-04
08:00,"0,00","6,80","100,00","0,60",Noreste 30°,"5,10",Norte 350°,"6,60","6,90",2025-03-04
09:00,"0,00","7,30","99,00","0,10",Noreste 40°,"2,60",Este 70°,"6,80","7,30",2025-03-04
10:00,"0,00","8,30","95,00","1,80",Norte 350°,"3,10",Norte 350°,"7,30","8,40",2025-03-04
11:00,"0,00","10,10","88,00","2,40",Norte 350°,"3,60",Norte 350°,"8,40","10,30",2025-03-04
12:00,"0,00","12,60","73,00","2,10",Noreste 30°,"4,60",Norte 360°,"10,30","12,90",2025-03-04
13:00,"0,00","13,30","70,00","1,90",Norte 20°,"4,10",Noreste 60°,"12,50","13,40",2025-03-04
14:00,"0,00","14,90","65,00","1,60",Noreste 30°,"4,60",Norte 340°,"13,60","15,10",2025-03-04
15:00,"0,00","15,80","60,00","1,60",Suroeste 210°,"4,10",Suroeste 220°,"14,90","16,50",2025-03-04
16:00,"2,90","11,70","85,00","3,00",Oeste 250°,"8,80",Sur 190°,"11,50","15,60",2025-03-04
17:00,"0,10","11,60","81,00","2,90",Norte 360°,"4,60",Este 90°,"11,50","12,80",2025-03-04
18:00,"0,20","11,20","89,00","3,40",Norte 340°,"5,10",Norte 350°,"11,10","11,50",2025-03-04
19:00,"0,00","10,30","93,00","3,50",Norte 350°,"5,10",Norte 350°,"10,30","11,10",2025-03-04
20:00,"0,10","9,80","97,00","3,00",Noroeste 320°,"5,10",Norte 350°,"9,70","10,30",2025-03-04
21:00,"0,00","9,60","98,00","2,20",Norte 360°,"3,60",Norte 10°,"9,60","9,70",2025-03-04
22:00,"0,00","9,50","95,00","2,80",Noroeste 320°,"4,10",Norte 340°,"9,50","9,60",2025-03-04
23:00,"0,00","9,20","96,00","1,90",Noroeste 330°,"3,60",Norte 350°,"9,10","9,50",2025-03-04
00:00,"0,50","9,90","87,00","0,70",Noreste 30°,"3,10",Noreste 40°,"9,80","10,70",2025-03-05
01:00,"0,00","8,60","98,00","2,60",Noroeste 330°,"3,60",Noroeste 320°,"8,60","8,70",2025-03-05
03:00,"0,00","8,60","100,00","2,20",Norte 340°,"3,60",Noroeste 330°,"8,50","8,60",2025-03-05
04:00,"0,00","8,70","100,00","2,60",Norte 340°,"3,10",Norte 340°,"8,60","8,70",2025-03-05
05:00,"0,00","8,70","97,00","2,00",Noroeste 330°,"4,60",Norte 350°,"8,70","8,80",2025-03-05
06:00,"0,00","8,60","94,00","3,30",Norte 350°,"4,60",Norte 340°,"8,60","8,70",2025-03-05
07:00,"0,00","8,40","96,00","3,80",Norte 350°,"5,70",Norte 350°,"8,40","8,60",2025-03-05
08:00,"0,00","8,20","95,00","3,90",Norte 350°,"5,70",Norte 360°,"8,20","8,40",2025-03-05
09:00,"0,00","8,90","92,00","3,10",Norte 360°,"4,10",Norte 360°,"8,20","8,90",2025-03-05
10:00,"0,00","9,60","86,00","2,20",Norte 360°,"4,60",Norte 350°,"8,90","9,70",2025-03-05
11:00,"0,00","10,80","81,00","2,20",Norte 20°,"4,60",Norte 20°,"9,70","10,90",2025-03-05
12:00,"0,20","10,90","89,00","2,80",Norte 10°,"4,10",Norte 10°,"10,80","10,90",2025-03-05
13:00,"0,00","11,90","83,00","2,90",Norte 10°,"4,60",Norte 10°,"10,90","11,90",2025-03-05
14:00,"0,00","12,30","86,00","1,10",Norte 360°,"4,60",Norte 10°,"11,90","12,40",2025-03-05
15:00,"0,00","13,80","74,00","1,90",Noreste 30°,"3,10",Noreste 30°,"12,50","13,80",2025-03-05
16:00,"0,10","12,80","74,00","3,80",Sureste 150°,"6,70",Sureste 130°,"12,70","13,60",2025-03-05
17:00,"0,00","12,50","83,00","1,20",Noreste 50°,"3,60",Noreste 40°,"12,40","12,80",2025-03-05
18:00,"0,00","12,30","87,00","0,00",,"3,10",Norte 10°,"12,30","12,60",2025-03-05
19:00,"0,10","11,60","94,00","1,40",Noroeste 330°,"2,10",Norte 340°,"11,50","12,30",2025-03-05
20:00,"0,00","11,10","92,00","0,10",Norte 20°,"2,60",Norte 340°,"11,10","11,50",2025-03-05
21:00,"0,00","10,60","93,00","1,30",Noreste 30°,"2,10",Noreste 30°,"10,60","11,10",2025-03-05
22:00,"0,00","11,00","81,00","1,40",Noreste 50°,"3,10",Noreste 60°,"10,70","11,00",2025-03-05
23:00,"0,00","10,80","82,00","0,90",Noreste 40°,"3,60",Este 70°,"10,70","11,00",2025-03-05
00:00,"0,00","9,30","100,00","0,00",,"1,50",Norte 360°,"9,30","9,40",2025-03-06
01:00,"0,00","9,50","92,00","2,90",Noroeste 320°,"3,60",Noroeste 320°,"9,50","9,80",2025-03-06
04:00,"0,50","8,70","100,00","1,90",Norte 350°,"3,60",Norte 350°,"8,70","8,90",2025-03-06
07:00,"0,00","8,80","100,00","1,10",Norte 10°,"3,60",Norte 360°,"8,60","8,80",2025-03-06
11:00,"0,00","11,40","86,00","5,70",Sureste 140°,"8,20",Sureste 140°,"11,00","11,40",2025-03-06
12:00,"0,10","11,40","90,00","5,40",Sureste 130°,"9,80",Sureste 140°,"11,40","11,70",2025-03-06
13:00,"0,10","12,90","78,00","7,00",Sureste 140°,"9,80",Sureste 130°,"11,60","13,10",2025-03-06
14:00,"0,00","13,40","77,00","6,10",Sureste 140°,"10,80",Sur 160°,"13,00","14,10",2025-03-06
15:00,"0,00","13,30","76,00","7,80",Sureste 140°,"11,80",Sureste 150°,"13,00","13,80",2025-03-06
16:00,"0,20","12,40","89,00","3,90",Sureste 130°,"8,80",Sureste 130°,"12,30","13,00",2025-03-06
17:00,"0,00","12,40","85,00","4,10",Sureste 140°,"6,70",Sureste 140°,"12,20","12,40",2025-03-06
18:00,"0,30","10,50","88,00","3,80",Noroeste 300°,"6,20",Noroeste 300°,"10,40","12,40",2025-03-06
19:00,"0,80","9,80","97,00","3,50",Noroeste 330°,"4,10",Noroeste 320°,"9,70","10,50",2025-03-06
20:00,"8,50","9,30","100,00","1,50",Norte 20°,"4,60",Noroeste 310°,"9,30","9,70",2025-03-06
21:00,"1,00","9,40","100,00","1,00",Norte 20°,"2,60",Norte 20°,"9,30","9,40",2025-03-06
22:00,"0,00","9,30","100,00","0,00",,"3,10",Norte 10°,"9,30","9,40",2025-03-06
23:00,"0,00","9,30","100,00","0,00",,"1,50",Noreste 60°,"9,30","9,30",2025-03-06
00:00,"0,00","10,30","90,00","5,60",Sureste 150°,"7,70",Sureste 140°,"9,90","10,40",2025-03-07
01:00,"0,00","9,30","100,00","0,00",,"2,60",Noroeste 320°,"9,30","9,40",2025-03-07
03:00,"0,00","8,40","100,00","0,00",,"1,00",Noroeste 310°,"8,40","9,10",2025-03-07
04:00,"0,00","8,00","100,00","0,00",,"2,10",Este 110°,"8,00","8,40",2025-03-07
05:00,"0,00","7,90","100,00","0,20",Norte 340°,"2,60",Noroeste 300°,"7,30","8,00",2025-03-07
06:00,"0,00","8,00","100,00","0,40",Sureste 130°,"2,10",Noroeste 310°,"7,70","8,00",2025-03-07
07:00,"0,00","8,10","100,00","0,30",Este 110°,"2,60",Sureste 130°,"8,00","8,10",2025-03-07
08:00,"0,00","8,20","100,00","1,30",Sureste 130°,"3,10",Sureste 140°,"8,10","8,20",2025-03-07
09:00,"0,00","8,60","100,00","0,90",Sureste 120°,"3,60",Sureste 140°,"8,20","8,70",2025-03-07
10:00,"0,00","9,50","96,00","0,70",Este 100°,"2,10",Sureste 120°,"8,70","9,60",2025-03-07
11:00,"0,00","10,20","92,00","2,30",Sureste 120°,"4,60",Sur 160°,"9,60","10,30",2025-03-07
12:00,"0,60","10,50","92,00","6,20",Sureste 140°,"8,20",Sur 160°,"10,40","10,60",2025-03-07
13:00,"1,90","10,40","100,00","4,20",Sureste 130°,"9,80",Sureste 140°,"10,30","10,50",2025-03-07
14:00,"0,10","10,60","97,00","3,30",Sureste 140°,"8,80",Sureste 150°,"10,40","10,70",2025-03-07
15:00,"1,10","11,10","95,00","4,50",Sureste 150°,"6,70",Sur 160°,"10,70","11,30",2025-03-07
16:00,"0,50","12,10","86,00","5,90",Sureste 150°,"9,80",Sur 180°,"11,40","12,60",2025-03-07
17:00,"0,10","12,30","83,00","6,60",Sureste 140°,"9,80",Sureste 140°,"12,00","12,30",2025-03-07
18:00,"1,10","11,90","87,00","4,50",Sur 200°,"9,80",Sureste 140°,"11,80","12,30",2025-03-07
19:00,"7,20","9,40","99,00","2,30",Sureste 130°,"12,90",Sur 190°,"9,40","11,80",2025-03-07
20:00,"0,20","10,20","100,00","4,20",Sureste 130°,"7,20",Este 110°,"9,40","10,20",2025-03-07
21:00,"0,00","10,10","99,00","4,70",Sureste 140°,"7,70",Sureste 140°,"10,00","10,30",2025-03-07
22:00,"0,00","9,80","93,00","7,50",Sureste 140°,"11,80",Sur 160°,"9,80","10,00",2025-03-07
23:00,"0,00","9,90","96,00","3,40",Sureste 140°,"9,30",Sureste 140°,"9,80","9,90",2025-03-07
00:00,"0,00","6,10","95,00","3,00",Sur 190°,"5,10",Sur 200°,"6,10","6,50",2025-03-08
01:00,"0,40","10,40","92,00","5,30",Sur 170°,"8,80",Sur 160°,"10,20","10,50",2025-03-08
03:00,"0,10","9,30","97,00","2,40",Sureste 130°,"6,70",Sureste 150°,"9,30","9,70",2025-03-08
04:00,"0,40","9,40","93,00","3,60",Sur 160°,"6,20",Sur 160°,"9,30","9,40",2025-03-08
05:00,"0,00","8,90","96,00","1,50",Este 100°,"5,10",Sureste 140°,"8,90","9,40",2025-03-08
06:00,"0,00","9,10","89,00","3,80",Sureste 150°,"5,70",Sureste 150°,"8,90","9,10",2025-03-08
07:00,"0,00","8,90","93,00","1,80",Sureste 130°,"5,70",Sureste 130°,"8,80","8,90",2025-03-08
08:00,"0,00","9,20","89,00","6,00",Sureste 150°,"8,80",Sureste 150°,"8,80","9,20",2025-03-08
09:00,"0,00","10,00","89,00","7,30",Sureste 130°,"10,80",Sureste 140°,"9,20","10,10",2025-03-08
10:00,"0,20","10,60","85,00","5,90",Sureste 130°,"11,80",Sureste 120°,"10,10","10,60",2025-03-08
11:00,"1,10","10,60","89,00","8,00",Sureste 150°,"11,30",Sur 160°,"10,40","10,70",2025-03-08
12:00,"2,00","10,10","93,00","7,30",Sureste 130°,"11,80",Sur 160°,"10,00","10,40",2025-03-08
13:00,"1,60","10,70","91,00","8,80",Sureste 140°,"14,40",Sureste 140°,"10,10","10,80",2025-03-08
14:00,"2,90","11,20","86,00","10,00",Sur 160°,"14,90",Sur 160°,"10,70","11,30",2025-03-08
15:00,"0,10","11,20","82,00","10,30",Sur 180°,"17,50",Sur 160°,"11,10","11,50",2025-03-08
16:00,"3,80","9,40","93,00","7,30",Sur 170°,"13,90",Sur 170°,"9,20","11,10",2025-03-08
17:00,"2,00","8,40","91,00","5,90",Sur 190°,"16,00",Sur 180°,"8,40","9,20",2025-03-08
18:00,"0,50","8,30","92,00","5,00",Sur 170°,"11,80",Suroeste 220°,"8,30","8,40",2025-03-08
19:00,"0,00","8,20","91,00","3,30",Sur 170°,"6,70",Sur 170°,"8,10","8,30",2025-03-08
20:00,"0,00","8,00","92,00","6,30",Sureste 150°,"9,30",Sur 160°,"7,80","8,20",2025-03-08
21:00,"0,00","7,40","91,00","3,70",Sur 180°,"7,20",Sur 160°,"7,30","8,10",2025-03-08
22:00,"1,50","6,70","87,00","3,40",Sur 190°,"11,30",Suroeste 240°,"6,70","7,60",2025-03-08
23:00,"0,30","6,50","96,00","2,50",Sur 170°,"6,20",Sur 170°,"6,50","6,70",2025-03-08
00:00,"0,00","6,10","100,00","1,40",Sureste 120°,"3,10",Sureste 150°,"6,00","6,30",2025-03-09
01:00,"0,00","5,80","92,00","3,30",Sur 180°,"4,60",Sur 180°,"5,80","6,10",2025-03-09
03:00,"0,00","4,80","93,00","1,60",Sur 160°,"5,10",Sur 190°,"4,70","5,80",2025-03-09
04:00,"0,00","3,60","99,00","1,30",Sureste 130°,"3,10",Sur 170°,"3,60","4,60",2025-03-09
05:00,"0,00","3,10","100,00","1,50",Noreste 30°,"2,10",Noreste 30°,"3,10","3,70",2025-03-09
06:00,"0,00","3,70","100,00","1,90",Sureste 130°,"2,60",Sureste 130°,"3,10","3,70",2025-03-09
07:00,"0,00","3,10","100,00","1,40",Sureste 120°,"4,10",Sureste 150°,"3,00","3,50",2025-03-09
08:00,"0,00","3,30","100,00","1,20",Este 80°,"3,60",Sur 160°,"2,50","3,40",2025-03-09
09:00,"0,00","4,40","99,00","3,30",Sureste 130°,"4,60",Sureste 130°,"3,40","4,50",2025-03-09
10:00,"0,10","5,90","93,00","5,00",Sur 170°,"7,20",Sur 170°,"4,50","6,00",2025-03-09
11:00,"0,10","6,90","90,00","4,50",Sur 180°,"10,30",Sur 160°,"5,90","7,10",2025-03-09
12:00,"0,00","8,00","81,00","5,30",Sur 200°,"11,80",Sur 190°,"6,80","8,10",2025-03-09
13:00,"1,20","7,80","90,00","2,90",Sur 160°,"11,80",Suroeste 210°,"6,20","8,80",2025-03-09
14:00,"0,00","9,80","79,00","5,60",Sur 200°,"12,90",Suroeste 210°,"8,00","10,30",2025-03-09
15:00,"0,00","10,40","68,00","6,00",Suroeste 210°,"13,40",Suroeste 210°,"9,20","10,60",2025-03-09
16:00,"0,00","10,10","66,00","5,90",Sur 200°,"12,90",Suroeste 220°,"9,90","11,40",2025-03-09
17:00,"0,10","9,80","71,00","4,70",Suroeste 210°,"15,40",Suroeste 210°,"9,00","10,10",2025-03-09
18:00,"0,00","10,10","70,00","3,70",Sur 180°,"10,80",Suroeste 230°,"9,30","10,10",2025-03-09
19:00,"0,00","8,70","74,00","7,40",Sur 200°,"13,40",Suroeste 220°,"8,40","10,10",2025-03-09
20:00,"1,30","7,20","89,00","3,00",Suroeste 240°,"10,30",Suroeste 220°,"7,20","8,40",2025-03-09
21:00,"0,80","6,90","93,00","1,00",Sureste 130°,"8,20",Suroeste 220°,"6,70","7,50",2025-03-09
22:00,"0,00","6,20","99,00","1,80",Sureste 130°,"3,60",Sur 200°,"5,80","6,70",2025-03-09
23:00,"0,00","6,10","100,00","2,40",Sureste 140°,"3,60",Sureste 150°,"6,10","6,20",2025-03-09
00:00,"0,00","7,40","93,00","4,30",Sur 180°,"6,20",Sur 170°,"7,40","7,80",2025-03-10
01:00,"0,00","5,80","100,00","2,00",Sur 160°,"2,60",Sur 170°,"5,80","6,00",2025-03-10
02:00,"0,00","5,70","100,00","1,50",Sureste 120°,"2,10",Sureste 120°,"5,70","5,80",2025-03-10
03:00,"0,00","5,80","100,00","1,60",Sureste 120°,"2,60",Sureste 120°,"5,80","5,80",2025-03-10
04:00,"0,00","5,70","100,00","0,70",Sureste 130°,"2,10",Sureste 140°,"5,70","5,80",2025-03-10
05:00,"0,00","5,60","100,00","0,10",Este 110°,"1,50",Sureste 140°,"5,60","5,70",2025-03-10
06:00,"0,00","5,70","100,00","1,20",Sureste 120°,"2,10",Sureste 140°,"5,60","5,80",2025-03-10
07:00,"0,10","5,80","100,00","1,90",Sureste 140°,"2,60",Sureste 130°,"5,80","5,80",2025-03-10
08:00,"0,10","6,00","100,00","1,30",Sureste 130°,"3,60",Sureste 140°,"5,80","6,00",2025-03-10
09:00,"0,00","6,60","98,00","2,00",Sureste 150°,"4,60",Sur 160°,"6,00","6,60",2025-03-10
10:00,"0,00","7,20","94,00","2,30",Sureste 150°,"4,60",Sur 180°,"6,70","7,20",2025-03-10
11:00,"0,00","8,40","88,00","4,10",Sureste 150°,"5,70",Sur 170°,"7,20","8,80",2025-03-10
12:00,"0,00","9,30","79,00","2,60",Sureste 150°,"8,20",Sur 180°,"8,60","9,50",2025-03-10
13:00,"0,00","9,80","73,00","3,60",Sur 170°,"7,70",Sur 190°,"9,20","9,90",2025-03-10
14:00,"0,00","10,50","73,00","3,80",Sur 170°,"9,30",Sur 190°,"9,40","10,90",2025-03-10
15:00,"0,00","10,90","69,00","4,10",Sur 160°,"9,30",Suroeste 210°,"10,90","11,50",2025-03-10
16:00,"0,00","11,60","65,00","3,20",Sureste 120°,"7,20",Sur 170°,"10,90","11,70",2025-03-10
17:00,"0,00","11,40","67,00","3,60",Sureste 140°,"6,70",Sur 160°,"11,20","11,50",2025-03-10
18:00,"0,00","10,60","75,00","3,20",Sureste 120°,"7,70",Sur 160°,"10,60","11,50",2025-03-10
19:00,"1,00","9,70","94,00","2,80",Sureste 120°,"6,70",Sureste 140°,"9,50","10,60",2025-03-10
20:00,"3,40","9,20","99,00","4,40",Sureste 140°,"6,70",Sur 170°,"9,20","9,50",2025-03-10
21:00,"2,80","8,60","90,00","8,20",Sur 190°,"14,40",Sur 180°,"8,50","9,20",2025-03-10
22:00,"0,00","8,20","96,00","4,10",Sur 190°,"8,20",Sur 190°,"8,20","8,50",2025-03-10
23:00,"0,00","7,80","93,00","4,20",Sur 160°,"8,20",Sur 170°,"7,80","8,20",2025-03-10
00:00,"0,00","7,60","97,00","1,50",Noroeste 330°,"3,60",Norte 350°,"7,60","8,30",2025-03-11
01:00,"0,00","7,40","93,00","2,90",Sur 170°,"5,70",Sur 170°,"7,30","7,50",2025-03-11
03:00,"0,00","7,60","97,00","3,40",Sur 160°,"5,70",Sur 160°,"7,40","7,60",2025-03-11
04:00,"1,40","7,70","98,00","2,40",Sur 170°,"5,10",Suroeste 210°,"7,60","7,70",2025-03-11
05:00,"3,50","7,50","99,00","2,70",Sur 160°,"4,10",Sur 200°,"7,50","7,60",2025-03-11
06:00,"1,20","7,40","100,00","0,80",Este 80°,"3,60",Sur 160°,"7,40","7,50",2025-03-11
07:00,"0,50","7,30","100,00","1,00",Este 110°,"2,60",Sureste 120°,"7,30","7,40",2025-03-11
08:00,"2,60","7,40","100,00","0,00",,"3,60",Sur 190°,"7,30","7,40",2025-03-11
09:00,"0,40","7,40","100,00","0,60",Norte 350°,"3,10",Sur 170°,"7,30","7,50",2025-03-11
10:00,"1,80","8,10","100,00","1,30",Este 100°,"2,60",Este 110°,"7,50","8,30",2025-03-11
11:00,"1,10","8,70","99,00","0,60",Sur 190°,"3,10",Sur 190°,"8,20","8,90",2025-03-11
12:00,"0,20","9,50","96,00","4,80",Sur 190°,"8,20",Sur 190°,"8,60","9,80",2025-03-11
13:00,"0,70","9,70","95,00","5,80",Sur 170°,"14,40",Sur 180°,"9,60","10,30",2025-03-11
14:00,"0,00","11,20","80,00","5,30",Sur 200°,"10,80",Suroeste 210°,"9,90","11,60",2025-03-11
15:00,"0,50","8,60","91,00","1,80",Norte 340°,"12,90",Oeste 250°,"8,60","11,10",2025-03-11
16:00,"0,00","10,60","86,00","0,90",Sur 180°,"3,10",Sur 190°,"8,70","10,80",2025-03-11
17:00,"0,00","11,10","75,00","3,70",Oeste 270°,"7,20",Oeste 250°,"10,70","11,30",2025-03-11
18:00,"0,00","11,30","74,00","3,80",Suroeste 220°,"7,70",Suroeste 230°,"10,80","11,30",2025-03-11
19:00,"0,00","10,80","77,00","2,80",Sur 200°,"6,70",Sur 190°,"10,60","11,20",2025-03-11
20:00,"0,00","9,80","82,00","2,70",Suroeste 240°,"5,10",Suroeste 240°,"9,70","10,70",2025-03-11
21:00,"0,00","9,60","86,00","2,70",Suroeste 240°,"4,10",Suroeste 220°,"9,40","9,60",2025-03-11
22:00,"0,00","9,30","87,00","1,70",Oeste 260°,"4,60",Oeste 250°,"9,30","9,60",2025-03-11
23:00,"0,00","8,50","93,00","2,10",Norte 340°,"2,60",Norte 350°,"8,40","9,30",2025-03-11
00:00,"0,00","8,60","77,00","4,80",Suroeste 230°,"7,20",Suroeste 240°,"8,60","8,70",2025-03-12
01:00,"0,00","6,30","99,00","1,00",Sureste 130°,"2,10",Este 90°,"6,10","7,50",2025-03-12
02:00,"0,00","6,00","100,00","1,90",Suroeste 220°,"3,60",Suroeste 220°,"5,50","6,10",2025-03-12
03:00,"0,00","5,00","100,00","1,90",Sur 180°,"3,60",Noreste 50°,"4,90","6,20",2025-03-12
04:00,"0,00","4,90","100,00","1,40",Este 70°,"3,10",Sur 200°,"4,80","5,30",2025-03-12
05:00,"0,00","4,00","100,00","0,00",,"2,60",Norte 360°,"3,90","4,90",2025-03-12
06:00,"0,00","3,10","100,00","1,00",Este 100°,"2,60",Este 90°,"2,90","3,80",2025-03-12
07:00,"0,00","3,10","100,00","1,50",Sureste 120°,"2,60",Sureste 120°,"2,80","3,50",2025-03-12
08:00,"0,00","2,90","100,00","1,00",Sureste 150°,"2,10",Sureste 150°,"2,70","3,30",2025-03-12
09:00,"0,00","5,70","100,00","0,60",Este 100°,"2,10",Este 100°,"3,10","6,00",2025-03-12
10:00,"0,00","8,50","95,00","0,40",Este 110°,"3,10",Sureste 140°,"5,60","8,60",2025-03-12
11:00,"0,00","11,10","74,00","4,30",Suroeste 230°,"8,20",Suroeste 230°,"8,40","11,20",2025-03-12
12:00,"0,00","11,30","76,00","4,00",Sur 200°,"11,80",Suroeste 220°,"10,90","11,50",2025-03-12
13:00,"0,00","12,10","70,00","4,10",Suroeste 220°,"10,80",Suroeste 210°,"10,60","12,30",2025-03-12
14:00,"0,00","12,40","69,00","5,40",Sur 200°,"11,30",Suroeste 220°,"11,50","12,80",2025-03-12
15:00,"0,00","13,70","65,00","6,30",Suroeste 220°,"13,40",Sur 200°,"12,20","13,80",2025-03-12
16:00,"0,00","12,90","66,00","6,80",Suroeste 210°,"11,80",Suroeste 220°,"12,70","13,90",2025-03-12
17:00,"0,00","12,10","65,00","6,50",Suroeste 220°,"14,90",Suroeste 220°,"12,00","12,80",2025-03-12
18:00,"0,00","11,60","64,00","8,50",Suroeste 230°,"11,30",Suroeste 230°,"11,40","12,40",2025-03-12
19:00,"0,00","10,20","72,00","7,80",Suroeste 230°,"12,40",Suroeste 230°,"10,20","11,40",2025-03-12
20:00,"0,00","10,00","71,00","6,50",Suroeste 230°,"11,30",Oeste 260°,"9,90","10,20",2025-03-12
21:00,"0,00","9,60","73,00","6,20",Suroeste 240°,"10,80",Oeste 250°,"9,50","9,90",2025-03-12
22:00,"0,00","9,20","73,00","2,40",Suroeste 230°,"8,80",Suroeste 230°,"9,10","9,50",2025-03-12
23:00,"0,00","8,80","75,00","4,90",Suroeste 230°,"6,70",Suroeste 230°,"8,70","9,10",2025-03-12
00:00,"0,60","4,50","95,00","4,20",Noreste 30°,"9,30",Noreste 30°,"4,50","5,00",2025-03-13
01:00,"0,00","8,70","77,00","1,30",Este 110°,"7,20",Oeste 250°,"8,60","8,80",2025-03-13
02:00,"0,00","8,30","81,00","3,50",Suroeste 230°,"6,70",Suroeste 220°,"8,30","8,50",2025-03-13
03:00,"0,00","7,70","85,00","3,20",Sur 170°,"4,10",Sur 170°,"7,60","8,30",2025-03-13
04:00,"0,00","5,90","91,00","3,30",Sureste 150°,"5,10",Sur 170°,"5,80","7,60",2025-03-13
05:00,"0,00","5,80","94,00","2,10",Sureste 130°,"4,10",Sur 160°,"5,60","5,90",2025-03-13
06:00,"0,00","5,90","91,00","2,20",Sur 170°,"4,10",Sur 180°,"5,50","5,90",2025-03-13
07:00,"0,00","5,10","96,00","1,90",Sureste 130°,"2,60",Sureste 130°,"5,00","5,90",2025-03-13
08:00,"0,00","4,80","97,00","0,70",Este 110°,"3,60",Sureste 150°,"4,80","5,10",2025-03-13
09:00,"0,00","5,80","97,00","0,30",Noreste 30°,"2,10",Noreste 40°,"4,80","6,00",2025-03-13
10:00,"0,00","7,30","83,00","0,40",Sureste 120°,"2,10",Suroeste 210°,"6,10","7,30",2025-03-13
11:00,"0,00","8,10","80,00","0,90",Este 70°,"2,60",Este 110°,"7,30","8,10",2025-03-13
12:00,"0,00","9,30","77,00","1,90",Norte 20°,"3,10",Noreste 30°,"8,20","9,40",2025-03-13
13:00,"0,00","10,40","74,00","1,90",Noreste 50°,"3,60",Este 70°,"9,30","10,40",2025-03-13
14:00,"0,00","11,60","71,00","2,00",Sur 170°,"3,60",Sur 180°,"10,50","11,70",2025-03-13
15:00,"0,00","11,80","67,00","1,70",Norte 360°,"3,10",Norte 350°,"11,40","12,20",2025-03-13
16:00,"0,00","12,10","66,00","0,70",Este 90°,"3,60",Noreste 40°,"11,90","12,30",2025-03-13
17:00,"0,00","11,20","70,00","6,50",Sur 170°,"8,80",Sur 180°,"10,60","12,30",2025-03-13
18:00,"0,00","9,20","80,00","5,80",Sur 180°,"9,80",Sur 180°,"9,20","10,40",2025-03-13
19:00,"0,00","9,00","81,00","3,70",Suroeste 230°,"10,30",Sur 180°,"8,80","9,20",2025-03-13
20:00,"0,60","7,00","91,00","2,20",Norte 350°,"7,70",Noroeste 330°,"7,00","8,60",2025-03-13
21:00,"1,10","6,40","94,00","3,70",Norte 350°,"6,20",Norte 350°,"6,40","7,00",2025-03-13
22:00,"0,10","6,20","96,00","3,40",Norte 360°,"6,70",Norte 360°,"6,10","6,40",2025-03-13
23:00,"0,20","5,10","95,00","4,10",Norte 350°,"7,20",Norte 360°,"5,10","6,10",2025-03-13
00:00,"0,00","2,90","71,00","2,70",Norte 340°,"4,10",Norte 340°,"2,90","3,70",2025-03-14
01:00,"0,20","4,50","97,00","2,10",Norte 10°,"8,20",Norte 20°,"4,30","4,50",2025-03-14
02:00,"0,00","4,30","87,00","3,80",Noreste 30°,"7,70",Noreste 30°,"4,30","4,50",2025-03-14
03:00,"0,00","4,30","84,00","2,80",Norte 20°,"7,20",Noreste 30°,"4,30","4,30",2025-03-14
04:00,"0,00","4,30","84,00","2,40",Norte 10°,"6,20",Norte 360°,"4,30","4,30",2025-03-14
05:00,"0,00","4,30","77,00","4,50",Noreste 40°,"8,80",Norte 10°,"4,30","4,30",2025-03-14
06:00,"0,00","4,30","75,00","4,10",Noreste 40°,"8,80",Este 70°,"4,30","4,30",2025-03-14
07:00,"0,00","4,30","72,00","4,20",Noreste 50°,"8,20",Noreste 50°,"4,20","4,30",2025-03-14
08:00,"0,00","4,20","70,00","4,70",Noreste 40°,"10,30",Noreste 40°,"4,20","4,30",2025-03-14
09:00,"0,00","4,50","68,00","5,00",Noreste 40°,"10,80",Noreste 50°,"4,20","4,50",2025-03-14
10:00,"0,00","5,30","65,00","4,70",Norte 20°,"9,30",Este 70°,"4,60","5,40",2025-03-14
11:00,"0,00","6,80","60,00","4,90",Noreste 30°,"10,30",Noreste 30°,"5,40","6,80",2025-03-14
12:00,"0,00","8,70","53,00","5,00",Noreste 30°,"9,80",Noreste 40°,"6,70","8,80",2025-03-14
13:00,"0,00","9,60","52,00","4,30",Noreste 40°,"8,80",Noreste 40°,"8,50","9,90",2025-03-14
14:00,"0,00","9,60","54,00","3,30",Norte 20°,"7,20",Norte 350°,"9,10","9,90",2025-03-14
15:00,"0,00","10,00","53,00","3,20",Noreste 30°,"7,20",Noreste 60°,"9,40","10,20",2025-03-14
16:00,"0,00","11,20","46,00","4,70",Norte 20°,"7,70",Norte 10°,"9,60","11,30",2025-03-14
17:00,"0,00","11,20","40,00","4,30",Norte 20°,"8,80",Noreste 30°,"10,90","11,40",2025-03-14
18:00,"0,00","9,30","42,00","4,00",Norte 360°,"8,80",Norte 360°,"9,10","11,20",2025-03-14
19:00,"0,00","7,80","47,00","3,30",Norte 350°,"6,20",Norte 360°,"7,70","9,10",2025-03-14
20:00,"0,00","6,40","56,00","3,40",Norte 340°,"4,60",Noroeste 320°,"6,30","7,70",2025-03-14
21:00,"0,00","6,00","56,00","4,50",Norte 340°,"7,70",Norte 340°,"5,90","6,30",2025-03-14
22:00,"0,00","4,90","59,00","3,00",Norte 10°,"6,20",Norte 10°,"4,90","5,90",2025-03-14
23:00,"0,00","3,60","65,00","2,60",Noroeste 330°,"6,70",Norte 360°,"3,50","5,00",2025-03-14
00:00,"0,00","5,60","73,00","0,30",Este 70°,"2,10",Este 70°,"5,10","5,70",2025-03-15
01:00,"0,00","2,50","71,00","2,10",Norte 350°,"4,60",Norte 340°,"2,40","2,90",2025-03-15
02:00,"0,00","1,00","80,00","1,50",Norte 340°,"3,10",Noroeste 310°,"0,90","2,40",2025-03-15
03:00,"0,00","0,60","79,00","0,90",Oeste 290°,"2,10",Norte 350°,"0,50","1,10",2025-03-15
04:00,"0,00","0,30","82,00","0,80",Sur 160°,"2,10",Sur 160°,"0,20","0,60",2025-03-15
05:00,"0,00","-0,70","88,00","0,60",Sur 160°,"2,10",Sureste 130°,"-0,80","0,30",2025-03-15
06:00,"0,00","-1,10","94,00","1,80",Noreste 60°,"2,60",Noreste 50°,"-1,20","-0,80",2025-03-15
07:00,"0,00","-1,50","94,00","0,90",Sureste 140°,"1,50",Sureste 130°,"-1,60","-1,00",2025-03-15
08:00,"0,00","-1,60","96,00","0,00",,"2,10",Sureste 140°,"-1,70","-1,40",2025-03-15
09:00,"0,00","1,10","87,00","0,00",,"1,50",Noreste 50°,"-1,50","1,30",2025-03-15
10:00,"0,00","4,00","73,00","1,20",Oeste 270°,"3,60",Suroeste 230°,"1,30","4,50",2025-03-15
11:00,"0,00","6,00","63,00","1,40",Sur 200°,"3,60",Suroeste 210°,"4,40","6,10",2025-03-15
12:00,"0,00","7,90","50,00","1,20",Sureste 130°,"4,10",Sur 170°,"6,20","8,00",2025-03-15
13:00,"0,00","8,70","48,00","1,90",Sur 200°,"4,60",Suroeste 210°,"7,50","8,90",2025-03-15
14:00,"0,00","8,60","47,00","3,50",Suroeste 230°,"8,20",Oeste 250°,"8,40","8,80",2025-03-15
15:00,"0,00","10,80","43,00","3,90",Sur 200°,"9,30",Suroeste 220°,"8,80","11,20",2025-03-15
16:00,"0,00","9,90","44,00","3,40",Suroeste 240°,"9,30",Suroeste 230°,"9,80","10,30",2025-03-15
17:00,"0,00","9,60","45,00","4,50",Suroeste 240°,"8,80",Suroeste 230°,"9,60","10,00",2025-03-15
18:00,"0,00","9,40","47,00","3,40",Oeste 270°,"7,70",Suroeste 230°,"9,40","9,70",2025-03-15
19:00,"0,00","9,10","47,00","3,90",Oeste 280°,"5,70",Oeste 270°,"9,00","9,40",2025-03-15
20:00,"0,00","7,60","61,00","2,40",Norte 360°,"5,10",Noroeste 310°,"7,40","9,00",2025-03-15
21:00,"0,00","6,70","66,00","1,70",Norte 360°,"4,10",Norte 360°,"6,70","7,40",2025-03-15
22:00,"0,00","6,10","69,00","1,00",Norte 10°,"2,10",Norte 10°,"6,10","6,70",2025-03-15
23:00,"0,00","5,30","75,00","0,70",Noreste 50°,"1,50",Este 100°,"5,20","6,10",2025-03-15
00:00,"0,00","5,00","70,00","0,00",,"2,10",Este 80°,"4,90","6,00",2025-03-16
01:00,"0,00","5,70","76,00","1,50",Sureste 140°,"2,10",Sureste 150°,"5,50","5,80",2025-03-16
02:00,"0,00","5,70","78,00","1,40",Noreste 50°,"2,60",Este 80°,"5,70","5,90",2025-03-16
03:00,"0,00","5,30","80,00","0,50",Este 70°,"2,60",Noreste 50°,"5,00","5,70",2025-03-16
04:00,"0,00","5,30","80,00","1,00",Este 80°,"2,60",Noreste 50°,"5,30","5,40",2025-03-16
05:00,"0,00","5,20","82,00","1,30",Este 100°,"2,60",Este 100°,"5,20","5,30",2025-03-16
06:00,"0,20","5,20","93,00","1,10",Sureste 120°,"2,60",Este 100°,"5,20","5,20",2025-03-16
07:00,"2,60","5,00","88,00","2,90",Sur 190°,"5,70",Sur 180°,"5,00","5,50",2025-03-16
08:00,"1,50","5,00","95,00","2,10",Sur 160°,"4,10",Suroeste 210°,"4,90","5,00",2025-03-16
09:00,"0,70","5,30","88,00","1,60",Oeste 280°,"4,60",Oeste 260°,"5,00","5,30",2025-03-16
10:00,"0,00","5,70","92,00","2,80",Sur 200°,"6,20",Suroeste 220°,"5,30","5,80",2025-03-16
11:00,"0,00","6,30","85,00","4,30",Oeste 260°,"9,80",Suroeste 210°,"5,80","6,30",2025-03-16
12:00,"0,00","7,00","80,00","5,50",Oeste 260°,"7,70",Oeste 270°,"6,20","7,10",2025-03-16
13:00,"0,00","8,60","69,00","3,70",Oeste 280°,"7,70",Oeste 270°,"6,90","8,70",2025-03-16
14:00,"0,00","9,80","64,00","2,70",Oeste 290°,"7,20",Oeste 250°,"8,70","10,00",2025-03-16
15:00,"0,00","9,70","66,00","1,80",Norte 350°,"6,20",Norte 360°,"9,30","10,20",2025-03-16
16:00,"0,00","9,80","65,00","4,00",Norte 10°,"7,70",Norte 360°,"9,70","12,10",2025-03-16
17:00,"0,00","10,80","59,00","0,40",Oeste 250°,"7,70",Norte 350°,"9,80","11,00",2025-03-16
18:00,"0,00","11,20","59,00","1,40",Sureste 150°,"3,60",Sur 160°,"10,30","11,30",2025-03-16
19:00,"0,00","8,90","56,00","2,80",Norte 10°,"4,60",Norte 360°,"8,80","11,20",2025-03-16
20:00,"0,00","6,90","69,00","0,30",Norte 350°,"3,10",Norte 360°,"6,60","8,80",2025-03-16
21:00,"0,00","7,70","51,00","2,10",Oeste 250°,"4,10",Oeste 280°,"6,60","7,70",2025-03-16
22:00,"0,00","6,90","56,00","2,50",Noroeste 330°,"4,60",Oeste 270°,"6,90","7,70",2025-03-16
23:00,"0,00","6,10","64,00","0,50",Norte 20°,"2,60",Norte 360°,"6,00","6,90",2025-03-16
00:00,"0,50","7,90","96,00","3,20",Sureste 140°,"7,20",Sureste 130°,"7,80","8,20",2025-03-17
01:00,"0,00","3,90","78,00","1,90",Norte 10°,"2,60",Norte 20°,"3,90","4,80",2025-03-17
02:00,"0,00","3,90","77,00","3,00",Norte 340°,"4,10",Norte 340°,"3,80","4,00",2025-03-17
03:00,"0,00","3,50","79,00","2,90",Noroeste 330°,"4,10",Norte 340°,"3,50","3,80",2025-03-17
04:00,"0,00","3,40","82,00","1,70",Norte 350°,"4,60",Noroeste 330°,"3,40","3,50",2025-03-17
05:00,"0,00","3,80","82,00","0,40",Norte 10°,"3,60",Norte 340°,"3,40","3,80",2025-03-17
06:00,"0,00","3,90","79,00","3,50",Norte 350°,"4,60",Norte 350°,"3,80","4,00",2025-03-17
07:00,"0,00","3,80","80,00","2,70",Norte 350°,"4,60",Norte 350°,"3,80","3,90",2025-03-17
08:00,"0,00","4,00","81,00","2,60",Norte 350°,"5,10",Norte 350°,"3,80","4,00",2025-03-17
09:00,"0,00","4,00","89,00","2,70",Norte 350°,"3,60",Norte 360°,"4,00","4,10",2025-03-17
10:00,"0,00","4,40","95,00","3,00",Norte 350°,"3,60",Norte 350°,"4,00","4,50",2025-03-17
11:00,"0,70","4,60","100,00","3,60",Norte 340°,"4,60",Norte 350°,"4,30","4,70",2025-03-17
12:00,"0,10","5,20","100,00","4,20",Norte 350°,"5,70",Norte 350°,"4,70","5,30",2025-03-17
13:00,"0,00","5,80","96,00","3,70",Norte 350°,"5,10",Norte 10°,"5,30","5,90",2025-03-17
14:00,"0,00","6,40","95,00","4,10",Norte 350°,"5,70",Norte 350°,"5,90","6,50",2025-03-17
15:00,"0,50","6,50","97,00","3,50",Norte 340°,"5,70",Norte 360°,"6,40","6,50",2025-03-17
16:00,"0,60","6,90","100,00","3,30",Norte 340°,"4,60",Norte 340°,"6,40","6,90",2025-03-17
17:00,"0,00","7,50","100,00","3,90",Norte 340°,"5,10",Norte 340°,"6,90","7,50",2025-03-17
18:00,"0,00","7,90","96,00","3,80",Norte 340°,"5,70",Norte 340°,"7,50","8,00",2025-03-17
19:00,"0,00","7,80","97,00","2,70",Norte 350°,"5,10",Norte 350°,"7,80","8,00",2025-03-17
20:00,"0,10","7,80","99,00","2,10",Norte 360°,"4,60",Norte 340°,"7,80","7,80",2025-03-17
21:00,"0,00","7,90","100,00","1,60",Norte 360°,"3,10",Noroeste 320°,"7,80","7,90",2025-03-17
22:00,"0,00","9,00","87,00","6,50",Sureste 130°,"9,30",Sureste 120°,"7,90","9,00",2025-03-17
23:00,"0,60","8,30","94,00","5,20",Sureste 130°,"8,80",Sureste 130°,"8,20","9,00",2025-03-17
00:00,"0,00","9,50","100,00","1,80",Sur 170°,"4,10",Sur 170°,"9,40","9,50",2025-03-18
01:00,"0,10","7,70","97,00","2,40",Este 110°,"5,70",Sureste 140°,"7,70","7,80",2025-03-18
02:00,"0,30","7,50","98,00","2,10",Este 110°,"3,60",Sureste 130°,"7,50","7,70",2025-03-18
03:00,"0,90","7,40","98,00","2,70",Este 110°,"6,20",Este 90°,"7,40","7,50",2025-03-18
04:00,"1,70","7,30","98,00","2,40",Sureste 120°,"6,70",Sureste 120°,"7,30","7,40",2025-03-18
05:00,"4,70","7,10","100,00","1,20",Este 70°,"3,60",Sureste 120°,"7,10","7,30",2025-03-18
06:00,"1,20","7,10","100,00","2,00",Este 110°,"4,10",Este 90°,"7,00","7,10",2025-03-18
07:00,"1,70","7,20","100,00","1,10",Este 70°,"3,60",Este 90°,"7,10","7,20",2025-03-18
08:00,"0,30","7,30","100,00","1,00",Noreste 30°,"2,60",Noreste 50°,"7,20","7,30",2025-03-18
09:00,"2,10","7,60","100,00","0,30",Norte 10°,"2,60",Norte 350°,"7,30","7,60",2025-03-18
10:00,"1,70","8,40","97,00","4,40",Sureste 130°,"6,70",Sureste 140°,"7,60","8,40",2025-03-18
11:00,"0,60","9,10","96,00","5,30",Sureste 130°,"9,30",Sureste 120°,"8,40","9,10",2025-03-18
12:00,"1,60","9,40","95,00","5,30",Sureste 130°,"8,80",Sureste 140°,"9,10","9,50",2025-03-18
13:00,"0,80","10,10","94,00","4,80",Sureste 120°,"8,20",Sureste 130°,"9,40","10,20",2025-03-18
14:00,"1,20","9,80","96,00","5,70",Sureste 130°,"8,80",Sureste 130°,"9,80","10,20",2025-03-18
15:00,"2,50","9,80","99,00","3,20",Sureste 120°,"7,70",Sureste 140°,"9,70","9,80",2025-03-18
16:00,"0,30","10,80","99,00","3,00",Sureste 150°,"6,70",Sur 170°,"9,80","10,90",2025-03-18
17:00,"0,50","12,70","87,00","4,50",Sur 190°,"10,30",Suroeste 210°,"10,90","12,70",2025-03-18
18:00,"0,00","12,20","86,00","4,10",Suroeste 210°,"10,30",Suroeste 210°,"11,90","12,60",2025-03-18
19:00,"0,00","11,50","89,00","6,50",Sur 190°,"9,30",Suroeste 240°,"11,40","12,10",2025-03-18
20:00,"0,00","10,80","92,00","4,90",Sur 190°,"11,80",Suroeste 220°,"10,80","11,30",2025-03-18
21:00,"0,00","9,80","96,00","3,10",Sur 170°,"6,20",Sur 170°,"9,70","10,80",2025-03-18
22:00,"0,00","9,90","97,00","3,30",Sur 180°,"7,20",Sur 170°,"9,60","9,90",2025-03-18
23:00,"0,00","9,40","99,00","3,20",Sureste 150°,"7,70",Suroeste 220°,"9,40","9,90",2025-03-18
00:00,"0,00","11,80","72,00","4,90",Sureste 120°,"10,30",Sureste 130°,"11,70","12,60",2025-03-19
01:00,"0,00","9,80","99,00","1,50",Sureste 150°,"3,10",Sur 160°,"9,50","9,80",2025-03-19
02:00,"0,00","8,80","98,00","2,00",Sureste 130°,"4,10",Sureste 130°,"8,80","9,70",2025-03-19
03:00,"0,00","8,50","100,00","2,60",Sureste 120°,"4,10",Sureste 130°,"8,50","8,90",2025-03-19
04:00,"0,00","7,40","100,00","1,10",Sureste 120°,"3,60",Sureste 130°,"7,40","8,50",2025-03-19
05:00,"0,00","7,90","100,00","0,30",Este 90°,"2,10",Este 70°,"7,40","7,90",2025-03-19
06:00,"0,00","8,10","100,00","3,20",Sureste 140°,"4,10",Sureste 140°,"8,00","8,10",2025-03-19
07:00,"0,00","8,10","96,00","5,40",Sureste 140°,"7,70",Sureste 140°,"8,10","8,10",2025-03-19
08:00,"0,00","8,20","96,00","3,60",Sureste 130°,"6,70",Sureste 150°,"8,10","8,20",2025-03-19
09:00,"0,00","8,70","94,00","2,30",Sureste 130°,"5,10",Sureste 130°,"8,20","8,80",2025-03-19
10:00,"0,00","9,90","89,00","3,20",Sureste 140°,"5,10",Sur 160°,"8,80","10,00",2025-03-19
11:00,"0,00","11,00","82,00","4,00",Sureste 120°,"6,70",Sureste 130°,"10,00","11,00",2025-03-19
12:00,"0,00","12,00","77,00","5,00",Sureste 150°,"10,30",Sur 160°,"11,00","12,00",2025-03-19
13:00,"0,00","14,30","68,00","6,20",Sureste 130°,"9,80",Sureste 120°,"12,10","14,40",2025-03-19
14:00,"0,00","15,90","61,00","7,10",Sureste 150°,"10,80",Sur 170°,"14,20","16,40",2025-03-19
15:00,"0,00","16,10","55,00","6,80",Sureste 150°,"11,30",Sur 180°,"15,30","16,50",2025-03-19
16:00,"0,00","16,60","54,00","6,30",Sureste 140°,"11,30",Sureste 140°,"16,20","17,00",2025-03-19
17:00,"0,00","16,70","53,00","5,80",Sureste 150°,"10,30",Sureste 150°,"16,20","17,20",2025-03-19
18:00,"0,00","16,40","56,00","4,80",Sureste 120°,"9,80",Sur 180°,"16,10","17,00",2025-03-19
19:00,"0,00","15,70","62,00","4,30",Sureste 120°,"8,20",Sureste 140°,"15,60","16,40",2025-03-19
20:00,"0,00","14,30","69,00","3,40",Este 110°,"7,70",Sureste 130°,"14,20","15,60",2025-03-19
21:00,"0,00","13,50","72,00","3,10",Este 110°,"7,20",Este 100°,"13,40","14,20",2025-03-19
22:00,"0,00","13,10","73,00","4,60",Sureste 120°,"8,20",Sureste 120°,"13,10","13,40",2025-03-19
23:00,"0,00","12,60","73,00","5,20",Sureste 120°,"11,30",Sureste 120°,"12,60","13,10",2025-03-19
00:00,"4,00","9,70","99,00","1,90",Este 110°,"4,10",Oeste 250°,"9,60","10,30",2025-03-20
01:00,"0,00","11,50","72,00","3,60",Este 110°,"8,20",Sureste 130°,"11,40","11,80",2025-03-20
02:00,"0,00","11,40","73,00","4,20",Este 110°,"9,30",Sureste 130°,"11,20","11,40",2025-03-20
03:00,"0,00","11,60","71,00","4,30",Este 110°,"8,20",Este 110°,"11,40","11,60",2025-03-20
04:00,"0,00","11,50","70,00","1,90",Este 80°,"9,80",Sureste 120°,"11,40","11,70",2025-03-20
05:00,"0,00","11,40","72,00","2,70",Sur 180°,"5,10",Sur 200°,"10,40","11,40",2025-03-20
06:00,"0,00","11,20","73,00","2,80",Norte 340°,"5,10",Sureste 140°,"11,20","11,80",2025-03-20
07:00,"0,00","12,00","69,00","2,60",Este 110°,"8,20",Sureste 120°,"11,20","12,10",2025-03-20
08:00,"0,00","12,10","71,00","5,30",Sureste 130°,"12,40",Sureste 140°,"11,80","12,20",2025-03-20
09:00,"0,00","12,00","75,00","3,80",Sureste 130°,"8,80",Este 110°,"12,00","12,10",2025-03-20
10:00,"0,00","12,50","75,00","5,60",Sur 170°,"10,30",Sur 170°,"12,10","12,50",2025-03-20
11:00,"0,10","11,50","82,00","3,90",Suroeste 210°,"13,40",Suroeste 210°,"11,40","12,60",2025-03-20
12:00,"0,20","10,90","88,00","0,50",Norte 350°,"6,70",Suroeste 220°,"10,90","11,30",2025-03-20
13:00,"0,90","11,30","92,00","1,10",Sur 160°,"4,10",Oeste 250°,"10,80","11,30",2025-03-20
14:00,"0,10","11,70","93,00","0,30",Norte 10°,"3,60",Suroeste 210°,"11,30","11,90",2025-03-20
15:00,"0,00","13,90","82,00","3,00",Sureste 150°,"4,10",Sur 160°,"11,90","14,00",2025-03-20
16:00,"0,00","14,50","81,00","1,20",Noreste 50°,"6,20",Sur 170°,"13,90","14,60",2025-03-20
17:00,"0,00","16,10","65,00","5,90",Sur 160°,"9,30",Suroeste 210°,"14,60","16,10",2025-03-20
18:00,"0,00","16,10","64,00","6,50",Sureste 150°,"10,30",Sureste 130°,"16,00","16,20",2025-03-20
19:00,"0,00","15,70","60,00","7,40",Sureste 130°,"13,90",Sureste 130°,"15,70","16,20",2025-03-20
20:00,"1,00","13,40","83,00","3,00",Sur 190°,"16,00",Sureste 140°,"13,40","15,90",2025-03-20
21:00,"1,90","12,80","85,00","2,90",Oeste 280°,"9,80",Sureste 140°,"12,00","13,60",2025-03-20
22:00,"12,90","10,90","99,00","3,80",Sur 180°,"9,80",Sur 180°,"10,60","11,90",2025-03-20
23:00,"6,90","10,30","97,00","3,00",Suroeste 240°,"7,20",Suroeste 230°,"10,20","11,00",2025-03-20
00:00,"0,00","7,90","79,00","9,90",Suroeste 230°,"19,00",Suroeste 240°,"7,80","9,80",2025-03-21
01:00,"0,20","9,40","99,00","3,70",Sureste 140°,"5,70",Sur 170°,"9,40","9,60",2025-03-21
02:00,"0,00","9,50","92,00","4,50",Sur 160°,"6,20",Sur 160°,"9,30","9,50",2025-03-21
03:00,"0,00","9,60","93,00","3,90",Sureste 150°,"7,20",Sur 160°,"9,50","9,70",2025-03-21
04:00,"0,00","9,90","91,00","5,20",Sur 160°,"7,70",Sureste 150°,"9,60","10,00",2025-03-21
05:00,"0,00","10,60","87,00","7,00",Sur 160°,"10,80",Sur 160°,"10,00","10,70",2025-03-21
06:00,"0,00","10,30","81,00","7,70",Sur 170°,"11,80",Sur 170°,"10,30","10,50",2025-03-21
07:00,"0,00","9,50","85,00","6,40",Sur 190°,"11,30",Sur 200°,"9,50","10,20",2025-03-21
08:00,"0,00","9,50","83,00","6,60",Sur 180°,"9,80",Sur 180°,"9,40","9,50",2025-03-21
09:00,"0,80","8,70","95,00","6,30",Sur 200°,"10,80",Suroeste 240°,"8,60","9,40",2025-03-21
10:00,"0,00","9,00","81,00","7,80",Suroeste 210°,"14,90",Suroeste 230°,"8,50","9,10",2025-03-21
11:00,"0,00","9,40","77,00","6,30",Sur 190°,"17,50",Suroeste 220°,"8,90","9,50",2025-03-21
12:00,"0,00","10,10","81,00","6,60",Sur 200°,"11,80",Sur 170°,"9,50","10,80",2025-03-21
13:00,"0,10","10,40","78,00","7,40",Sur 180°,"16,50",Suroeste 210°,"10,10","10,80",2025-03-21
14:00,"0,00","10,90","74,00","8,50",Sur 180°,"15,40",Suroeste 210°,"10,40","11,00",2025-03-21
15:00,"0,10","11,90","78,00","6,60",Sur 180°,"14,90",Sur 200°,"10,80","12,30",2025-03-21
16:00,"0,20","11,20","81,00","7,80",Sur 180°,"12,40",Sur 190°,"11,00","12,50",2025-03-21
17:00,"1,90","10,40","93,00","5,20",Sur 180°,"13,40",Sur 190°,"10,40","10,90",2025-03-21
18:00,"0,30","10,50","94,00","6,30",Sur 180°,"12,40",Sur 170°,"10,20","10,50",2025-03-21
19:00,"0,00","10,80","87,00","6,10",Sur 190°,"11,30",Sur 190°,"10,50","10,90",2025-03-21
20:00,"0,00","10,50","91,00","6,00",Sur 180°,"10,80",Suroeste 210°,"10,50","10,80",2025-03-21
21:00,"0,40","10,00","99,00","4,90",Sureste 150°,"8,20",Sur 160°,"10,00","10,50",2025-03-21
22:00,"4,50","10,10","100,00","5,00",Sur 160°,"9,30",Sur 180°,"9,80","10,10",2025-03-21
23:00,"5,10","9,80","93,00","7,90",Suroeste 220°,"12,40",Sur 180°,"9,80","10,20",2025-03-21
00:00,"0,00","5,90","79,00","9,00",Oeste 250°,"13,90",Oeste 260°,"5,80","6,80",2025-03-22
01:00,"0,00","7,50","82,00","7,70",Suroeste 210°,"13,90",Suroeste 220°,"7,40","7,80",2025-03-22
02:00,"0,00","7,20","88,00","6,70",Suroeste 210°,"10,80",Suroeste 210°,"7,10","7,40",2025-03-22
03:00,"0,00","6,90","85,00","7,10",Sur 200°,"11,80",Suroeste 210°,"6,80","7,00",2025-03-22
04:00,"0,00","6,50","83,00","5,60",Suroeste 220°,"10,80",Sur 200°,"6,50","6,80",2025-03-22
05:00,"0,00","6,30","80,00","7,10",Suroeste 230°,"11,80",Suroeste 220°,"6,30","6,40",2025-03-22
06:00,"0,00","5,90","83,00","7,90",Suroeste 220°,"11,80",Suroeste 220°,"5,90","6,30",2025-03-22
07:00,"0,00","6,00","79,00","8,20",Suroeste 220°,"13,40",Suroeste 220°,"5,80","6,00",2025-03-22
08:00,"0,00","5,70","86,00","3,70",Sur 160°,"10,80",Suroeste 210°,"5,50","5,90",2025-03-22
09:00,"0,00","5,50","90,00","4,10",Sur 180°,"7,20",Sur 170°,"5,50","5,80",2025-03-22
10:00,"0,70","5,70","96,00","4,50",Sur 170°,"8,80",Sur 170°,"5,50","5,80",2025-03-22
11:00,"0,00","6,50","97,00","4,90",Sur 190°,"11,80",Suroeste 210°,"5,80","6,60",2025-03-22
12:00,"0,00","8,40","87,00","7,50",Suroeste 210°,"13,40",Oeste 250°,"6,60","8,50",2025-03-22
13:00,"0,00","8,60","86,00","6,90",Suroeste 210°,"16,00",Suroeste 210°,"8,20","8,80",2025-03-22
14:00,"0,00","8,90","88,00","6,30",Suroeste 210°,"14,40",Suroeste 220°,"8,60","9,10",2025-03-22
15:00,"0,00","10,40","83,00","6,60",Suroeste 210°,"16,50",Suroeste 220°,"9,10","10,50",2025-03-22
16:00,"0,00","11,40","79,00","7,00",Suroeste 220°,"16,50",Sur 200°,"10,40","11,70",2025-03-22
17:00,"0,00","11,20","74,00","9,70",Suroeste 240°,"16,00",Suroeste 230°,"10,80","11,80",2025-03-22
18:00,"0,00","9,80","78,00","7,10",Suroeste 240°,"14,90",Oeste 260°,"9,40","11,30",2025-03-22
19:00,"0,00","9,00","81,00","6,30",Oeste 250°,"16,00",Oeste 250°,"9,00","10,00",2025-03-22
20:00,"0,00","8,20","87,00","6,30",Suroeste 220°,"10,80",Suroeste 230°,"8,20","9,00",2025-03-22
21:00,"0,00","7,70","83,00","5,90",Suroeste 220°,"11,30",Suroeste 230°,"7,60","8,20",2025-03-22
22:00,"0,00","7,30","80,00","6,90",Suroeste 230°,"12,40",Suroeste 240°,"7,30","7,60",2025-03-22
23:00,"0,00","6,90","72,00","8,90",Suroeste 240°,"13,90",Oeste 250°,"6,80","7,30",2025-03-22
00:00,"0,00","3,80","81,00","1,40",Noreste 60°,"2,60",Este 90°,"3,80","5,20",2025-03-23
01:00,"0,10","5,40","83,00","6,30",Oeste 250°,"11,80",Oeste 260°,"5,30","5,80",2025-03-23
02:00,"0,00","5,70","79,00","5,90",Suroeste 240°,"9,80",Suroeste 230°,"5,40","5,70",2025-03-23
03:00,"0,00","5,90","73,00","6,30",Oeste 250°,"9,80",Oeste 250°,"5,70","5,90",2025-03-23
04:00,"0,00","5,60","79,00","5,40",Suroeste 230°,"9,80",Suroeste 230°,"5,60","5,90",2025-03-23
05:00,"0,00","5,20","76,00","5,90",Suroeste 240°,"8,80",Suroeste 230°,"5,20","5,60",2025-03-23
06:00,"0,00","4,70","76,00","2,70",Oeste 250°,"8,20",Suroeste 240°,"4,60","5,20",2025-03-23
07:00,"0,00","3,80","81,00","2,00",Sureste 150°,"3,60",Sur 180°,"3,70","4,60",2025-03-23
08:00,"0,00","4,40","79,00","0,60",Suroeste 240°,"3,10",Sur 190°,"3,80","4,40",2025-03-23
09:00,"0,00","5,20","78,00","2,20",Noroeste 310°,"4,60",Noroeste 310°,"4,00","5,20",2025-03-23
10:00,"0,00","7,00","73,00","1,10",Norte 340°,"3,10",Noroeste 330°,"5,30","7,30",2025-03-23
11:00,"0,00","8,00","64,00","0,70",Sur 190°,"3,10",Oeste 260°,"6,80","8,10",2025-03-23
12:00,"0,00","9,60","59,00","2,20",Sureste 120°,"4,60",Sureste 120°,"8,10","9,90",2025-03-23
13:00,"0,00","10,80","54,00","2,10",Sur 180°,"5,10",Sureste 130°,"9,40","11,00",2025-03-23
14:00,"0,00","11,70","52,00","2,60",Sur 170°,"5,70",Suroeste 230°,"10,20","11,90",2025-03-23
15:00,"0,00","12,40","44,00","1,00",Sur 200°,"4,60",Sureste 130°,"11,30","12,70",2025-03-23
16:00,"0,00","11,60","45,00","0,50",Suroeste 230°,"3,60",Suroeste 220°,"11,00","12,50",2025-03-23
17:00,"0,00","10,40","53,00","2,60",Norte 360°,"6,20",Norte 350°,"10,30","11,60",2025-03-23
18:00,"0,00","11,60","46,00","2,30",Noreste 30°,"5,70",Norte 10°,"10,30","11,70",2025-03-23
19:00,"0,00","10,00","50,00","2,30",Norte 20°,"4,60",Norte 360°,"9,90","11,70",2025-03-23
20:00,"0,00","7,00","63,00","1,50",Norte 350°,"3,10",Norte 360°,"7,00","9,80",2025-03-23
21:00,"0,00","6,20","65,00","3,00",Norte 340°,"4,10",Norte 340°,"6,10","7,20",2025-03-23
22:00,"0,00","5,90","69,00","2,40",Norte 340°,"3,60",Norte 340°,"5,80","6,30",2025-03-23
23:00,"0,00","5,50","71,00","2,90",Noroeste 330°,"4,10",Noroeste 320°,"5,00","5,80",2025-03-23
00:00,"0,00","6,20","99,00","1,00",Norte 360°,"2,60",Norte 350°,"6,10","7,10",2025-03-24
01:00,"0,00","4,00","85,00","0,60",Noreste 60°,"2,60",Noreste 50°,"3,40","4,20",2025-03-24
02:00,"0,00","3,20","87,00","0,30",Noroeste 310°,"3,10",Noreste 30°,"3,00","3,90",2025-03-24
03:00,"0,00","2,70","90,00","1,10",Sureste 130°,"2,10",Sur 180°,"2,70","3,20",2025-03-24
04:00,"0,00","2,00","92,00","1,20",Sureste 150°,"3,10",Sureste 140°,"1,70","2,70",2025-03-24
05:00,"0,00","1,70","93,00","1,10",Sureste 120°,"3,10",Este 90°,"1,70","2,20",2025-03-24
06:00,"0,00","1,70","96,00","1,30",Este 100°,"3,10",Este 100°,"1,60","1,80",2025-03-24
07:00,"0,00","0,80","98,00","1,80",Norte 10°,"2,10",Norte 360°,"0,70","1,70",2025-03-24
08:00,"0,00","1,20","99,00","0,40",Norte 20°,"2,10",Norte 340°,"0,80","1,20",2025-03-24
09:00,"0,00","4,70","91,00","0,00",,"2,60",Suroeste 210°,"1,30","5,00",2025-03-24
10:00,"0,00","7,10","78,00","2,20",Sur 170°,"3,60",Sur 200°,"5,00","7,50",2025-03-24
11:00,"0,00","9,30","71,00","0,20",Norte 20°,"2,60",Sureste 120°,"7,60","9,60",2025-03-24
12:00,"0,00","11,10","61,00","0,70",Sur 200°,"3,60",Oeste 250°,"9,70","11,40",2025-03-24
13:00,"0,00","12,50","55,00","1,90",Norte 350°,"4,10",Norte 340°,"11,20","12,90",2025-03-24
14:00,"0,00","13,80","54,00","2,70",Norte 10°,"5,70",Noreste 40°,"12,50","13,90",2025-03-24
15:00,"0,00","14,60","52,00","4,00",Noroeste 320°,"6,20",Norte 10°,"13,40","14,80",2025-03-24
16:00,"0,00","13,70","51,00","1,80",Oeste 270°,"4,60",Noroeste 330°,"13,70","14,60",2025-03-24
17:00,"0,70","10,70","79,00","1,50",Noroeste 330°,"8,80",Noroeste 300°,"10,40","13,70",2025-03-24
18:00,"0,00","12,20","65,00","2,90",Sur 200°,"6,70",Suroeste 210°,"10,40","12,30",2025-03-24
19:00,"0,00","9,50","73,00","8,40",Norte 350°,"12,40",Norte 360°,"9,10","12,10",2025-03-24
20:00,"0,00","8,20","79,00","4,20",Norte 350°,"11,30",Norte 340°,"8,20","9,00",2025-03-24
21:00,"0,40","7,70","89,00","0,60",Norte 20°,"6,20",Norte 340°,"7,60","8,20",2025-03-24
22:00,"0,30","7,50","91,00","2,60",Sureste 150°,"4,10",Sur 180°,"7,40","7,60",2025-03-24
23:00,"0,00","7,00","94,00","0,40",Noroeste 330°,"4,60",Sur 170°,"7,00","7,70",2025-03-24
00:00,"0,00","8,80","74,00","1,70",Noreste 50°,"3,10",Este 80°,"8,70","9,40",2025-03-25
01:00,"0,00","5,80","100,00","1,70",Norte 350°,"5,70",Norte 360°,"5,70","6,10",2025-03-25
02:00,"0,00","5,90","100,00","1,40",Norte 10°,"2,60",Norte 350°,"5,60","6,00",2025-03-25
03:00,"0,10","6,70","100,00","2,30",Noroeste 300°,"3,10",Noroeste 300°,"6,00","6,80",2025-03-25
04:00,"0,00","6,90","94,00","3,20",Norte 350°,"5,10",Norte 340°,"6,70","6,90",2025-03-25
05:00,"0,00","5,90","90,00","0,00",,"4,60",Norte 340°,"5,80","6,90",2025-03-25
06:00,"0,00","5,90","98,00","1,60",Noroeste 310°,"3,10",Noroeste 310°,"5,70","6,00",2025-03-25
07:00,"0,00","5,90","97,00","0,00",,"2,10",Noroeste 300°,"5,80","6,00",2025-03-25
08:00,"0,00","5,50","94,00","1,90",Noroeste 330°,"3,60",Norte 340°,"5,30","5,80",2025-03-25
09:00,"0,00","7,70","83,00","1,70",Norte 350°,"3,10",Norte 350°,"5,60","7,90",2025-03-25
10:00,"0,00","9,90","72,00","2,30",Noroeste 330°,"3,60",Noroeste 330°,"7,90","10,00",2025-03-25
11:00,"0,00","12,70","62,00","4,30",Norte 360°,"7,20",Norte 350°,"10,00","12,90",2025-03-25
12:00,"0,00","12,80","56,00","3,60",Norte 10°,"8,20",Noreste 30°,"12,70","13,40",2025-03-25
13:00,"0,00","13,50","55,00","4,20",Norte 350°,"7,70",Norte 360°,"12,50","13,90",2025-03-25
14:00,"0,00","14,10","54,00","2,80",Norte 360°,"5,70",Noroeste 320°,"13,20","14,20",2025-03-25
15:00,"0,00","15,60","50,00","2,30",Norte 360°,"6,20",Norte 360°,"13,80","15,90",2025-03-25
16:00,"0,00","16,50","43,00","2,40",Norte 10°,"6,20",Norte 360°,"14,90","16,90",2025-03-25
17:00,"0,00","16,60","45,00","3,10",Norte 350°,"6,70",Norte 350°,"15,50","17,10",2025-03-25
18:00,"0,00","15,30","47,00","3,10",Norte 350°,"6,70",Norte 340°,"15,00","16,90",2025-03-25
19:00,"0,00","14,70","50,00","2,30",Norte 350°,"3,60",Norte 340°,"14,40","16,00",2025-03-25
20:00,"0,00","12,00","58,00","2,70",Norte 350°,"4,60",Norte 340°,"11,90","14,30",2025-03-25
21:00,"0,00","11,10","63,00","3,70",Norte 350°,"5,70",Norte 360°,"11,10","12,00",2025-03-25
22:00,"0,00","10,80","65,00","4,60",Norte 360°,"7,20",Norte 20°,"10,80","11,10",2025-03-25
23:00,"0,00","9,70","67,00","0,50",Norte 350°,"6,20",Noreste 30°,"9,40","10,80",2025-03-25
00:00,"0,00","6,10","69,00","1,20",Este 80°,"2,60",Este 80°,"6,10","7,20",2025-03-26
01:00,"0,00","7,90","77,00","1,10",Este 70°,"3,10",Este 70°,"7,70","8,60",2025-03-26
02:00,"0,00","7,00","78,00","0,30",Este 110°,"3,10",Noreste 50°,"6,90","7,70",2025-03-26
03:00,"0,00","6,20","82,00","0,00",,"2,60",Sureste 130°,"5,90","6,90",2025-03-26
04:00,"0,00","5,10","89,00","0,20",Norte 20°,"2,10",Este 80°,"5,10","6,20",2025-03-26
05:00,"0,00","4,40","94,00","1,40",Norte 360°,"2,10",Norte 350°,"4,40","5,00",2025-03-26
06:00,"0,00","3,70","96,00","2,00",Norte 10°,"3,10",Noreste 30°,"3,60","4,40",2025-03-26
07:00,"0,00","2,90","96,00","1,00",Noroeste 320°,"2,10",Norte 360°,"2,90","3,60",2025-03-26
08:00,"0,00","2,90","99,00","0,70",Norte 20°,"2,10",Norte 350°,"2,50","3,10",2025-03-26
09:00,"0,00","5,90","85,00","0,00",,"2,10",Norte 360°,"3,20","6,00",2025-03-26
10:00,"0,00","8,60","74,00","1,30",Noroeste 310°,"3,60",Noroeste 300°,"6,00","8,70",2025-03-26
11:00,"0,00","11,30","63,00","0,70",Suroeste 230°,"3,10",Suroeste 220°,"8,70","11,70",2025-03-26
12:00,"0,00","14,10","51,00","0,90",Sur 180°,"3,60",Suroeste 210°,"11,80","14,40",2025-03-26
13:00,"0,00","14,60","50,00","1,60",Sur 160°,"4,10",Sur 180°,"13,90","14,90",2025-03-26
14:00,"0,00","15,10","47,00","1,80",Sur 190°,"4,60",Sur 190°,"14,60","15,50",2025-03-26
15:00,"0,00","15,00","47,00","2,30",Norte 360°,"7,20",Suroeste 210°,"14,80","16,40",2025-03-26
16:00,"0,00","15,10","47,00","1,50",Norte 350°,"4,10",Suroeste 230°,"14,80","16,60",2025-03-26
17:00,"0,00","16,60","43,00","4,30",Norte 10°,"7,20",Norte 340°,"15,00","17,00",2025-03-26
18:00,"0,00","14,50","46,00","3,40",Norte 360°,"7,70",Norte 360°,"14,40","16,60",2025-03-26
19:00,"0,00","13,20","49,00","3,80",Norte 360°,"7,20",Norte 360°,"13,10","14,40",2025-03-26
20:00,"0,00","11,70","51,00","4,90",Norte 360°,"7,70",Norte 10°,"11,60","13,10",2025-03-26
21:00,"0,00","10,20","55,00","1,50",Sureste 120°,"8,20",Norte 20°,"10,00","11,60",2025-03-26
22:00,"0,00","8,40","61,00","1,10",Noreste 30°,"3,10",Norte 350°,"8,40","10,00",2025-03-26
23:00,"0,00","7,30","65,00","0,20",Noreste 40°,"2,10",Este 90°,"7,20","8,40",2025-03-26
00:00,"0,00","9,80","64,00","3,70",Norte 340°,"6,20",Norte 350°,"9,80","10,20",2025-03-27
01:00,"0,00","5,60","70,00","0,30",Este 90°,"2,60",Este 70°,"5,40","6,20",2025-03-27
02:00,"0,00","4,40","77,00","1,10",Sureste 130°,"2,60",Sureste 150°,"4,40","5,70",2025-03-27
03:00,"0,00","3,90","81,00","0,00",,"1,50",Sur 160°,"3,90","4,40",2025-03-27
04:00,"0,00","2,90","87,00","0,00",,"0,50",Este 80°,"2,80","3,90",2025-03-27
05:00,"0,00","2,20","92,00","1,70",Norte 360°,"2,10",Norte 360°,"2,10","2,80",2025-03-27
06:00,"0,00","2,00","93,00","0,50",Norte 360°,"2,60",Norte 10°,"1,90","2,20",2025-03-27
07:00,"0,00","1,40","95,00","2,50",Norte 350°,"3,60",Norte 350°,"1,30","1,90",2025-03-27
08:00,"0,00","1,70","96,00","0,70",Norte 360°,"2,60",Noroeste 330°,"1,20","1,90",2025-03-27
09:00,"0,00","4,70","80,00","1,90",Norte 350°,"3,10",Norte 340°,"1,90","5,00",2025-03-27
10:00,"0,00","7,80","67,00","0,40",Norte 20°,"2,60",Norte 360°,"5,10","8,00",2025-03-27
11:00,"0,00","10,80","59,00","0,90",Sur 180°,"3,10",Sur 200°,"8,10","10,90",2025-03-27
12:00,"0,00","11,70","51,00","1,70",Norte 20°,"4,10",Norte 340°,"10,70","12,00",2025-03-27
13:00,"0,00","13,10","50,00","2,30",Sur 170°,"4,60",Sur 160°,"11,60","13,10",2025-03-27
14:00,"0,00","13,40","49,00","2,60",Noroeste 300°,"5,70",Noroeste 300°,"12,50","13,90",2025-03-27
15:00,"0,00","14,90","46,00","2,30",Sur 160°,"4,60",Oeste 260°,"13,30","15,10",2025-03-27
16:00,"0,00","15,70","44,00","2,00",Este 100°,"4,10",Sureste 150°,"15,20","15,90",2025-03-27
17:00,"0,00","15,60","42,00","1,20",Noreste 40°,"4,10",Sureste 130°,"15,40","16,40",2025-03-27
18:00,"0,00","15,40","45,00","1,90",Este 90°,"4,10",Este 90°,"15,20","15,80",2025-03-27
19:00,"0,00","13,60","52,00","1,00",Este 90°,"3,60",Este 80°,"13,50","15,30",2025-03-27
20:00,"0,00","11,50","59,00","1,10",Este 70°,"2,10",Este 90°,"11,20","13,70",2025-03-27
21:00,"0,00","11,10","59,00","3,30",Norte 360°,"4,60",Norte 350°,"11,00","11,40",2025-03-27
22:00,"0,00","10,80","59,00","5,00",Norte 360°,"8,20",Norte 10°,"10,80","11,00",2025-03-27
23:00,"0,00","10,20","61,00","4,30",Norte 360°,"7,70",Norte 10°,"10,10","10,80",2025-03-27
00:00,"0,00","8,80","64,00","1,60",Oeste 290°,"3,10",Noroeste 310°,"8,40","9,70",2025-03-28
01:00,"0,00","8,90","67,00","0,70",Sureste 130°,"5,10",Norte 10°,"8,60","9,80",2025-03-28
02:00,"0,00","8,10","71,00","1,20",Este 110°,"2,60",Este 70°,"8,10","8,70",2025-03-28
03:00,"0,00","6,40","79,00","0,50",Este 90°,"2,10",Este 100°,"6,40","8,10",2025-03-28
04:00,"0,00","5,60","83,00","0,30",Noroeste 320°,"2,60",Este 80°,"5,40","6,50",2025-03-28
05:00,"0,00","5,10","83,00","1,00",Noreste 50°,"3,10",Norte 350°,"5,00","6,00",2025-03-28
06:00,"0,00","4,10","89,00","0,10",Noreste 50°,"3,10",Noreste 30°,"4,10","5,00",2025-03-28
07:00,"0,00","3,80","91,00","1,30",Sureste 120°,"2,10",Sureste 130°,"3,40","4,00",2025-03-28
08:00,"0,00","4,10","88,00","1,10",Sureste 140°,"2,10",Sur 160°,"3,90","4,20",2025-03-28
09:00,"0,00","8,10","73,00","1,10",Sureste 130°,"3,10",Suroeste 220°,"4,30","8,20",2025-03-28
10:00,"0,00","9,40","65,00","1,60",Sur 190°,"3,60",Sur 170°,"8,30","9,50",2025-03-28
11:00,"0,00","11,10","58,00","0,50",Norte 350°,"3,60",Suroeste 210°,"9,50","11,60",2025-03-28
12:00,"0,00","13,60","49,00","0,70",Oeste 260°,"3,10",Suroeste 240°,"11,30","13,80",2025-03-28
13:00,"0,00","15,00","40,00","2,30",Norte 20°,"3,60",Noreste 50°,"13,70","15,20",2025-03-28
14:00,"0,00","16,10","39,00","2,70",Norte 10°,"5,10",Norte 10°,"14,90","16,40",2025-03-28
15:00,"0,00","17,70","35,00","4,10",Norte 350°,"7,70",Norte 350°,"16,40","17,90",2025-03-28
16:00,"0,00","18,00","34,00","2,90",Norte 360°,"7,70",Noreste 30°,"16,80","18,20",2025-03-28
17:00,"0,00","17,00","33,00","3,40",Norte 10°,"7,70",Norte 10°,"16,70","18,10",2025-03-28
18:00,"0,00","16,10","39,00","3,90",Norte 10°,"9,30",Norte 10°,"16,00","17,80",2025-03-28
19:00,"0,00","14,90","43,00","2,50",Norte 20°,"8,20",Norte 360°,"14,90","16,50",2025-03-28
20:00,"0,00","13,50","45,00","2,90",Noreste 30°,"6,70",Norte 10°,"13,40","14,90",2025-03-28
21:00,"0,00","12,00","49,00","3,00",Norte 360°,"5,10",Noreste 40°,"12,00","13,30",2025-03-28
22:00,"0,00","10,20","57,00","2,30",Norte 350°,"4,10",Norte 360°,"10,10","12,00",2025-03-28
23:00,"0,00","9,70","59,00","0,80",Noreste 60°,"4,10",Norte 10°,"9,30","10,40",2025-03-28
00:00,"0,00","8,50","51,00","4,00",Norte 20°,"8,20",Norte 340°,"8,50","9,00",2025-03-29
01:00,"0,00","9,20","64,00","1,20",Noroeste 320°,"3,10",Suroeste 230°,"8,60","9,50",2025-03-29
02:00,"0,00","7,30","72,00","0,30",Este 110°,"2,60",Noroeste 300°,"7,20","9,00",2025-03-29
03:00,"0,00","6,40","77,00","1,40",Este 100°,"2,10",Este 100°,"6,20","7,30",2025-03-29
04:00,"0,00","5,60","81,00","0,20",Sureste 140°,"2,10",Este 100°,"5,60","6,20",2025-03-29
05:00,"0,00","4,70","86,00","0,10",Sureste 140°,"2,60",Sureste 150°,"4,50","5,60",2025-03-29
06:00,"0,00","3,90","89,00","1,30",Sureste 120°,"2,10",Sureste 120°,"3,70","4,60",2025-03-29
07:00,"0,00","2,90","94,00","0,50",Norte 350°,"1,50",Norte 350°,"2,90","4,00",2025-03-29
08:00,"0,00","3,10","97,00","0,00",,"1,50",Noreste 60°,"2,60","3,30",2025-03-29
09:00,"0,00","8,10","80,00","0,30",Oeste 280°,"1,50",Oeste 250°,"3,40","8,70",2025-03-29
10:00,"0,00","10,80","66,00","1,40",Oeste 260°,"3,10",Oeste 260°,"8,00","10,90",2025-03-29
11:00,"0,00","12,80","54,00","1,80",Noroeste 300°,"4,10",Norte 350°,"10,90","13,00",2025-03-29
12:00,"0,00","13,90","52,00","2,50",Noroeste 310°,"4,60",Noroeste 320°,"12,90","13,90",2025-03-29
13:00,"0,00","15,50","44,00","2,40",Norte 10°,"5,70",Norte 360°,"13,90","16,10",2025-03-29
14:00,"0,00","17,10","35,00","5,70",Norte 340°,"10,30",Noroeste 330°,"15,90","17,30",2025-03-29
15:00,"0,00","17,80","28,00","4,20",Norte 360°,"10,30",Norte 10°,"16,80","18,10",2025-03-29
16:00,"0,00","17,70","31,00","6,20",Norte 360°,"9,80",Norte 360°,"16,30","18,00",2025-03-29
17:00,"0,00","17,40","32,00","6,30",Norte 360°,"11,80",Norte 360°,"17,40","17,70",2025-03-29
18:00,"0,00","16,90","34,00","6,60",Norte 360°,"10,80",Norte 360°,"16,70","17,60",2025-03-29
19:00,"0,00","15,20","37,00","6,50",Norte 360°,"10,80",Norte 360°,"14,90","16,80",2025-03-29
20:00,"0,00","12,50","43,00","5,90",Norte 10°,"10,80",Norte 360°,"12,40","14,90",2025-03-29
21:00,"0,00","11,10","45,00","6,20",Norte 10°,"10,80",Norte 20°,"11,00","12,40",2025-03-29
22:00,"0,00","9,90","48,00","4,80",Norte 20°,"9,80",Norte 360°,"9,80","11,00",2025-03-29
23:00,"0,00","9,10","49,00","3,40",Norte 20°,"10,80",Norte 350°,"9,00","9,80",2025-03-29
00:00,"0,00","11,80","41,00","0,60",Norte 20°,"2,60",Norte 10°,"11,60","12,70",2025-03-30
01:00,"0,00","7,20","58,00","2,60",Noreste 30°,"7,20",Norte 10°,"7,10","8,50",2025-03-30
03:00,"0,00","5,50","63,00","1,40",Este 70°,"3,10",Noreste 40°,"5,40","7,10",2025-03-30
05:00,"0,00","3,10","73,00","1,40",Norte 360°,"3,10",Este 80°,"3,00","4,50",2025-03-30
06:00,"0,00","2,40","73,00","0,80",Noreste 30°,"2,60",Norte 20°,"2,30","3,00",2025-03-30
07:00,"0,00","2,00","76,00","1,10",Este 90°,"2,60",Este 100°,"1,80","2,40",2025-03-30
08:00,"0,00","1,00","79,00","1,10",Norte 360°,"2,10",Norte 350°,"1,00","1,80",2025-03-30
09:00,"0,00","2,10","76,00","0,50",Norte 20°,"2,60",Noroeste 330°,"1,10","2,20",2025-03-30
10:00,"0,00","5,40","64,00","3,60",Noroeste 320°,"4,60",Noroeste 320°,"2,20","5,80",2025-03-30
11:00,"0,00","10,30","40,00","3,20",Norte 20°,"6,20",Noreste 40°,"6,00","10,60",2025-03-30
12:00,"0,00","12,90","31,00","4,30",Norte 20°,"7,70",Norte 20°,"10,60","13,20",2025-03-30
13:00,"0,00","14,70","29,00","3,90",Noreste 30°,"7,20",Norte 20°,"13,20","14,90",2025-03-30
14:00,"0,00","16,40","25,00","4,30",Noreste 50°,"7,70",Noreste 30°,"14,90","16,40",2025-03-30
15:00,"0,00","18,20","26,00","3,70",Norte 20°,"7,70",Noreste 40°,"16,50","18,50",2025-03-30
16:00,"0,00","19,90","24,00","3,00",Norte 20°,"7,70",Norte 10°,"18,30","20,10",2025-03-30
17:00,"0,00","20,60","21,00","3,20",Este 80°,"8,20",Noreste 60°,"20,20","20,90",2025-03-30
18:00,"0,00","21,10","21,00","3,30",Noreste 60°,"7,70",Este 80°,"20,70","21,20",2025-03-30
19:00,"0,00","21,10","21,00","3,20",Noreste 50°,"7,20",Este 70°,"21,10","21,30",2025-03-30
20:00,"0,00","20,00","23,00","1,90",Noreste 40°,"5,70",Noreste 30°,"19,80","21,10",2025-03-30
21:00,"0,00","16,90","29,00","2,50",Noreste 30°,"4,60",Noreste 40°,"16,80","19,70",2025-03-30
22:00,"0,00","14,30","34,00","1,60",Norte 350°,"3,60",Noreste 40°,"14,10","16,80",2025-03-30
23:00,"0,00","12,70","38,00","0,30",Este 110°,"3,10",Norte 350°,"12,50","14,20",2025-03-30
00:00,"0,00","12,10","59,00","2,10",Noroeste 300°,"3,60",Norte 360°,"11,50","13,50",2025-03-31
01:00,"0,00","10,70","66,00","2,40",Norte 350°,"3,60",Norte 10°,"10,60","12,00",2025-03-31
02:00,"0,00","8,50","59,00","0,50",Norte 20°,"3,10",Norte 360°,"8,50","10,00",2025-03-31
03:00,"0,00","7,70","66,00","0,20",Noroeste 330°,"2,60",Noreste 30°,"7,40","8,50",2025-03-31
04:00,"0,00","6,70","71,00","1,30",Norte 350°,"2,60",Noroeste 330°,"6,50","7,50",2025-03-31
05:00,"0,00","6,60","72,00","2,70",Noroeste 330°,"3,60",Norte 340°,"6,50","6,80",2025-03-31
06:00,"0,00","6,00","75,00","0,40",Norte 360°,"3,60",Noroeste 330°,"5,80","6,70",2025-03-31
07:00,"0,00","4,70","83,00","1,00",Noroeste 320°,"3,10",Noreste 30°,"4,60","5,80",2025-03-31
08:00,"0,00","3,70","86,00","1,60",Noroeste 300°,"2,60",Norte 20°,"3,60","4,70",2025-03-31
09:00,"0,00","4,50","87,00","0,10",Noreste 30°,"2,60",Noroeste 310°,"3,70","4,70",2025-03-31
10:00,"0,00","8,90","71,00","1,80",Norte 340°,"2,60",Norte 350°,"4,70","9,30",2025-03-31
11:00,"0,00","12,00","60,00","0,80",Oeste 260°,"3,60",Oeste 260°,"9,30","12,10",2025-03-31
12:00,"0,00","14,80","49,00","0,00",,"3,10",Noreste 40°,"12,00","15,00",2025-03-31
13:00,"0,00","17,40","45,00","1,00",Norte 340°,"3,10",Norte 340°,"14,90","17,70",2025-03-31
14:00,"0,00","20,10","34,00","0,80",Sur 190°,"3,60",Sur 160°,"17,30","20,20",2025-03-31
15:00,"0,00","22,00","28,00","1,00",Sureste 140°,"3,10",Sureste 120°,"20,20","22,20",2025-03-31
16:00,"0,00","23,20","23,00","0,10",Norte 360°,"2,60",Oeste 250°,"21,60","23,70",2025-03-31
17:00,"0,00","24,40","18,00","0,60",Noroeste 310°,"4,10",Suroeste 220°,"23,10","24,50",2025-03-31
18:00,"0,00","24,90","17,00","0,30",Sureste 150°,"3,10",Sureste 150°,"24,10","25,40",2025-03-31
19:00,"0,00","24,90","16,00","0,10",Este 110°,"3,60",Sur 200°,"24,40","25,80",2025-03-31
20:00,"0,00","23,70","26,00","0,90",Sur 190°,"3,60",Suroeste 220°,"23,10","26,00",2025-03-31
21:00,"0,00","19,20","31,00","2,40",Sur 190°,"4,10",Suroeste 230°,"19,10","23,00",2025-03-31
22:00,"0,00","16,50","40,00","1,60",Oeste 270°,"4,60",Suroeste 220°,"16,00","19,00",2025-03-31
23:00,"0,00","13,90","48,00","0,60",Norte 20°,"2,10",Noreste 30°,"13,50","16,00",2025-03-31
