ICAO,ultimo_parado,despegue,tiempo_espera,aircraft_type,lat,lon,holding_point,fecha_despegue,hora_despegue,runway
3420ca,2024-12-03 15:21:22.843,2024-12-03 15:23:03.503,100.66,Medium 2 (between 34000 kg to 136000 kg),40.50596237182617,-3.559234619140625,Y2,2024-12-03,15,18L/36R
3420ca,2024-12-04 09:24:55.891,2024-12-04 09:26:36.177,100.286,Medium 2 (between 34000 kg to 136000 kg),40.504462031994834,-3.5592113841663706,Y1,2024-12-04,9,18L/36R
3420ca,2024-12-04 16:16:10.860,2024-12-04 16:17:46.200,95.34,Medium 2 (between 34000 kg to 136000 kg),40.49863815307617,-3.57464599609375,Z4,2024-12-04,16,18R/36L
3420ca,2024-12-07 20:14:55.509,2024-12-07 20:16:48.101,112.592,Medium 2 (between 34000 kg to 136000 kg),40.50461332676774,-3.5592113841663706,Y1,2024-12-07,20,18L/36R
3444c3,2024-12-02 14:42:10.407,2024-12-02 14:43:51.726,101.319,Medium 2 (between 34000 kg to 136000 kg),40.505823684951004,-3.5592269897460938,Y1,2024-12-02,14,18L/36R
3444c3,2024-12-03 14:23:19.228,2024-12-03 14:26:00.753,161.525,Medium 2 (between 34000 kg to 136000 kg),40.4980843754138,-3.574676513671875,Z2,2024-12-03,14,18R/36L
3444c3,2024-12-04 14:42:42.270,2024-12-04 14:44:49.467,127.197,Medium 2 (between 34000 kg to 136000 kg),40.49787489034362,-3.574660908092152,Z2,2024-12-04,14,18R/36L
3444c3,2024-12-05 12:22:49.610,2024-12-05 12:24:23.116,93.506,Medium 2 (between 34000 kg to 136000 kg),40.50736999511719,-3.5592041015625,Y2,2024-12-05,12,18L/36R
346188,2024-12-01 09:04:54.066,2024-12-01 09:06:10.519,76.453,Medium 2 (between 34000 kg to 136000 kg),40.50552749633789,-3.55938720703125,Y1,2024-12-01,9,18L/36R
346188,2024-12-07 22:02:14.048,2024-12-07 22:04:48.160,154.112,Medium 2 (between 34000 kg to 136000 kg),40.49652099609375,-3.5748138427734375,Z4,2024-12-07,22,18R/36L
347297,2024-12-03 12:24:17.333,2024-12-03 12:25:54.622,97.289,Heavy (larger than 136000 kg),40.498363688840705,-3.574614091352983,Z3,2024-12-03,12,18R/36L
34754d,2024-12-01 16:15:18.840,2024-12-01 16:17:00.380,101.54,Heavy (larger than 136000 kg),40.497825622558594,-3.57464599609375,Z1,2024-12-01,16,18R/36L
34754d,2024-12-02 17:21:59.621,2024-12-05 00:11:10.309,197350.688,Heavy (larger than 136000 kg),40.497013092041016,-3.5746307373046875,KA6,2024-12-05,0,18R/36L
344487,2024-12-04 14:17:15.057,2024-12-04 14:20:47.616,212.559,Medium 2 (between 34000 kg to 136000 kg),40.498409271240234,-3.5746612548828125,Z2,2024-12-04,14,18R/36L
344487,2024-12-05 05:46:24.087,2024-12-05 05:47:57.540,93.453,Medium 2 (between 34000 kg to 136000 kg),40.4980843754138,-3.574629696932706,Z2,2024-12-05,5,18R/36L
4ca75f,2024-12-01 05:00:43.211,2024-12-01 05:02:49.620,126.409,Medium 2 (between 34000 kg to 136000 kg),40.49853825973252,-3.5746453025124287,Z4,2024-12-01,5,18R/36L
4ca75f,2024-12-02 05:19:36.004,2024-12-02 05:21:14.017,98.013,Medium 2 (between 34000 kg to 136000 kg),40.49794006347656,-3.57464599609375,Z4,2024-12-02,5,18R/36L
344346,2024-12-03 11:07:58.924,2024-12-03 11:10:20.235,141.311,Heavy (larger than 136000 kg),40.49860808808925,-3.5746453025124287,Z1,2024-12-03,11,18R/36L
344346,2024-12-05 23:24:34.919,2024-12-05 23:27:19.986,165.067,Heavy (larger than 136000 kg),40.498043060302734,-3.5746307373046875,Z1,2024-12-05,23,18R/36L
346390,2024-12-05 21:22:10.028,2024-12-05 21:24:37.160,147.132,Heavy (larger than 136000 kg),40.50608825683594,-3.5592193603515625,Y2,2024-12-05,21,18L/36R
347306,2024-12-01 10:58:33.183,2024-12-01 11:00:19.254,106.071,Medium 2 (between 34000 kg to 136000 kg),40.49788284301758,-3.57464599609375,Z2,2024-12-01,11,18R/36L
347306,2024-12-02 11:30:57.844,2024-12-02 11:32:40.742,102.898,Medium 2 (between 34000 kg to 136000 kg),40.480751037597656,-3.57177734375,LB,2024-12-02,11,14R/32L
347306,2024-12-02 18:57:15.438,2024-12-02 18:58:53.399,97.961,Medium 2 (between 34000 kg to 136000 kg),40.497779846191406,-3.5746612548828125,Z4,2024-12-02,18,18R/36L
347306,2024-12-05 14:49:40.420,2024-12-05 14:52:38.523,178.103,Medium 2 (between 34000 kg to 136000 kg),40.50655746459961,-3.559234619140625,Y1,2024-12-05,14,18L/36R
347306,2024-12-06 14:38:50.942,2024-12-06 14:40:47.217,116.275,Medium 2 (between 34000 kg to 136000 kg),40.50640869140625,-3.5592498779296875,Y1,2024-12-06,14,18L/36R
39de48,2024-12-01 08:35:53.801,2024-12-01 08:37:55.362,121.561,Medium 2 (between 34000 kg to 136000 kg),40.505521095405186,-3.5592269897460938,Y2,2024-12-01,8,18L/36R
407534,2024-12-03 12:15:09.458,2024-12-03 12:17:55.389,165.931,Medium 2 (between 34000 kg to 136000 kg),40.49767704333289,-3.5746453025124287,Z3,2024-12-03,12,18R/36L
345615,2024-12-01 11:41:00.494,2024-12-01 11:43:17.055,136.561,Medium 2 (between 34000 kg to 136000 kg),40.49850082397461,-3.57464599609375,Z4,2024-12-01,11,18R/36L
345615,2024-12-02 15:12:33.227,2024-12-02 15:14:00.261,87.034,Medium 2 (between 34000 kg to 136000 kg),40.50612258911133,-3.559234619140625,Y1,2024-12-02,15,18L/36R
345615,2024-12-02 18:55:59.730,2024-12-02 18:57:30.146,90.416,Medium 2 (between 34000 kg to 136000 kg),40.49877102092161,-3.5746453025124287,Z4,2024-12-02,18,18R/36L
345615,2024-12-04 10:52:29.244,2024-12-04 10:55:14.371,165.127,Medium 2 (between 34000 kg to 136000 kg),40.49785161422471,-3.5746453025124287,Z4,2024-12-04,10,18R/36L
347307,2024-12-02 06:25:47.918,2024-12-02 06:27:40.599,112.681,Medium 2 (between 34000 kg to 136000 kg),40.49801454705707,-3.574629696932706,Z2,2024-12-02,6,18R/36L
347307,2024-12-03 05:49:22.140,2024-12-03 05:51:30.709,128.569,Medium 2 (between 34000 kg to 136000 kg),40.498643002267606,-3.574660908092152,Z4,2024-12-03,5,18R/36L
347307,2024-12-03 14:13:31.714,2024-12-03 14:15:09.145,97.431,Medium 2 (between 34000 kg to 136000 kg),40.4997951701536,-3.574676513671875,Z4,2024-12-03,14,18R/36L
347307,2024-12-03 18:14:45.846,2024-12-03 18:17:01.969,136.123,Medium 2 (between 34000 kg to 136000 kg),40.498363688840705,-3.57459848577326,Z2,2024-12-03,18,18R/36L
347307,2024-12-04 05:42:35.052,2024-12-04 05:44:55.484,140.432,Medium 2 (between 34000 kg to 136000 kg),40.49811928959216,-3.5746453025124287,Z2,2024-12-04,5,18R/36L
347307,2024-12-05 06:32:43.704,2024-12-05 06:34:17.475,93.771,Medium 2 (between 34000 kg to 136000 kg),40.50563049316406,-3.559234619140625,Y1,2024-12-05,6,18L/36R
347307,2024-12-06 06:26:24.076,2024-12-06 06:27:46.594,82.518,Medium 2 (between 34000 kg to 136000 kg),40.50571894241592,-3.5592269897460938,Y1,2024-12-06,6,18L/36R
347307,2024-12-07 14:39:55.801,2024-12-07 14:41:47.136,111.335,Medium 2 (between 34000 kg to 136000 kg),40.505859375,-3.559234619140625,Y1,2024-12-07,14,18L/36R
34764a,2024-12-03 12:06:43.502,2024-12-03 12:09:06.051,142.549,Heavy (larger than 136000 kg),40.49765396118164,-3.57464599609375,Z1,2024-12-03,12,18R/36L
34764a,2024-12-05 23:23:00.940,2024-12-05 23:24:37.350,96.41,Heavy (larger than 136000 kg),40.49795635675979,-3.5746453025124287,Z3,2024-12-05,23,18R/36L
34764a,2024-12-07 08:14:41.918,2024-12-07 08:16:16.356,94.438,Heavy (larger than 136000 kg),40.497537386619435,-3.5746453025124287,Z3,2024-12-07,8,18R/36L
344345,2024-12-05 11:23:14.763,2024-12-05 11:24:52.156,97.393,Heavy (larger than 136000 kg),40.49831771850586,-3.5746612548828125,Z3,2024-12-05,11,18R/36L
344345,2024-12-06 15:52:20.155,2024-12-06 15:53:51.311,91.156,Heavy (larger than 136000 kg),40.498775482177734,-3.57464599609375,Z3,2024-12-06,15,18R/36L
345109,2024-12-04 11:55:43.944,2024-12-04 11:57:20.288,96.344,Heavy (larger than 136000 kg),40.49763049109507,-3.574629696932706,Z3,2024-12-04,11,18R/36L
345109,2024-12-05 15:54:19.801,2024-12-05 15:56:17.618,117.817,Heavy (larger than 136000 kg),40.498945591813424,-3.574660908092152,Z3,2024-12-05,15,18R/36L
347312,2024-12-02 15:41:17.667,2024-12-02 15:42:54.335,96.668,Medium 2 (between 34000 kg to 136000 kg),40.506207740913,-3.5592269897460938,Y1,2024-12-02,15,18L/36R
347312,2024-12-03 14:17:12.661,2024-12-03 14:18:43.988,91.327,Medium 2 (between 34000 kg to 136000 kg),40.506351470947266,-3.5592498779296875,Y1,2024-12-03,14,18L/36R
347312,2024-12-05 06:20:17.444,2024-12-05 06:22:08.095,110.651,Medium 2 (between 34000 kg to 136000 kg),40.498107651532706,-3.5746453025124287,Z2,2024-12-05,6,18R/36L
347312,2024-12-06 15:40:05.822,2024-12-06 15:42:46.219,160.397,Medium 2 (between 34000 kg to 136000 kg),40.49934128583487,-3.574660908092152,Z4,2024-12-06,15,18R/36L
347312,2024-12-07 14:26:20.764,2024-12-07 14:28:49.253,148.489,Medium 2 (between 34000 kg to 136000 kg),40.496612548828125,-3.57464599609375,Z2,2024-12-07,14,18R/36L
484160,2024-12-04 10:07:44.465,2024-12-04 10:09:41.338,116.873,Medium 2 (between 34000 kg to 136000 kg),40.50557928570246,-3.5592113841663706,Y1,2024-12-04,10,18L/36R
343650,2024-12-01 15:37:30.689,2024-12-01 15:41:10.273,219.584,Medium 2 (between 34000 kg to 136000 kg),40.49882125854492,-3.57464599609375,Z4,2024-12-01,15,18R/36L
343650,2024-12-02 08:32:51.337,2024-12-02 08:35:52.038,180.701,Medium 2 (between 34000 kg to 136000 kg),40.50639724731445,-3.5592193603515625,Y1,2024-12-02,8,18L/36R
343650,2024-12-02 11:59:14.107,2024-12-02 12:00:18.891,64.784,Medium 2 (between 34000 kg to 136000 kg),40.491188049316406,-3.5540618896484375,K2,2024-12-02,12,14L/32R
343650,2024-12-02 15:12:50.261,2024-12-02 15:15:46.111,175.85,Medium 2 (between 34000 kg to 136000 kg),40.49872446868379,-3.5746453025124287,Z4,2024-12-02,15,18R/36L
343650,2024-12-03 11:22:46.754,2024-12-03 11:24:37.311,110.557,Medium 2 (between 34000 kg to 136000 kg),40.50581359863281,-3.559234619140625,Y1,2024-12-03,11,18L/36R
343650,2024-12-03 15:20:09.286,2024-12-03 15:21:31.791,82.505,Medium 2 (between 34000 kg to 136000 kg),40.50566482543945,-3.5592193603515625,Y1,2024-12-03,15,18L/36R
343650,2024-12-04 15:19:48.395,2024-12-04 15:21:43.796,115.401,Medium 2 (between 34000 kg to 136000 kg),40.49879837036133,-3.5746612548828125,Z4,2024-12-04,15,18R/36L
343650,2024-12-05 15:23:30.955,2024-12-05 15:26:13.295,162.34,Medium 2 (between 34000 kg to 136000 kg),40.5003547668457,-3.57464599609375,Z4,2024-12-05,15,18R/36L
343650,2024-12-06 15:27:37.341,2024-12-06 15:29:08.320,90.979,Medium 2 (between 34000 kg to 136000 kg),40.505916595458984,-3.5592193603515625,Y1,2024-12-06,15,18L/36R
343650,2024-12-07 13:40:17.500,2024-12-07 13:42:01.469,103.969,Medium 2 (between 34000 kg to 136000 kg),40.49853515625,-3.57464599609375,Z4,2024-12-07,13,18R/36L
3c6668,2024-12-02 14:02:40.569,2024-12-02 14:04:15.432,94.863,Medium 2 (between 34000 kg to 136000 kg),40.505195229740465,-3.5592269897460938,Y1,2024-12-02,14,18L/36R
4ba934,2024-12-03 11:27:21.768,2024-12-03 11:29:11.535,109.767,Heavy (larger than 136000 kg),40.506766367766815,-3.559242595325817,Y1,2024-12-03,11,18L/36R
4ca2c0,2024-12-01 05:26:45.264,2024-12-01 05:28:43.020,117.756,Medium 2 (between 34000 kg to 136000 kg),40.497825622558594,-3.57464599609375,Z2,2024-12-01,5,18R/36L
471f37,2024-12-02 19:34:34.988,2024-12-02 19:35:23.530,48.542,Medium 2 (between 34000 kg to 136000 kg),40.50516128540039,-3.559234619140625,Y1,2024-12-02,19,18L/36R
506ca5,2024-12-02 06:47:23.861,2024-12-02 06:49:20.262,116.401,Medium 1 (between 7000 kg and 34000 kg),40.49838638305664,-3.5746307373046875,Z4,2024-12-02,6,18R/36L
78100b,2024-12-05 12:08:13.759,2024-12-05 12:09:41.364,87.605,Heavy (larger than 136000 kg),40.507371546858444,-3.5592113841663706,Y1,2024-12-05,12,18L/36R
e072d0,2024-12-03 18:18:35.709,2024-12-03 18:20:14.117,98.408,Heavy (larger than 136000 kg),40.49808883666992,-3.57464599609375,Z2,2024-12-03,18,18R/36L
4ca4f2,2024-12-07 05:31:34.711,2024-12-07 05:34:29.270,174.559,Medium 2 (between 34000 kg to 136000 kg),40.498177479889435,-3.574629696932706,Z2,2024-12-07,5,18R/36L
4cadbc,2024-12-02 13:08:57.578,2024-12-02 13:10:55.259,117.681,Medium 2 (between 34000 kg to 136000 kg),40.50531005859375,-3.5592193603515625,Y1,2024-12-02,13,18L/36R
4cadbc,2024-12-03 11:54:52.211,2024-12-03 11:55:50.392,58.181,Medium 2 (between 34000 kg to 136000 kg),40.49921326718088,-3.574660908092152,Z4,2024-12-03,11,18R/36L
4ca849,2024-12-06 22:18:56.162,2024-12-06 22:20:18.926,82.764,Medium 2 (between 34000 kg to 136000 kg),40.49856153585143,-3.5746453025124287,Z2,2024-12-06,22,18R/36L
4ca84f,2024-12-05 09:46:07.465,2024-12-05 09:49:06.006,178.541,Medium 2 (between 34000 kg to 136000 kg),40.4979796328787,-3.574629696932706,Z2,2024-12-05,9,18R/36L
ac17e6,2024-12-07 12:33:38.181,2024-12-07 12:37:30.963,232.782,Heavy (larger than 136000 kg),40.497095140360166,-3.5746453025124287,Z3,2024-12-07,12,18R/36L
342104,2024-12-01 15:27:21.079,2024-12-01 15:29:55.304,154.225,Medium 2 (between 34000 kg to 136000 kg),40.49818911794888,-3.5746453025124287,Z4,2024-12-01,15,18R/36L
342104,2024-12-01 19:06:04.171,2024-12-01 19:07:32.005,87.834,Medium 2 (between 34000 kg to 136000 kg),40.49800290899761,-3.5746453025124287,Z4,2024-12-01,19,18R/36L
342104,2024-12-03 15:04:50.635,2024-12-03 15:06:00.601,69.966,Medium 2 (between 34000 kg to 136000 kg),40.49843215942383,-3.5746612548828125,Z4,2024-12-03,15,18R/36L
342104,2024-12-05 11:11:01.866,2024-12-05 11:14:15.824,193.958,Medium 2 (between 34000 kg to 136000 kg),40.4970588684082,-3.5746307373046875,Z1,2024-12-05,11,18R/36L
342104,2024-12-06 06:30:00.379,2024-12-06 06:31:30.260,89.881,Medium 2 (between 34000 kg to 136000 kg),40.504438755875924,-3.5592269897460938,Y1,2024-12-06,6,18L/36R
342104,2024-12-07 08:12:46.871,2024-12-07 08:14:12.309,85.438,Medium 2 (between 34000 kg to 136000 kg),40.505516052246094,-3.5592041015625,Y2,2024-12-07,8,18L/36R
46b82d,2024-12-02 12:55:09.721,2024-12-02 12:56:39.634,89.913,Medium 2 (between 34000 kg to 136000 kg),40.50550945734573,-3.5592269897460938,Y1,2024-12-02,12,18L/36R
440179,2024-12-03 19:46:00.242,2024-12-03 19:47:41.496,101.254,Medium 2 (between 34000 kg to 136000 kg),40.50578877077264,-3.559242595325817,Y1,2024-12-03,19,18L/36R
3c6659,2024-12-04 07:37:20.907,2024-12-04 07:38:59.254,98.347,Medium 2 (between 34000 kg to 136000 kg),40.50563049316406,-3.5592193603515625,Y1,2024-12-04,7,18L/36R
471f72,2024-12-04 09:35:05.777,2024-12-04 09:36:55.218,109.441,Medium 2 (between 34000 kg to 136000 kg),40.50492755437301,-3.5592269897460938,Y1,2024-12-04,9,18L/36R
345251,2024-12-02 15:01:04.881,2024-12-02 15:03:04.075,119.194,Heavy (larger than 136000 kg),40.4982356701867,-3.574660908092152,Z2,2024-12-02,15,18R/36L
345251,2024-12-04 14:59:06.030,2024-12-04 15:01:05.835,119.805,Heavy (larger than 136000 kg),40.49846843137579,-3.574629696932706,Z2,2024-12-04,15,18R/36L
345251,2024-12-05 15:34:09.733,2024-12-05 15:36:31.054,141.321,Heavy (larger than 136000 kg),40.49934768676758,-3.5746612548828125,Z4,2024-12-05,15,18R/36L
345251,2024-12-07 15:28:13.079,2024-12-07 15:29:55.791,102.712,Heavy (larger than 136000 kg),40.49927145747815,-3.574660908092152,Z2,2024-12-07,15,18R/36L
34754c,2024-12-01 15:45:52.969,2024-12-01 15:47:31.998,99.029,Medium 2 (between 34000 kg to 136000 kg),40.49803161621094,-3.57464599609375,Z3,2024-12-01,15,18R/36L
34754c,2024-12-02 11:35:35.633,2024-12-02 11:40:04.614,268.981,Medium 2 (between 34000 kg to 136000 kg),40.48060401011321,-3.5716646367853335,LC,2024-12-02,11,14R/32L
34754c,2024-12-03 15:00:15.548,2024-12-03 15:02:01.555,106.007,Medium 2 (between 34000 kg to 136000 kg),40.50599825584282,-3.559242595325817,Y1,2024-12-03,15,18L/36R
34754c,2024-12-05 14:58:02.400,2024-12-05 15:01:20.544,198.144,Medium 2 (between 34000 kg to 136000 kg),40.4981689453125,-3.57464599609375,Z3,2024-12-05,15,18R/36L
407600,2024-12-01 17:59:34.768,2024-12-01 18:02:43.219,188.451,Medium 2 (between 34000 kg to 136000 kg),40.497351177668165,-3.574614091352983,Z3,2024-12-01,18,18R/36L
4cae19,2024-12-03 04:59:01.131,2024-12-03 05:00:10.190,69.059,Medium 2 (between 34000 kg to 136000 kg),40.49825894630561,-3.574660908092152,Z2,2024-12-03,5,18R/36L
3445d4,2024-12-01 15:21:22.027,2024-12-01 15:23:11.731,109.704,Medium 2 (between 34000 kg to 136000 kg),40.49796799481925,-3.574629696932706,Z4,2024-12-01,15,18R/36L
3445d4,2024-12-02 10:50:45.264,2024-12-02 10:52:10.079,84.815,Medium 2 (between 34000 kg to 136000 kg),40.49190902709961,-3.5547943115234375,K2,2024-12-02,10,14L/32R
3445d4,2024-12-02 15:19:30.741,2024-12-02 15:21:33.964,123.223,Medium 2 (between 34000 kg to 136000 kg),40.50520686779992,-3.5592269897460938,Y1,2024-12-02,15,18L/36R
3445d4,2024-12-04 15:08:33.668,2024-12-04 15:11:53.049,199.381,Medium 2 (between 34000 kg to 136000 kg),40.49771195751126,-3.5746453025124287,Z4,2024-12-04,15,18R/36L
3445d4,2024-12-06 15:30:20.629,2024-12-06 15:32:06.723,106.094,Medium 2 (between 34000 kg to 136000 kg),40.50537872314453,-3.5592041015625,Y1,2024-12-06,15,18L/36R
3445d4,2024-12-07 08:14:33.560,2024-12-07 08:16:03.682,90.122,Medium 2 (between 34000 kg to 136000 kg),40.50463660288665,-3.5592113841663706,Y1,2024-12-07,8,18L/36R
3445d4,2024-12-07 15:17:45.063,2024-12-07 15:19:55.342,130.279,Medium 2 (between 34000 kg to 136000 kg),40.506134033203125,-3.5592193603515625,Y1,2024-12-07,15,18L/36R
347555,2024-12-02 14:33:35.467,2024-12-02 14:35:01.841,86.374,Heavy (larger than 136000 kg),40.49809601347325,-3.574676513671875,Z3,2024-12-02,14,18R/36L
347555,2024-12-04 14:24:53.896,2024-12-04 14:26:20.718,86.822,Heavy (larger than 136000 kg),40.49805450439453,-3.57464599609375,Z3,2024-12-04,14,18R/36L
347555,2024-12-06 11:22:45.545,2024-12-06 11:24:44.674,119.129,Heavy (larger than 136000 kg),40.49780506198689,-3.5746453025124287,Z1,2024-12-06,11,18R/36L
8960ec,2024-12-03 13:43:53.339,2024-12-03 13:47:16.680,203.341,Heavy (larger than 136000 kg),40.49996974104542,-3.574707724831321,Z3,2024-12-03,13,18R/36L
8960ec,2024-12-05 13:46:04.313,2024-12-05 13:47:31.795,87.482,Heavy (larger than 136000 kg),40.49981689453125,-3.5746612548828125,Z3,2024-12-05,13,18R/36L
aa9808,2024-12-04 15:13:31.756,2024-12-04 15:16:04.005,152.249,Heavy (larger than 136000 kg),40.49800290899761,-3.5746453025124287,Z3,2024-12-04,15,18R/36L
aa9808,2024-12-05 15:41:29.112,2024-12-05 15:43:22.183,113.071,Heavy (larger than 136000 kg),40.498270584365066,-3.574660908092152,Z1,2024-12-05,15,18R/36L
484161,2024-12-03 10:24:23.669,2024-12-03 10:26:01.292,97.623,Medium 2 (between 34000 kg to 136000 kg),40.50642013549805,-3.559234619140625,Y1,2024-12-03,10,18L/36R
06a069,2024-12-06 14:45:51.362,2024-12-06 14:47:26.320,94.958,Heavy (larger than 136000 kg),40.50670623779297,-3.5592193603515625,Y2,2024-12-06,14,18L/36R
3474cd,2024-12-01 15:54:47.644,2024-12-01 15:56:33.983,106.339,Heavy (larger than 136000 kg),40.498992919921875,-3.57464599609375,Z3,2024-12-01,15,18R/36L
471f71,2024-12-02 11:48:18.969,2024-12-02 11:50:27.877,128.908,Medium 2 (between 34000 kg to 136000 kg),40.49142837524414,-3.554290771484375,K2,2024-12-02,11,14L/32R
aac6f5,2024-12-02 15:39:23.132,2024-12-02 15:41:50.170,147.038,Heavy (larger than 136000 kg),40.498661041259766,-3.57464599609375,Z1,2024-12-02,15,18R/36L
aac6f5,2024-12-06 14:55:33.769,2024-12-06 14:58:20.359,166.59,Heavy (larger than 136000 kg),40.498695373535156,-3.57464599609375,Z1,2024-12-06,14,18R/36L
344307,2024-12-01 06:58:28.308,2024-12-01 07:00:19.044,110.736,Medium 1 (between 7000 kg and 34000 kg),40.49806594848633,-3.5746307373046875,Z4,2024-12-01,7,18R/36L
344307,2024-12-01 12:33:34.435,2024-12-01 12:35:15.165,100.73,Medium 1 (between 7000 kg and 34000 kg),40.498736106743245,-3.574629696932706,Z4,2024-12-01,12,18R/36L
344307,2024-12-02 07:03:43.840,2024-12-02 07:12:17.605,513.765,Medium 1 (between 7000 kg and 34000 kg),40.49856948852539,-3.57464599609375,Z6,2024-12-02,7,18R/36L
344307,2024-12-03 08:28:48.736,2024-12-03 08:31:13.402,144.666,Medium 1 (between 7000 kg and 34000 kg),40.49799127093816,-3.574676513671875,Z4,2024-12-03,8,18R/36L
344307,2024-12-04 06:57:29.975,2024-12-04 06:58:59.202,89.227,Medium 1 (between 7000 kg and 34000 kg),40.497493743896484,-3.5746307373046875,Z4,2024-12-04,6,18R/36L
344307,2024-12-05 06:51:37.667,2024-12-05 06:52:58.384,80.717,Medium 1 (between 7000 kg and 34000 kg),40.49886412539725,-3.574660908092152,Z4,2024-12-05,6,18R/36L
344307,2024-12-06 14:03:30.279,2024-12-06 14:04:44.784,74.505,Medium 1 (between 7000 kg and 34000 kg),40.50544738769531,-3.559234619140625,Y1,2024-12-06,14,18L/36R
344307,2024-12-07 06:57:40.018,2024-12-07 07:00:29.061,169.043,Medium 1 (between 7000 kg and 34000 kg),40.49747919632217,-3.574629696932706,Z4,2024-12-07,7,18R/36L
4cadc4,2024-12-02 19:56:58.423,2024-12-02 19:57:56.568,58.145,Medium 2 (between 34000 kg to 136000 kg),40.50572204589844,-3.559234619140625,Y1,2024-12-02,19,18L/36R
4d02d7,2024-12-03 15:46:27.446,2024-12-03 15:47:54.976,87.53,Medium 1 (between 7000 kg and 34000 kg),40.498363688840705,-3.5746453025124287,Z2,2024-12-03,15,18R/36L
4d2300,2024-12-04 12:57:28.944,2024-12-04 12:58:46.431,77.487,Medium 2 (between 34000 kg to 136000 kg),40.49757385253906,-3.57464599609375,Z2,2024-12-04,12,18R/36L
4d2300,2024-12-04 20:11:22.391,2024-12-04 20:14:31.160,188.769,Medium 2 (between 34000 kg to 136000 kg),40.49660110473633,-3.57464599609375,Z2,2024-12-04,20,18R/36L
346303,2024-12-01 06:29:27.839,2024-12-01 06:31:03.915,96.076,Medium 2 (between 34000 kg to 136000 kg),40.497118416479076,-3.5746453025124287,Z4,2024-12-01,6,18R/36L
346303,2024-12-03 15:28:32.646,2024-12-03 15:30:08.605,95.959,Medium 2 (between 34000 kg to 136000 kg),40.50570730435646,-3.5592269897460938,Y1,2024-12-03,15,18L/36R
346303,2024-12-04 06:42:10.661,2024-12-04 06:43:24.057,73.396,Medium 2 (between 34000 kg to 136000 kg),40.50534439086914,-3.559234619140625,Y1,2024-12-04,6,18L/36R
346303,2024-12-04 14:10:56.940,2024-12-04 14:12:32.943,96.003,Medium 2 (between 34000 kg to 136000 kg),40.505802154541016,-3.5592498779296875,Y1,2024-12-04,14,18L/36R
346303,2024-12-05 19:23:29.591,2024-12-05 19:24:26.738,57.147,Medium 2 (between 34000 kg to 136000 kg),40.49940490722656,-3.574676513671875,Z4,2024-12-05,19,18R/36L
346303,2024-12-06 06:27:21.884,2024-12-06 06:28:56.887,95.003,Medium 2 (between 34000 kg to 136000 kg),40.49760818481445,-3.57464599609375,Z4,2024-12-06,6,18R/36L
39bda0,2024-12-02 19:37:09.024,2024-12-02 19:39:49.192,160.168,Medium 2 (between 34000 kg to 136000 kg),40.50698749089645,-3.5592269897460938,Y1,2024-12-02,19,18L/36R
4bb28f,2024-12-05 11:21:05.290,2024-12-05 11:22:22.638,77.348,Medium 2 (between 34000 kg to 136000 kg),40.50571060180664,-3.559234619140625,Y1,2024-12-05,11,18L/36R
4d222c,2024-12-07 13:21:59.480,2024-12-07 13:24:34.451,154.971,Medium 2 (between 34000 kg to 136000 kg),40.4973162634898,-3.574660908092152,Z2,2024-12-07,13,18R/36L
342090,2024-12-01 09:05:22.532,2024-12-01 09:07:59.546,157.014,Medium 2 (between 34000 kg to 136000 kg),40.497770147808524,-3.574660908092152,Z4,2024-12-01,9,18R/36L
342090,2024-12-02 15:10:52.231,2024-12-02 15:13:21.291,149.06,Medium 2 (between 34000 kg to 136000 kg),40.4966528941009,-3.5746453025124287,Z3,2024-12-02,15,18R/36L
342090,2024-12-03 15:43:18.044,2024-12-03 15:44:14.297,56.253,Medium 2 (between 34000 kg to 136000 kg),40.50576549465373,-3.5592269897460938,Y1,2024-12-03,15,18L/36R
342090,2024-12-05 12:40:19.323,2024-12-05 12:41:08.196,48.873,Medium 2 (between 34000 kg to 136000 kg),40.499210357666016,-3.57464599609375,Z4,2024-12-05,12,18R/36L
342090,2024-12-06 08:00:19.614,2024-12-06 08:02:45.111,145.497,Medium 2 (between 34000 kg to 136000 kg),40.49757385253906,-3.5746307373046875,Z3,2024-12-06,8,18R/36L
342090,2024-12-06 22:17:53.155,2024-12-06 22:19:05.705,72.55,Medium 2 (between 34000 kg to 136000 kg),40.498712830624335,-3.574660908092152,Z4,2024-12-06,22,18R/36L
4cae67,2024-12-01 11:19:44.306,2024-12-01 11:22:29.987,165.681,Medium 2 (between 34000 kg to 136000 kg),40.49733953960871,-3.5746453025124287,Z2,2024-12-01,11,18R/36L
4cae67,2024-12-02 15:48:20.589,2024-12-02 15:50:42.078,141.489,Medium 2 (between 34000 kg to 136000 kg),40.496726989746094,-3.57464599609375,Z2,2024-12-02,15,18R/36L
4cae67,2024-12-03 05:33:38.003,2024-12-03 05:35:23.716,105.713,Medium 2 (between 34000 kg to 136000 kg),40.49901542017015,-3.574660908092152,Z4,2024-12-03,5,18R/36L
4cae67,2024-12-05 10:03:34.819,2024-12-05 10:05:13.699,98.88,Medium 2 (between 34000 kg to 136000 kg),40.49729919433594,-3.5746307373046875,Z2,2024-12-05,10,18R/36L
010236,2024-12-06 12:27:24.182,2024-12-06 12:28:23.023,58.841,Medium 2 (between 34000 kg to 136000 kg),40.50611463643737,-3.5592113841663706,Y1,2024-12-06,12,18L/36R
4d212f,2024-12-04 15:11:38.750,2024-12-04 15:13:49.558,130.808,Medium 2 (between 34000 kg to 136000 kg),40.49662399291992,-3.5746307373046875,Z2,2024-12-04,15,18R/36L
740744,2024-12-02 14:45:00.687,2024-12-02 14:47:58.882,178.195,Medium 2 (between 34000 kg to 136000 kg),40.50518359168101,-3.5592269897460938,Y2,2024-12-02,14,18L/36R
06a2f1,2024-12-04 20:40:08.207,2024-12-04 20:41:34.193,85.986,Heavy (larger than 136000 kg),40.50642886404263,-3.559242595325817,Y2,2024-12-04,20,18L/36R
4d2208,2024-12-04 09:33:28.288,2024-12-04 09:35:07.623,99.335,Medium 2 (between 34000 kg to 136000 kg),40.504554748535156,-3.5591888427734375,Y1,2024-12-04,9,18L/36R
aa1a16,2024-12-02 12:04:50.967,2024-12-02 12:07:04.868,133.901,Heavy (larger than 136000 kg),40.480080297437766,-3.5711184414950283,LE,2024-12-02,12,14R/32L
345687,2024-12-07 07:27:43.895,2024-12-07 07:29:46.038,122.143,Medium 2 (between 34000 kg to 136000 kg),40.505332946777344,-3.5592193603515625,Y1,2024-12-07,7,18L/36R
495151,2024-12-02 14:23:41.357,2024-12-02 14:25:19.742,98.385,Medium 2 (between 34000 kg to 136000 kg),40.496932207527806,-3.574660908092152,Z2,2024-12-02,14,18R/36L
4d24cb,2024-12-02 16:12:02.211,2024-12-02 16:13:46.113,103.902,Medium 2 (between 34000 kg to 136000 kg),40.50569566629701,-3.5592113841663706,Y2,2024-12-02,16,18L/36R
3c6669,2024-12-02 06:51:56.774,2024-12-02 06:53:22.385,85.611,Medium 2 (between 34000 kg to 136000 kg),40.505916595458984,-3.5592041015625,Y1,2024-12-02,6,18L/36R
4063de,2024-12-02 11:29:27.389,2024-12-02 11:30:55.924,88.535,Medium 2 (between 34000 kg to 136000 kg),40.48140703621557,-3.5726165771484375,LE,2024-12-02,11,14R/32L
44cdcd,2024-12-04 16:44:31.592,2024-12-04 16:45:40.477,68.885,Medium 2 (between 34000 kg to 136000 kg),40.49830549854343,-3.574629696932706,Z2,2024-12-04,16,18R/36L
34644b,2024-12-04 10:39:38.381,2024-12-04 10:41:14.664,96.283,Medium 2 (between 34000 kg to 136000 kg),40.496722722457626,-3.5746453025124287,Z4,2024-12-04,10,18R/36L
34644b,2024-12-05 06:31:14.925,2024-12-05 06:32:54.810,99.885,Medium 2 (between 34000 kg to 136000 kg),40.50504393496756,-3.5592269897460938,Y1,2024-12-05,6,18L/36R
34644b,2024-12-05 22:49:51.390,2024-12-05 22:51:46.052,114.662,Medium 2 (between 34000 kg to 136000 kg),40.497596740722656,-3.57464599609375,Z4,2024-12-05,22,18R/36L
34644b,2024-12-06 07:57:14.016,2024-12-06 07:58:19.351,65.335,Medium 2 (between 34000 kg to 136000 kg),40.49856948852539,-3.57464599609375,Z4,2024-12-06,7,18R/36L
34644b,2024-12-06 15:11:10.183,2024-12-06 15:13:34.716,144.533,Medium 2 (between 34000 kg to 136000 kg),40.498922315694514,-3.574660908092152,Z4,2024-12-06,15,18R/36L
34644b,2024-12-07 07:57:54.672,2024-12-07 07:59:20.591,85.919,Medium 2 (between 34000 kg to 136000 kg),40.498146057128906,-3.57464599609375,Z4,2024-12-07,7,18R/36L
34644b,2024-12-07 15:06:27.768,2024-12-07 15:07:56.621,88.853,Medium 2 (between 34000 kg to 136000 kg),40.50556182861328,-3.5592193603515625,Y1,2024-12-07,15,18L/36R
440237,2024-12-02 13:50:27.819,2024-12-02 13:52:23.080,115.261,Medium 2 (between 34000 kg to 136000 kg),40.505381438691735,-3.559242595325817,Y1,2024-12-02,13,18L/36R
4d22b7,2024-12-04 07:09:39.221,2024-12-04 07:12:13.962,154.741,Medium 2 (between 34000 kg to 136000 kg),40.505614199880824,-3.5592269897460938,Y1,2024-12-04,7,18L/36R
4d22b7,2024-12-04 12:31:01.637,2024-12-04 12:32:11.877,70.24,Medium 2 (between 34000 kg to 136000 kg),40.50501251220703,-3.5592193603515625,Y1,2024-12-04,12,18L/36R
4d22b7,2024-12-05 12:20:58.248,2024-12-05 12:23:03.670,125.422,Medium 2 (between 34000 kg to 136000 kg),40.50677490234375,-3.559173583984375,Y2,2024-12-05,12,18L/36R
781aa6,2024-12-05 09:50:27.575,2024-12-05 09:52:51.736,144.161,Heavy (larger than 136000 kg),40.4981803894043,-3.5746307373046875,Z2,2024-12-05,9,18R/36L
348212,2024-12-01 15:56:23.179,2024-12-01 15:59:08.967,165.788,Medium 2 (between 34000 kg to 136000 kg),40.49446105957031,-3.5746307373046875,Z2,2024-12-01,15,18R/36L
348212,2024-12-03 15:55:49.693,2024-12-03 15:57:09.700,80.007,Medium 2 (between 34000 kg to 136000 kg),40.49569857322563,-3.574629696932706,Z4,2024-12-03,15,18R/36L
348212,2024-12-04 15:57:52.552,2024-12-04 16:00:39.993,167.441,Medium 2 (between 34000 kg to 136000 kg),40.49424362182617,-3.5746307373046875,Z2,2024-12-04,16,18R/36L
341682,2024-12-01 12:41:27.808,2024-12-01 12:44:03.151,155.343,Medium 2 (between 34000 kg to 136000 kg),40.49834060668945,-3.5746307373046875,Z4,2024-12-01,12,18R/36L
341682,2024-12-02 17:38:45.527,2024-12-02 17:39:52.761,67.234,Medium 2 (between 34000 kg to 136000 kg),40.50525342003774,-3.5591957785866475,Y1,2024-12-02,17,18L/36R
341682,2024-12-04 15:23:03.081,2024-12-04 15:26:45.688,222.607,Medium 2 (between 34000 kg to 136000 kg),40.49798583984375,-3.57464599609375,Z4,2024-12-04,15,18R/36L
341682,2024-12-05 09:29:58.223,2024-12-05 09:33:32.388,214.165,Medium 2 (between 34000 kg to 136000 kg),40.498111724853516,-3.5746307373046875,Z4,2024-12-05,9,18R/36L
341682,2024-12-05 16:50:30.351,2024-12-05 16:52:04.448,94.097,Medium 2 (between 34000 kg to 136000 kg),40.49858093261719,-3.5746612548828125,Z4,2024-12-05,16,18R/36L
3420cc,2024-12-01 19:13:51.913,2024-12-01 19:15:55.956,124.043,Medium 2 (between 34000 kg to 136000 kg),40.49898147583008,-3.574676513671875,Z4,2024-12-01,19,18R/36L
3420cc,2024-12-02 10:53:30.915,2024-12-02 10:56:45.733,194.818,Medium 2 (between 34000 kg to 136000 kg),40.48109436035156,-3.5721588134765625,LD,2024-12-02,10,14R/32L
3420cc,2024-12-02 15:52:06.997,2024-12-02 15:55:01.245,174.248,Medium 2 (between 34000 kg to 136000 kg),40.49808883666992,-3.57464599609375,Z4,2024-12-02,15,18R/36L
3420cc,2024-12-04 09:40:58.137,2024-12-04 09:42:39.220,101.083,Medium 2 (between 34000 kg to 136000 kg),40.50385665893555,-3.5592193603515625,Y1,2024-12-04,9,18L/36R
3420cc,2024-12-04 15:15:49.555,2024-12-04 15:20:05.832,256.277,Medium 2 (between 34000 kg to 136000 kg),40.49858093261719,-3.57464599609375,Z4,2024-12-04,15,18R/36L
3420cc,2024-12-05 19:16:02.622,2024-12-05 19:17:50.948,108.326,Medium 2 (between 34000 kg to 136000 kg),40.4986197261487,-3.574676513671875,Z4,2024-12-05,19,18R/36L
3420cc,2024-12-06 06:28:39.220,2024-12-06 06:30:31.880,112.66,Medium 2 (between 34000 kg to 136000 kg),40.49802017211914,-3.57464599609375,Z4,2024-12-06,6,18R/36L
3420cc,2024-12-07 16:18:32.283,2024-12-07 16:20:24.939,112.656,Medium 2 (between 34000 kg to 136000 kg),40.50518359168101,-3.5592738064852627,Y2,2024-12-07,16,18L/36R
3e272b,2024-12-02 13:06:14.039,2024-12-02 13:09:06.581,172.542,Light (less than 7000 kg),40.507185337907174,-3.5592269897460938,Y1,2024-12-02,13,18L/36R
8964bb,2024-12-07 09:06:32.176,2024-12-07 09:08:27.499,115.323,Heavy (larger than 136000 kg),40.506603434934455,-3.5592113841663706,Y3,2024-12-07,9,18L/36R
48af0f,2024-12-05 15:03:57.222,2024-12-05 15:05:28.759,91.537,Medium 2 (between 34000 kg to 136000 kg),40.50677490234375,-3.559234619140625,Y2,2024-12-05,15,18L/36R
48af0f,2024-12-06 15:02:51.153,2024-12-06 15:04:13.937,82.784,Medium 2 (between 34000 kg to 136000 kg),40.50672912597656,-3.5592193603515625,Y2,2024-12-06,15,18L/36R
4ca645,2024-12-07 20:17:04.328,2024-12-07 20:18:10.472,66.144,Medium 2 (between 34000 kg to 136000 kg),40.49675763663599,-3.5746453025124287,Z4,2024-12-07,20,18R/36L
4d24e5,2024-12-01 10:38:24.064,2024-12-01 10:41:34.773,190.709,Heavy (larger than 136000 kg),40.49853515625,-3.5746612548828125,Z2,2024-12-01,10,18R/36L
4d24e5,2024-12-05 11:57:08.987,2024-12-05 11:59:13.878,124.891,Heavy (larger than 136000 kg),40.49940490722656,-3.57464599609375,Z4,2024-12-05,11,18R/36L
4d24e5,2024-12-07 12:01:28.471,2024-12-07 12:04:25.926,177.455,Heavy (larger than 136000 kg),40.4989013671875,-3.574615478515625,Z2,2024-12-07,12,18R/36L
3451d8,2024-12-01 15:26:53.241,2024-12-01 15:29:02.073,128.832,Medium 2 (between 34000 kg to 136000 kg),40.50568771362305,-3.5592193603515625,Y1,2024-12-01,15,18L/36R
3451d8,2024-12-02 07:15:59.907,2024-12-02 07:17:39.681,99.774,Medium 2 (between 34000 kg to 136000 kg),40.50571894241592,-3.5592113841663706,Y1,2024-12-02,7,18L/36R
3451d8,2024-12-02 10:48:56.212,2024-12-02 10:53:15.317,259.105,Medium 2 (between 34000 kg to 136000 kg),40.48069711458885,-3.571758270263672,LD,2024-12-02,10,14R/32L
3451d8,2024-12-02 15:13:37.627,2024-12-02 15:15:32.845,115.218,Medium 2 (between 34000 kg to 136000 kg),40.50535583496094,-3.5592193603515625,Y1,2024-12-02,15,18L/36R
3451d8,2024-12-03 09:33:46.028,2024-12-03 09:35:26.759,100.731,Medium 2 (between 34000 kg to 136000 kg),40.506347397626456,-3.5592269897460938,Y1,2024-12-03,9,18L/36R
3451d8,2024-12-03 15:25:30.876,2024-12-03 15:27:19.311,108.435,Medium 2 (between 34000 kg to 136000 kg),40.50569566629701,-3.5592269897460938,Y1,2024-12-03,15,18L/36R
3451d8,2024-12-07 08:16:33.226,2024-12-07 08:17:53.494,80.268,Medium 2 (between 34000 kg to 136000 kg),40.50534439086914,-3.5592193603515625,Y1,2024-12-07,8,18L/36R
3451d8,2024-12-07 15:16:09.538,2024-12-07 15:17:58.103,108.565,Medium 2 (between 34000 kg to 136000 kg),40.505753856594275,-3.5592269897460938,Y1,2024-12-07,15,18L/36R
471daf,2024-12-03 19:43:37.485,2024-12-03 19:45:04.511,87.026,Medium 2 (between 34000 kg to 136000 kg),40.505032296908105,-3.5592113841663706,Y1,2024-12-03,19,18L/36R
494104,2024-12-07 16:31:33.494,2024-12-07 16:33:38.097,124.603,Medium 1 (between 7000 kg and 34000 kg),40.49604771500927,-3.5746453025124287,Z2,2024-12-07,16,18R/36L
342210,2024-12-03 15:31:10.529,2024-12-03 15:33:01.444,110.915,Medium 2 (between 34000 kg to 136000 kg),40.50559616088867,-3.5592193603515625,Y1,2024-12-03,15,18L/36R
342210,2024-12-05 05:55:20.548,2024-12-05 05:58:22.217,181.669,Medium 2 (between 34000 kg to 136000 kg),40.497921442581436,-3.5746453025124287,Z4,2024-12-05,5,18R/36L
3434ce,2024-12-04 07:38:53.444,2024-12-04 07:40:46.509,113.065,Medium 1 (between 7000 kg and 34000 kg),40.50289535522461,-3.5592041015625,Y1,2024-12-04,7,18L/36R
485a32,2024-12-02 05:20:39.086,2024-12-02 05:23:14.809,155.723,Medium 2 (between 34000 kg to 136000 kg),40.49842071533203,-3.5746307373046875,Z2,2024-12-02,5,18R/36L
4cac1e,2024-12-02 11:44:45.654,2024-12-02 11:46:23.687,98.033,Medium 2 (between 34000 kg to 136000 kg),40.480918237718484,-3.571992353959517,LA,2024-12-02,11,14R/32L
4cac1e,2024-12-03 20:56:26.280,2024-12-03 20:58:44.673,138.393,Medium 2 (between 34000 kg to 136000 kg),40.496646881103516,-3.57464599609375,Z2,2024-12-03,20,18R/36L
4cac1e,2024-12-06 05:35:13.727,2024-12-06 05:36:56.431,102.704,Medium 2 (between 34000 kg to 136000 kg),40.49743264408435,-3.5746453025124287,Z2,2024-12-06,5,18R/36L
4cac1e,2024-12-06 16:25:05.701,2024-12-06 16:26:50.822,105.121,Medium 2 (between 34000 kg to 136000 kg),40.50553273346464,-3.5592269897460938,Y1,2024-12-06,16,18L/36R
4d2265,2024-12-06 14:08:47.052,2024-12-06 14:10:15.448,88.396,Medium 2 (between 34000 kg to 136000 kg),40.5066032409668,-3.559234619140625,Y1,2024-12-06,14,18L/36R
347648,2024-12-04 11:57:18.991,2024-12-04 11:59:35.327,136.336,Medium 2 (between 34000 kg to 136000 kg),40.49394122624801,-3.574629696932706,Z2,2024-12-04,11,18R/36L
347648,2024-12-07 19:18:11.059,2024-12-07 19:19:54.912,103.853,Medium 2 (between 34000 kg to 136000 kg),40.49435806274414,-3.5746307373046875,Z2,2024-12-07,19,18R/36L
484cb4,2024-12-03 16:12:03.385,2024-12-03 16:12:51.908,48.523,Medium 2 (between 34000 kg to 136000 kg),40.50631248344809,-3.5592269897460938,Y1,2024-12-03,16,18L/36R
484cb4,2024-12-05 10:11:28.616,2024-12-05 10:13:06.079,97.463,Medium 2 (between 34000 kg to 136000 kg),40.498480069435246,-3.574629696932706,Z2,2024-12-05,10,18R/36L
aac33e,2024-12-01 00:38:08.329,2024-12-01 00:39:48.750,100.421,Heavy (larger than 136000 kg),40.49773523363016,-3.5746453025124287,Z1,2024-12-01,0,18R/36L
aac33e,2024-12-05 07:58:00.556,2024-12-05 08:00:30.792,150.236,Heavy (larger than 136000 kg),40.497560662738344,-3.574629696932706,Z1,2024-12-05,8,18R/36L
e8027a,2024-12-02 10:56:41.623,2024-12-02 11:00:02.986,201.363,Heavy (larger than 136000 kg),40.480018615722656,-3.571075439453125,LE,2024-12-02,11,14R/32L
010245,2024-12-04 14:22:54.143,2024-12-04 14:24:05.091,70.948,Medium 2 (between 34000 kg to 136000 kg),40.50590515136719,-3.5592269897460938,Y1,2024-12-04,14,18L/36R
3423c4,2024-12-01 08:21:45.863,2024-12-01 08:23:49.287,123.424,Medium 2 (between 34000 kg to 136000 kg),40.50502065884865,-3.5592269897460938,Y1,2024-12-01,8,18L/36R
3423c4,2024-12-03 15:01:44.392,2024-12-03 15:03:23.961,99.569,Medium 2 (between 34000 kg to 136000 kg),40.505619049072266,-3.5592193603515625,Y1,2024-12-03,15,18L/36R
3423c4,2024-12-05 09:30:46.060,2024-12-05 09:32:17.972,91.912,Medium 2 (between 34000 kg to 136000 kg),40.5054817199707,-3.5592193603515625,Y1,2024-12-05,9,18L/36R
3423c4,2024-12-06 11:21:24.170,2024-12-06 11:22:56.411,92.241,Medium 2 (between 34000 kg to 136000 kg),40.505521095405186,-3.5592269897460938,Y1,2024-12-06,11,18L/36R
e94c89,2024-12-04 15:54:28.742,2024-12-04 15:56:24.579,115.837,Heavy (larger than 136000 kg),40.498945591813424,-3.5746453025124287,Z3,2024-12-04,15,18R/36L
e94c89,2024-12-07 15:35:32.727,2024-12-07 15:38:18.332,165.605,Heavy (larger than 136000 kg),40.49865464032706,-3.574660908092152,Z3,2024-12-07,15,18R/36L
34510a,2024-12-03 12:04:56.014,2024-12-03 12:07:01.918,125.904,Heavy (larger than 136000 kg),40.498111724853516,-3.57464599609375,Z1,2024-12-03,12,18R/36L
34510a,2024-12-04 16:04:08.156,2024-12-04 16:05:42.059,93.903,Heavy (larger than 136000 kg),40.498695373535156,-3.57464599609375,Z3,2024-12-04,16,18R/36L
34510a,2024-12-05 13:05:12.832,2024-12-05 13:07:06.660,113.828,Heavy (larger than 136000 kg),40.49875259399414,-3.57464599609375,Z1,2024-12-05,13,18R/36L
34510a,2024-12-06 13:46:55.232,2024-12-07 23:22:51.394,120956.162,Heavy (larger than 136000 kg),40.498260498046875,-3.57464599609375,KA8,2024-12-07,23,18R/36L
4bb285,2024-12-05 14:54:58.387,2024-12-05 14:56:39.117,100.73,Medium 2 (between 34000 kg to 136000 kg),40.50617980957031,-3.5592193603515625,Y2,2024-12-05,14,18L/36R
347659,2024-12-03 08:14:25.012,2024-12-03 08:15:51.155,86.143,Heavy (larger than 136000 kg),40.49795150756836,-3.57464599609375,Z3,2024-12-03,8,18R/36L
347659,2024-12-04 10:56:46.790,2024-12-04 23:08:36.306,43909.516,Heavy (larger than 136000 kg),40.49812316894531,-3.574615478515625,KA6,2024-12-04,23,18R/36L
347659,2024-12-06 11:07:12.413,2024-12-06 11:09:53.504,161.091,Heavy (larger than 136000 kg),40.497746871689614,-3.5746453025124287,Z1,2024-12-06,11,18R/36L
4010e9,2024-12-02 18:51:21.737,2024-12-02 18:53:30.747,129.01,Medium 2 (between 34000 kg to 136000 kg),40.49748229980469,-3.57464599609375,Z2,2024-12-02,18,18R/36L
4911ec,2024-12-02 16:14:12.820,2024-12-02 16:16:10.898,118.078,Light (less than 7000 kg),40.498899039575605,-3.574676513671875,Z2,2024-12-02,16,18R/36L
4951d9,2024-12-03 14:34:49.642,2024-12-03 14:36:35.448,105.806,Medium 2 (between 34000 kg to 136000 kg),40.497374453787074,-3.574832569469105,Z2,2024-12-03,14,18R/36L
4951d9,2024-12-04 14:40:58.819,2024-12-04 14:42:49.416,110.597,Medium 2 (between 34000 kg to 136000 kg),40.49711608886719,-3.5748443603515625,Z2,2024-12-04,14,18R/36L
345385,2024-12-06 11:17:43.666,2024-12-06 11:19:32.588,108.922,Medium 2 (between 34000 kg to 136000 kg),40.49898147583008,-3.57464599609375,Z4,2024-12-06,11,18R/36L
3474da,2024-12-01 20:02:28.155,2024-12-01 20:04:18.537,110.382,Medium 2 (between 34000 kg to 136000 kg),40.498741149902344,-3.5746917724609375,Z4,2024-12-01,20,18R/36L
3474da,2024-12-04 06:50:27.898,2024-12-04 06:51:52.209,84.311,Medium 2 (between 34000 kg to 136000 kg),40.50605644614009,-3.5592269897460938,Y2,2024-12-04,6,18L/36R
3474da,2024-12-04 19:30:24.874,2024-12-04 19:32:09.618,104.744,Medium 2 (between 34000 kg to 136000 kg),40.49846843137579,-3.574660908092152,Z4,2024-12-04,19,18R/36L
3474da,2024-12-05 18:01:55.506,2024-12-05 18:03:34.810,99.304,Medium 2 (between 34000 kg to 136000 kg),40.49853515625,-3.5746307373046875,Z4,2024-12-05,18,18R/36L
3474da,2024-12-06 06:41:07.667,2024-12-06 06:43:46.128,158.461,Medium 2 (between 34000 kg to 136000 kg),40.49814256571107,-3.574660908092152,Z4,2024-12-06,6,18R/36L
3474da,2024-12-06 10:47:50.427,2024-12-06 10:49:33.044,102.617,Medium 2 (between 34000 kg to 136000 kg),40.49803161621094,-3.57464599609375,Z4,2024-12-06,10,18R/36L
3474da,2024-12-07 07:22:20.507,2024-12-07 07:23:55.265,94.758,Medium 2 (between 34000 kg to 136000 kg),40.498130927651616,-3.5746453025124287,Z4,2024-12-07,7,18R/36L
aabf87,2024-12-01 10:18:36.010,2024-12-01 10:21:29.247,173.237,Heavy (larger than 136000 kg),40.4975723007978,-3.5746453025124287,Z1,2024-12-01,10,18R/36L
aabf87,2024-12-02 10:40:38.604,2024-12-02 10:43:12.611,154.007,Heavy (larger than 136000 kg),40.48013848773503,-3.5711964693936435,LE,2024-12-02,10,14R/32L
342105,2024-12-01 12:26:48.135,2024-12-01 12:30:20.124,211.989,Medium 2 (between 34000 kg to 136000 kg),40.49837532690016,-3.574629696932706,Z4,2024-12-01,12,18R/36L
342105,2024-12-02 11:05:36.640,2024-12-02 11:07:06.444,89.804,Medium 2 (between 34000 kg to 136000 kg),40.480979919433594,-3.572052001953125,LE,2024-12-02,11,14R/32L
342105,2024-12-03 08:06:42.960,2024-12-03 08:08:08.510,85.55,Medium 2 (between 34000 kg to 136000 kg),40.4974479675293,-3.57464599609375,Z3,2024-12-03,8,18R/36L
342105,2024-12-03 14:59:07.386,2024-12-03 15:00:36.484,89.098,Medium 2 (between 34000 kg to 136000 kg),40.50532150268555,-3.559234619140625,Y1,2024-12-03,15,18L/36R
342105,2024-12-04 15:18:53.827,2024-12-04 15:20:33.022,99.195,Medium 2 (between 34000 kg to 136000 kg),40.506591796875,-3.5592269897460938,Y2,2024-12-04,15,18L/36R
342105,2024-12-05 15:14:43.282,2024-12-05 15:17:12.635,149.353,Medium 2 (between 34000 kg to 136000 kg),40.49879429704052,-3.574660908092152,Z4,2024-12-05,15,18R/36L
342105,2024-12-06 11:16:18.504,2024-12-06 11:18:06.725,108.221,Medium 2 (between 34000 kg to 136000 kg),40.49821239406779,-3.5746453025124287,Z4,2024-12-06,11,18R/36L
342105,2024-12-06 23:20:54.684,2024-12-06 23:23:30.472,155.788,Medium 2 (between 34000 kg to 136000 kg),40.4975723007978,-3.574614091352983,Z4,2024-12-06,23,18R/36L
342105,2024-12-07 14:49:18.785,2024-12-07 14:52:30.041,191.256,Medium 2 (between 34000 kg to 136000 kg),40.4985466003418,-3.5746612548828125,Z4,2024-12-07,14,18R/36L
345559,2024-12-03 15:27:17.357,2024-12-03 15:28:38.505,81.148,Medium 2 (between 34000 kg to 136000 kg),40.494767528469275,-3.574629696932706,Z2,2024-12-03,15,18R/36L
40780e,2024-12-06 10:14:33.405,2024-12-06 10:15:35.583,62.178,Medium 2 (between 34000 kg to 136000 kg),40.49760721497616,-3.5746453025124287,Z3,2024-12-06,10,18R/36L
344648,2024-12-01 08:26:27.972,2024-12-01 08:28:21.657,113.685,Medium 2 (between 34000 kg to 136000 kg),40.50588187524828,-3.5592113841663706,Y1,2024-12-01,8,18L/36R
344648,2024-12-01 15:24:34.462,2024-12-01 15:26:13.640,99.178,Medium 2 (between 34000 kg to 136000 kg),40.506347397626456,-3.5592113841663706,Y2,2024-12-01,15,18L/36R
344648,2024-12-03 15:24:27.464,2024-12-03 15:25:57.465,90.001,Medium 2 (between 34000 kg to 136000 kg),40.50494384765625,-3.5592193603515625,Y1,2024-12-03,15,18L/36R
344648,2024-12-03 19:41:21.624,2024-12-03 19:43:36.867,135.243,Medium 2 (between 34000 kg to 136000 kg),40.50542449951172,-3.559234619140625,Y1,2024-12-03,19,18L/36R
344648,2024-12-04 11:35:28.268,2024-12-04 11:37:22.265,113.997,Medium 2 (between 34000 kg to 136000 kg),40.504624964827194,-3.5592269897460938,Y1,2024-12-04,11,18L/36R
344648,2024-12-05 19:11:17.673,2024-12-05 19:12:19.300,61.627,Medium 2 (between 34000 kg to 136000 kg),40.49832877466234,-3.574660908092152,Z4,2024-12-05,19,18R/36L
344648,2024-12-06 06:33:20.521,2024-12-06 06:35:02.069,101.548,Medium 2 (between 34000 kg to 136000 kg),40.49788652840307,-3.5746453025124287,Z4,2024-12-06,6,18R/36L
344648,2024-12-06 10:43:01.179,2024-12-06 10:46:02.910,181.731,Medium 2 (between 34000 kg to 136000 kg),40.49800290899761,-3.5746453025124287,Z4,2024-12-06,10,18R/36L
344648,2024-12-06 16:03:12.559,2024-12-06 16:04:21.939,69.38,Medium 2 (between 34000 kg to 136000 kg),40.4988899230957,-3.5746612548828125,Z4,2024-12-06,16,18R/36L
4010ea,2024-12-04 11:10:22.090,2024-12-04 11:12:08.257,106.167,Medium 2 (between 34000 kg to 136000 kg),40.49708350230071,-3.5746453025124287,Z2,2024-12-04,11,18R/36L
49130d,2024-12-06 14:05:39.980,2024-12-06 14:08:44.784,184.804,Medium 1 (between 7000 kg and 34000 kg),40.50593948364258,-3.559234619140625,Y1,2024-12-06,14,18L/36R
aa9f76,2024-12-03 10:53:58.165,2024-12-03 10:55:35.370,97.205,Heavy (larger than 136000 kg),40.498549897791975,-3.574660908092152,Z3,2024-12-03,10,18R/36L
aa9f76,2024-12-04 10:08:25.623,2024-12-04 10:09:48.979,83.356,Heavy (larger than 136000 kg),40.49700164794922,-3.57464599609375,Z3,2024-12-04,10,18R/36L
aa9f76,2024-12-05 10:19:51.495,2024-12-05 10:20:54.885,63.39,Heavy (larger than 136000 kg),40.49863136420816,-3.574660908092152,Z3,2024-12-05,10,18R/36L
c0611f,2024-12-02 11:40:59.798,2024-12-02 11:42:38.739,98.941,Heavy (larger than 136000 kg),40.479068756103516,-3.5700836181640625,LE,2024-12-02,11,14R/32L
347691,2024-12-03 06:55:56.007,2024-12-03 06:58:06.035,130.028,Heavy (larger than 136000 kg),40.50625991821289,-3.5591888427734375,Y1,2024-12-03,6,18L/36R
347691,2024-12-03 15:57:37.837,2024-12-03 15:59:05.458,87.621,Heavy (larger than 136000 kg),40.49872446868379,-3.574660908092152,Z2,2024-12-03,15,18R/36L
347691,2024-12-04 15:52:27.392,2024-12-04 15:54:27.579,120.187,Heavy (larger than 136000 kg),40.49863815307617,-3.5746612548828125,Z2,2024-12-04,15,18R/36L
347691,2024-12-05 15:59:55.662,2024-12-05 16:02:02.747,127.085,Heavy (larger than 136000 kg),40.49897003173828,-3.5746612548828125,Z2,2024-12-05,16,18R/36L
345353,2024-12-03 16:06:15.385,2024-12-03 16:08:44.989,149.604,Heavy (larger than 136000 kg),40.498924255371094,-3.5746307373046875,Z2,2024-12-03,16,18R/36L
8964c3,2024-12-07 20:28:29.504,2024-12-07 20:29:46.648,77.144,Heavy (larger than 136000 kg),40.50450858423265,-3.5592113841663706,Y1,2024-12-07,20,18L/36R
40762c,2024-12-02 14:56:32.888,2024-12-02 14:58:35.797,122.909,Medium 2 (between 34000 kg to 136000 kg),40.49790573120117,-3.57464599609375,Z2,2024-12-02,14,18R/36L
40762c,2024-12-03 14:59:47.583,2024-12-03 15:01:26.347,98.764,Medium 2 (between 34000 kg to 136000 kg),40.49911880493164,-3.5746612548828125,Z4,2024-12-03,15,18R/36L
40762c,2024-12-04 15:01:03.485,2024-12-04 15:04:49.985,226.5,Medium 2 (between 34000 kg to 136000 kg),40.49725341796875,-3.5746612548828125,Z2,2024-12-04,15,18R/36L
40762c,2024-12-05 14:53:39.238,2024-12-05 14:56:18.928,159.69,Medium 2 (between 34000 kg to 136000 kg),40.49816584182998,-3.574660908092152,Z2,2024-12-05,14,18R/36L
4d2536,2024-12-04 09:49:11.230,2024-12-04 09:50:18.231,67.001,Medium 2 (between 34000 kg to 136000 kg),40.50505557302701,-3.5592269897460938,Y1,2024-12-04,9,18L/36R
346146,2024-12-05 11:55:37.914,2024-12-05 11:57:15.516,97.602,Heavy (larger than 136000 kg),40.49807273735434,-3.574660908092152,Z3,2024-12-05,11,18R/36L
346146,2024-12-07 16:17:47.332,2024-12-07 16:19:59.546,132.214,Heavy (larger than 136000 kg),40.49750247244107,-3.574660908092152,Z1,2024-12-07,16,18R/36L
495211,2024-12-07 14:24:03.150,2024-12-07 14:26:25.995,142.845,Medium 2 (between 34000 kg to 136000 kg),40.49395751953125,-3.574615478515625,Z2,2024-12-07,14,18R/36L
346499,2024-12-01 08:19:19.328,2024-12-01 08:20:52.175,92.847,Medium 2 (between 34000 kg to 136000 kg),40.50546290510792,-3.5592269897460938,Y1,2024-12-01,8,18L/36R
346499,2024-12-02 14:58:18.484,2024-12-02 15:00:01.067,102.583,Medium 2 (between 34000 kg to 136000 kg),40.49759557691671,-3.5746453025124287,Z3,2024-12-02,15,18R/36L
346499,2024-12-02 19:00:37.835,2024-12-02 19:01:32.806,54.971,Medium 2 (between 34000 kg to 136000 kg),40.49795150756836,-3.574676513671875,Z4,2024-12-02,19,18R/36L
346499,2024-12-03 07:02:33.411,2024-12-03 07:04:32.434,119.023,Medium 2 (between 34000 kg to 136000 kg),40.497596740722656,-3.57464599609375,Z3,2024-12-03,7,18R/36L
346499,2024-12-05 06:40:32.713,2024-12-05 06:42:43.608,130.895,Medium 2 (between 34000 kg to 136000 kg),40.4981689453125,-3.57464599609375,Z4,2024-12-05,6,18R/36L
346499,2024-12-05 15:38:55.357,2024-12-05 15:40:34.904,99.547,Medium 2 (between 34000 kg to 136000 kg),40.50557327270508,-3.5592041015625,Y1,2024-12-05,15,18L/36R
346499,2024-12-07 09:04:23.853,2024-12-07 09:05:57.811,93.958,Medium 2 (between 34000 kg to 136000 kg),40.50564911405919,-3.5591957785866475,Y1,2024-12-07,9,18L/36R
346499,2024-12-07 15:01:19.180,2024-12-07 15:03:47.291,148.111,Medium 2 (between 34000 kg to 136000 kg),40.49803161621094,-3.57464599609375,Z4,2024-12-07,15,18R/36L
347295,2024-12-06 09:16:24.470,2024-12-06 09:18:06.913,102.443,Medium 1 (between 7000 kg and 34000 kg),40.49763049109507,-3.574660908092152,Z2,2024-12-06,9,18R/36L
48c223,2024-12-05 09:25:05.874,2024-12-05 09:26:38.009,92.135,Medium 2 (between 34000 kg to 136000 kg),40.505358162572826,-3.5592269897460938,Y1,2024-12-05,9,18L/36R
4d242e,2024-12-03 08:48:14.122,2024-12-03 08:49:30.944,76.822,Medium 2 (between 34000 kg to 136000 kg),40.50550945734573,-3.5592269897460938,Y1,2024-12-03,8,18L/36R
346385,2024-12-05 15:11:08.236,2024-12-05 15:13:03.355,115.119,Heavy (larger than 136000 kg),40.498260498046875,-3.57464599609375,Z2,2024-12-05,15,18R/36L
346385,2024-12-05 23:39:02.039,2024-12-05 23:42:02.289,180.25,Heavy (larger than 136000 kg),40.49735641479492,-3.5746307373046875,Z2,2024-12-05,23,18R/36L
346385,2024-12-07 15:37:56.440,2024-12-07 15:40:01.339,124.899,Heavy (larger than 136000 kg),40.49839782714844,-3.5746612548828125,Z2,2024-12-07,15,18R/36L
3c5427,2024-12-07 08:20:38.903,2024-12-07 08:21:55.210,76.307,Heavy (larger than 136000 kg),40.50449752807617,-3.5592041015625,Y1,2024-12-07,8,18L/36R
400e13,2024-12-03 11:09:53.901,2024-12-03 11:13:27.094,213.193,Medium 2 (between 34000 kg to 136000 kg),40.498558044433594,-3.574676513671875,Z4,2024-12-03,11,18R/36L
345692,2024-12-03 15:32:44.290,2024-12-03 15:34:24.436,100.146,Medium 2 (between 34000 kg to 136000 kg),40.50556182861328,-3.559234619140625,Y1,2024-12-03,15,18L/36R
345692,2024-12-04 14:35:39.736,2024-12-04 14:39:49.350,249.614,Medium 2 (between 34000 kg to 136000 kg),40.49728775024414,-3.57464599609375,Z3,2024-12-04,14,18R/36L
345692,2024-12-06 06:25:03.199,2024-12-06 06:26:28.359,85.16,Medium 2 (between 34000 kg to 136000 kg),40.504783630371094,-3.5592193603515625,Y1,2024-12-06,6,18L/36R
345692,2024-12-07 16:50:54.327,2024-12-07 16:51:57.948,63.621,Medium 2 (between 34000 kg to 136000 kg),40.50572204589844,-3.559234619140625,Y2,2024-12-07,16,18L/36R
aa909a,2024-12-01 15:35:40.106,2024-12-01 15:38:05.818,145.712,Heavy (larger than 136000 kg),40.49828222242452,-3.5746453025124287,Z1,2024-12-01,15,18R/36L
345685,2024-12-01 10:32:14.748,2024-12-01 10:33:15.939,61.191,Medium 2 (between 34000 kg to 136000 kg),40.505009020789196,-3.5592113841663706,Y1,2024-12-01,10,18L/36R
345685,2024-12-01 15:33:09.335,2024-12-01 15:36:01.268,171.933,Medium 2 (between 34000 kg to 136000 kg),40.49867791644597,-3.574629696932706,Z4,2024-12-01,15,18R/36L
345685,2024-12-02 15:41:37.627,2024-12-02 15:44:13.737,156.11,Medium 2 (between 34000 kg to 136000 kg),40.49842071533203,-3.57464599609375,Z4,2024-12-02,15,18R/36L
345685,2024-12-02 22:20:05.941,2024-12-02 22:21:18.358,72.417,Medium 2 (between 34000 kg to 136000 kg),40.498154203770525,-3.5746453025124287,Z4,2024-12-02,22,18R/36L
345685,2024-12-04 10:50:19.576,2024-12-04 10:52:49.064,149.488,Medium 2 (between 34000 kg to 136000 kg),40.49688565528999,-3.574629696932706,Z4,2024-12-04,10,18R/36L
345685,2024-12-05 15:09:08.691,2024-12-05 15:11:31.555,142.864,Medium 2 (between 34000 kg to 136000 kg),40.4977003194518,-3.5746453025124287,Z3,2024-12-05,15,18R/36L
345685,2024-12-05 22:22:57.372,2024-12-05 22:25:11.972,134.6,Medium 2 (between 34000 kg to 136000 kg),40.498666278386516,-3.574660908092152,Z4,2024-12-05,22,18R/36L
345685,2024-12-06 17:41:03.600,2024-12-06 17:42:46.076,102.476,Medium 2 (between 34000 kg to 136000 kg),40.49865464032706,-3.5746453025124287,Z4,2024-12-06,17,18R/36L
345685,2024-12-07 15:33:55.514,2024-12-07 15:35:36.802,101.288,Medium 2 (between 34000 kg to 136000 kg),40.497825622558594,-3.57464599609375,Z2,2024-12-07,15,18R/36L
010262,2024-12-02 14:29:24.280,2024-12-02 14:30:32.504,68.224,Medium 2 (between 34000 kg to 136000 kg),40.505653381347656,-3.559234619140625,Y1,2024-12-02,14,18L/36R
34635a,2024-12-06 14:35:00.007,2024-12-06 14:36:57.524,117.517,Heavy (larger than 136000 kg),40.50733663268008,-3.559242595325817,Y1,2024-12-06,14,18L/36R
7811a4,2024-12-04 13:08:53.619,2024-12-04 13:10:52.028,118.409,Heavy (larger than 136000 kg),40.49795150756836,-3.57464599609375,Z2,2024-12-04,13,18R/36L
7811a4,2024-12-05 17:09:40.160,2024-12-05 17:11:20.388,100.228,Heavy (larger than 136000 kg),40.506766367766815,-3.5592269897460938,Y1,2024-12-05,17,18L/36R
7811a4,2024-12-07 11:38:27.213,2024-12-07 11:39:50.880,83.667,Heavy (larger than 136000 kg),40.507022405074814,-3.5592269897460938,Y1,2024-12-07,11,18L/36R
4cadad,2024-12-04 05:01:53.138,2024-12-04 05:03:01.436,68.298,Medium 2 (between 34000 kg to 136000 kg),40.49865464032706,-3.574660908092152,Z2,2024-12-04,5,18R/36L
344502,2024-12-02 11:16:06.430,2024-12-02 11:17:27.624,81.194,Heavy (larger than 136000 kg),40.48110580444336,-3.5721588134765625,LE,2024-12-02,11,14R/32L
344502,2024-12-03 11:30:21.563,2024-12-03 11:32:02.919,101.356,Heavy (larger than 136000 kg),40.498875763456695,-3.5746453025124287,Z3,2024-12-03,11,18R/36L
344502,2024-12-04 10:56:58.033,2024-12-04 10:58:33.743,95.71,Heavy (larger than 136000 kg),40.49703695006289,-3.5746453025124287,Z3,2024-12-04,10,18R/36L
344502,2024-12-06 11:09:51.967,2024-12-06 11:11:28.263,96.296,Heavy (larger than 136000 kg),40.49797439575195,-3.5746307373046875,Z3,2024-12-06,11,18R/36L
344502,2024-12-07 10:57:09.983,2024-12-07 10:58:43.414,93.431,Heavy (larger than 136000 kg),40.49882921121888,-3.5746453025124287,Z3,2024-12-07,10,18R/36L
347519,2024-12-03 15:22:45.488,2024-12-03 15:24:29.841,104.353,Heavy (larger than 136000 kg),40.498456793316336,-3.574660908092152,Z3,2024-12-03,15,18R/36L
347519,2024-12-03 23:28:32.243,2024-12-03 23:30:26.866,114.623,Heavy (larger than 136000 kg),40.49765376721398,-3.5746453025124287,Z1,2024-12-03,23,18R/36L
347519,2024-12-05 15:21:23.715,2024-12-05 15:23:41.500,137.785,Heavy (larger than 136000 kg),40.49821239406779,-3.5746453025124287,Z1,2024-12-05,15,18R/36L
347519,2024-12-05 23:36:55.320,2024-12-05 23:39:25.282,149.962,Heavy (larger than 136000 kg),40.4974250793457,-3.57464599609375,Z3,2024-12-05,23,18R/36L
4cac1f,2024-12-07 12:33:47.016,2024-12-07 12:35:09.272,82.256,Medium 2 (between 34000 kg to 136000 kg),40.4974250793457,-3.57464599609375,Z2,2024-12-07,12,18R/36L
345101,2024-12-04 09:27:50.539,2024-12-04 09:29:20.333,89.794,Medium 2 (between 34000 kg to 136000 kg),40.50507884914592,-3.5592269897460938,Y1,2024-12-04,9,18L/36R
aaa32d,2024-12-02 08:19:29.909,2024-12-02 08:21:04.946,95.037,Heavy (larger than 136000 kg),40.49856948852539,-3.57464599609375,Z3,2024-12-02,8,18R/36L
aaa32d,2024-12-03 07:57:41.497,2024-12-03 07:59:47.203,125.706,Heavy (larger than 136000 kg),40.49789816646253,-3.5746453025124287,Z1,2024-12-03,7,18R/36L
aaa32d,2024-12-07 08:00:54.603,2024-12-07 08:03:23.739,149.136,Heavy (larger than 136000 kg),40.49848937988281,-3.5746307373046875,Z3,2024-12-07,8,18R/36L
345691,2024-12-01 08:12:18.604,2024-12-01 08:13:56.663,98.059,Medium 2 (between 34000 kg to 136000 kg),40.50507884914592,-3.5592113841663706,Y1,2024-12-01,8,18L/36R
345691,2024-12-05 22:19:20.310,2024-12-05 22:21:20.904,120.594,Medium 2 (between 34000 kg to 136000 kg),40.49810028076172,-3.57464599609375,Z4,2024-12-05,22,18R/36L
345691,2024-12-06 09:55:08.906,2024-12-06 09:58:24.874,195.968,Medium 2 (between 34000 kg to 136000 kg),40.49844515525688,-3.5746453025124287,Z4,2024-12-06,9,18R/36L
3462c8,2024-12-05 15:25:54.779,2024-12-05 15:27:27.056,92.277,Heavy (larger than 136000 kg),40.507816314697266,-3.559234619140625,Y3,2024-12-05,15,18L/36R
3462c8,2024-12-06 14:30:55.686,2024-12-06 14:32:51.185,115.499,Heavy (larger than 136000 kg),40.50628920732918,-3.5592269897460938,Y2,2024-12-06,14,18L/36R
344498,2024-12-01 10:36:30.686,2024-12-01 10:38:19.632,108.946,Medium 2 (between 34000 kg to 136000 kg),40.49796799481925,-3.5746453025124287,Z4,2024-12-01,10,18R/36L
344498,2024-12-02 05:47:11.130,2024-12-02 05:48:51.301,100.171,Medium 2 (between 34000 kg to 136000 kg),40.49809601347325,-3.574660908092152,Z4,2024-12-02,5,18R/36L
344498,2024-12-02 12:53:26.230,2024-12-02 12:55:44.866,138.636,Medium 2 (between 34000 kg to 136000 kg),40.497859954833984,-3.57464599609375,Z4,2024-12-02,12,18R/36L
344498,2024-12-03 11:41:04.231,2024-12-03 11:43:19.858,135.627,Medium 2 (between 34000 kg to 136000 kg),40.49842071533203,-3.5746307373046875,Z4,2024-12-03,11,18R/36L
344498,2024-12-05 17:44:09.329,2024-12-05 17:46:15.881,126.552,Medium 2 (between 34000 kg to 136000 kg),40.498643002267606,-3.574660908092152,Z4,2024-12-05,17,18R/36L
344498,2024-12-07 11:09:12.836,2024-12-07 11:12:12.411,179.575,Medium 2 (between 34000 kg to 136000 kg),40.49750247244107,-3.5746453025124287,Z3,2024-12-07,11,18R/36L
346391,2024-12-01 11:44:39.424,2024-12-01 11:47:31.121,171.697,Medium 2 (between 34000 kg to 136000 kg),40.49431364415055,-3.574629696932706,Z2,2024-12-01,11,18R/36L
4ca6c4,2024-12-05 11:37:53.250,2024-12-05 11:41:35.746,222.496,Medium 2 (between 34000 kg to 136000 kg),40.49725341796875,-3.57464599609375,Z3,2024-12-05,11,18R/36L
4bc852,2024-12-02 12:22:05.856,2024-12-02 12:23:14.945,69.089,Medium 2 (between 34000 kg to 136000 kg),40.49180603027344,-3.5546722412109375,K2,2024-12-02,12,14L/32R
ab1bf0,2024-12-04 12:21:52.139,2024-12-04 12:24:32.757,160.618,Heavy (larger than 136000 kg),40.49755096435547,-3.5746307373046875,Z1,2024-12-04,12,18R/36L
34150e,2024-12-03 16:18:11.264,2024-12-03 16:19:39.060,87.796,Medium 2 (between 34000 kg to 136000 kg),40.50599825584282,-3.5592269897460938,Y1,2024-12-03,16,18L/36R
34150e,2024-12-06 06:38:59.285,2024-12-06 06:41:34.599,155.314,Medium 2 (between 34000 kg to 136000 kg),40.49761885303562,-3.5746453025124287,Z4,2024-12-06,6,18R/36L
34150e,2024-12-06 15:01:12.808,2024-12-06 15:02:59.888,107.08,Medium 2 (between 34000 kg to 136000 kg),40.50557928570246,-3.5592113841663706,Y1,2024-12-06,15,18L/36R
34150e,2024-12-06 20:58:31.428,2024-12-06 20:59:46.344,74.916,Medium 2 (between 34000 kg to 136000 kg),40.50545883178711,-3.5592193603515625,Y1,2024-12-06,20,18L/36R
34150e,2024-12-07 15:23:56.571,2024-12-07 15:25:38.543,101.972,Medium 2 (between 34000 kg to 136000 kg),40.50594006554555,-3.5592269897460938,Y1,2024-12-07,15,18L/36R
3453c9,2024-12-03 13:57:07.392,2024-12-03 13:59:11.950,124.558,Heavy (larger than 136000 kg),40.50065231323242,-3.574676513671875,Z2,2024-12-03,13,18R/36L
34558e,2024-12-04 07:08:07.413,2024-12-04 07:09:48.197,100.784,Heavy (larger than 136000 kg),40.50706100463867,-3.5592193603515625,Y1,2024-12-04,7,18L/36R
3455c1,2024-12-01 11:47:09.795,2024-12-01 11:49:44.533,154.738,Heavy (larger than 136000 kg),40.49812316894531,-3.57464599609375,Z1,2024-12-01,11,18R/36L
3455c1,2024-12-03 14:40:45.314,2024-12-03 14:42:27.697,102.383,Heavy (larger than 136000 kg),40.49839782714844,-3.57464599609375,Z3,2024-12-03,14,18R/36L
3455c1,2024-12-07 11:48:34.318,2024-12-07 11:50:30.635,116.317,Heavy (larger than 136000 kg),40.498270584365066,-3.5746453025124287,Z1,2024-12-07,11,18R/36L
345686,2024-12-01 15:09:53.177,2024-12-01 15:12:22.395,149.218,Medium 2 (between 34000 kg to 136000 kg),40.49678421020508,-3.5748138427734375,Z3,2024-12-01,15,18R/36L
345686,2024-12-02 16:31:10.679,2024-12-02 16:32:51.334,100.655,Medium 2 (between 34000 kg to 136000 kg),40.49779342392743,-3.574816963889382,Z4,2024-12-02,16,18R/36L
345686,2024-12-03 11:17:44.432,2024-12-03 11:19:18.008,93.576,Medium 2 (between 34000 kg to 136000 kg),40.49765376721398,-3.574832569469105,Z4,2024-12-03,11,18R/36L
345686,2024-12-05 08:05:54.547,2024-12-05 08:07:38.562,104.015,Medium 2 (between 34000 kg to 136000 kg),40.50534652451337,-3.559398651123047,Y2,2024-12-05,8,18L/36R
345686,2024-12-05 15:28:37.533,2024-12-05 15:31:19.460,161.927,Medium 2 (between 34000 kg to 136000 kg),40.497413635253906,-3.5748138427734375,Z3,2024-12-05,15,18R/36L
345686,2024-12-06 11:12:39.903,2024-12-06 11:13:44.545,64.642,Medium 2 (between 34000 kg to 136000 kg),40.50627136230469,-3.559417724609375,Y2,2024-12-06,11,18L/36R
345686,2024-12-07 14:53:38.564,2024-12-07 14:54:55.415,76.851,Medium 2 (between 34000 kg to 136000 kg),40.49828338623047,-3.5748138427734375,Z3,2024-12-07,14,18R/36L
345686,2024-12-07 22:08:30.532,2024-12-07 22:10:10.102,99.57,Medium 2 (between 34000 kg to 136000 kg),40.497118416479076,-3.574816963889382,Z4,2024-12-07,22,18R/36L
4ca740,2024-12-05 21:22:26.962,2024-12-05 21:24:06.087,99.125,Medium 2 (between 34000 kg to 136000 kg),40.49790980452198,-3.5746453025124287,Z2,2024-12-05,21,18R/36L
343545,2024-12-04 14:07:27.020,2024-12-04 14:09:41.990,134.97,No category information,40.505590923761915,-3.5592113841663706,Y1,2024-12-04,14,18L/36R
343183,2024-12-05 17:14:38.975,2024-12-05 17:16:56.507,137.532,Medium 1 (between 7000 kg and 34000 kg),40.49765396118164,-3.5746307373046875,Z2,2024-12-05,17,18R/36L
346082,2024-12-03 06:38:43.887,2024-12-03 06:40:19.057,95.17,Medium 2 (between 34000 kg to 136000 kg),40.505637475999734,-3.5592269897460938,Y1,2024-12-03,6,18L/36R
346082,2024-12-06 14:32:48.239,2024-12-06 14:35:33.859,165.62,Medium 2 (between 34000 kg to 136000 kg),40.50610299837791,-3.5592269897460938,Y1,2024-12-06,14,18L/36R
346082,2024-12-07 15:23:24.025,2024-12-07 15:25:59.703,155.678,Medium 2 (between 34000 kg to 136000 kg),40.498477935791016,-3.5746612548828125,Z2,2024-12-07,15,18R/36L
346082,2024-12-07 19:22:52.903,2024-12-07 19:24:28.367,95.464,Medium 2 (between 34000 kg to 136000 kg),40.495845794677734,-3.57464599609375,Z2,2024-12-07,19,18R/36L
4ca9a9,2024-12-06 05:41:27.101,2024-12-06 05:43:01.612,94.511,Medium 2 (between 34000 kg to 136000 kg),40.49802618511652,-3.5746453025124287,Z4,2024-12-06,5,18R/36L
4d2274,2024-12-01 13:52:20.100,2024-12-01 13:54:10.419,110.319,Medium 2 (between 34000 kg to 136000 kg),40.50560256182137,-3.559242595325817,Y1,2024-12-01,13,18L/36R
4d2274,2024-12-01 19:24:08.171,2024-12-01 19:25:27.740,79.569,Medium 2 (between 34000 kg to 136000 kg),40.50527572631836,-3.5592498779296875,Y1,2024-12-01,19,18L/36R
34810b,2024-12-03 12:00:01.370,2024-12-03 12:03:53.287,231.917,Medium 2 (between 34000 kg to 136000 kg),40.49761885303562,-3.5746453025124287,Z3,2024-12-03,12,18R/36L
3442cc,2024-12-02 05:59:54.075,2024-12-02 06:01:57.916,123.841,Medium 1 (between 7000 kg and 34000 kg),40.49713897705078,-3.57464599609375,Z4,2024-12-02,6,18R/36L
3442cc,2024-12-02 10:59:43.132,2024-12-02 11:02:31.234,168.102,Medium 1 (between 7000 kg and 34000 kg),40.48072039070776,-3.5717894814231177,LC,2024-12-02,11,14R/32L
3442cc,2024-12-05 07:01:29.178,2024-12-05 07:03:02.021,92.843,Medium 1 (between 7000 kg and 34000 kg),40.498293860483976,-3.574629696932706,Z4,2024-12-05,7,18R/36L
3442cc,2024-12-05 11:29:38.492,2024-12-05 11:31:10.040,91.548,No category information,40.49781670004634,-3.5746453025124287,Z4,2024-12-05,11,18R/36L
3442cc,2024-12-06 06:53:05.415,2024-12-06 06:55:11.570,126.155,No category information,40.49879429704052,-3.574660908092152,Z4,2024-12-06,6,18R/36L
3442cc,2024-12-06 16:58:23.776,2024-12-06 17:00:03.983,100.207,Medium 1 (between 7000 kg and 34000 kg),40.49775695800781,-3.5746307373046875,Z4,2024-12-06,17,18R/36L
3442cc,2024-12-06 20:37:54.038,2024-12-06 20:39:23.287,89.249,Medium 1 (between 7000 kg and 34000 kg),40.505427990929554,-3.5592113841663706,Y3,2024-12-06,20,18L/36R
34520b,2024-12-03 12:08:50.814,2024-12-03 12:11:04.781,133.967,Heavy (larger than 136000 kg),40.498226165771484,-3.57464599609375,Z3,2024-12-03,12,18R/36L
34520b,2024-12-04 15:21:13.071,2024-12-04 15:23:24.629,131.558,Heavy (larger than 136000 kg),40.49812316894531,-3.5746307373046875,Z1,2024-12-04,15,18R/36L
34520b,2024-12-05 15:26:11.538,2024-12-05 15:28:40.427,148.889,Heavy (larger than 136000 kg),40.4986197261487,-3.574660908092152,Z1,2024-12-05,15,18R/36L
34520b,2024-12-06 11:32:41.226,2024-12-06 11:34:41.825,120.599,Heavy (larger than 136000 kg),40.49765396118164,-3.57464599609375,Z3,2024-12-06,11,18R/36L
896356,2024-12-02 23:26:19.265,2024-12-02 23:29:21.861,182.596,Heavy (larger than 136000 kg),40.49814256571107,-3.5746453025124287,Z2,2024-12-02,23,18R/36L
3415ce,2024-12-01 11:18:41.872,2024-12-01 11:20:05.464,83.592,Medium 2 (between 34000 kg to 136000 kg),40.49790573120117,-3.5746612548828125,Z4,2024-12-01,11,18R/36L
3415ce,2024-12-03 11:27:49.060,2024-12-03 11:30:27.924,158.864,Medium 2 (between 34000 kg to 136000 kg),40.498226165771484,-3.57464599609375,Z4,2024-12-03,11,18R/36L
3415ce,2024-12-03 15:14:17.967,2024-12-03 15:16:53.091,155.124,Medium 2 (between 34000 kg to 136000 kg),40.49790980452198,-3.5746453025124287,Z4,2024-12-03,15,18R/36L
3415ce,2024-12-06 15:25:29.633,2024-12-06 15:27:22.289,112.656,Medium 2 (between 34000 kg to 136000 kg),40.49885559082031,-3.57464599609375,Z4,2024-12-06,15,18R/36L
342188,2024-12-01 17:47:47.367,2024-12-01 17:50:07.771,140.404,Medium 2 (between 34000 kg to 136000 kg),40.504985744670286,-3.5591957785866475,Y1,2024-12-01,17,18L/36R
342188,2024-12-02 19:32:18.205,2024-12-02 19:34:27.497,129.292,Medium 2 (between 34000 kg to 136000 kg),40.498111724853516,-3.5746612548828125,Z4,2024-12-02,19,18R/36L
342188,2024-12-06 16:17:24.457,2024-12-06 16:18:57.108,92.651,Medium 2 (between 34000 kg to 136000 kg),40.49879837036133,-3.5746612548828125,Z4,2024-12-06,16,18R/36L
342188,2024-12-07 16:29:42.827,2024-12-07 16:31:33.845,111.018,Medium 2 (between 34000 kg to 136000 kg),40.50520686779992,-3.5592582009055396,Y1,2024-12-07,16,18L/36R
347605,2024-12-06 14:54:27.515,2024-12-06 14:56:27.336,119.821,Heavy (larger than 136000 kg),40.498340412721795,-3.574660908092152,Z2,2024-12-06,14,18R/36L
39a56f,2024-12-05 15:45:33.739,2024-12-05 15:48:03.772,150.033,Medium 1 (between 7000 kg and 34000 kg),40.49660634186308,-3.574614091352983,Z2,2024-12-05,15,18R/36L
408134,2024-12-01 20:07:36.335,2024-12-01 20:08:40.404,64.069,Medium 2 (between 34000 kg to 136000 kg),40.49787489034362,-3.574660908092152,Z3,2024-12-01,20,18R/36L
408134,2024-12-03 09:59:22.023,2024-12-03 10:01:29.731,127.708,Medium 2 (between 34000 kg to 136000 kg),40.49780506198689,-3.5746453025124287,Z3,2024-12-03,10,18R/36L
48af09,2024-12-04 14:53:21.793,2024-12-04 14:54:46.654,84.861,Medium 2 (between 34000 kg to 136000 kg),40.505470275878906,-3.5592193603515625,Y1,2024-12-04,14,18L/36R
342059,2024-12-04 06:51:49.764,2024-12-04 06:53:13.720,83.956,Medium 2 (between 34000 kg to 136000 kg),40.505184173583984,-3.5592193603515625,Y1,2024-12-04,6,18L/36R
342059,2024-12-04 10:51:17.200,2024-12-04 10:53:10.427,113.227,Medium 2 (between 34000 kg to 136000 kg),40.50432237528138,-3.5592269897460938,Y1,2024-12-04,10,18L/36R
342059,2024-12-05 09:23:34.313,2024-12-05 09:25:07.639,93.326,Medium 2 (between 34000 kg to 136000 kg),40.505381438691735,-3.5592269897460938,Y1,2024-12-05,9,18L/36R
342059,2024-12-07 09:12:28.532,2024-12-07 09:13:33.027,64.495,Medium 2 (between 34000 kg to 136000 kg),40.50682455806409,-3.5591957785866475,Y3,2024-12-07,9,18L/36R
342059,2024-12-07 15:27:06.568,2024-12-07 15:28:33.040,86.472,Medium 2 (between 34000 kg to 136000 kg),40.497596740722656,-3.5746612548828125,Z2,2024-12-07,15,18R/36L
3c56a9,2024-12-04 15:53:55.537,2024-12-04 15:55:07.040,71.503,Medium 2 (between 34000 kg to 136000 kg),40.50432586669922,-3.5592193603515625,Y1,2024-12-04,15,18L/36R
471f6e,2024-12-03 09:29:02.880,2024-12-03 09:30:17.584,74.704,Medium 2 (between 34000 kg to 136000 kg),40.50604248046875,-3.5592193603515625,Y1,2024-12-03,9,18L/36R
4ca894,2024-12-01 06:57:09.544,2024-12-01 06:58:41.086,91.542,Medium 2 (between 34000 kg to 136000 kg),40.49793308064089,-3.5746453025124287,Z2,2024-12-01,6,18R/36L
4ca9d1,2024-12-07 12:41:54.500,2024-12-07 12:44:22.495,147.995,Medium 2 (between 34000 kg to 136000 kg),40.497944718700346,-3.5746453025124287,Z4,2024-12-07,12,18R/36L
4ca9d1,2024-12-07 20:22:50.386,2024-12-07 20:24:25.207,94.821,Medium 2 (between 34000 kg to 136000 kg),40.495570554571636,-3.574629696932706,Z4,2024-12-07,20,18R/36L
34520c,2024-12-02 14:17:16.429,2024-12-02 14:19:15.636,119.207,Heavy (larger than 136000 kg),40.49822403212725,-3.574676513671875,Z1,2024-12-02,14,18R/36L
34520c,2024-12-05 11:48:39.532,2024-12-05 11:50:09.099,89.567,Heavy (larger than 136000 kg),40.498260498046875,-3.5746307373046875,Z3,2024-12-05,11,18R/36L
4cad11,2024-12-03 09:32:49.746,2024-12-03 09:34:03.819,74.073,Medium 2 (between 34000 kg to 136000 kg),40.50573058047537,-3.5592269897460938,Y1,2024-12-03,9,18L/36R
4cad11,2024-12-03 16:14:07.259,2024-12-03 16:16:30.981,143.722,Medium 2 (between 34000 kg to 136000 kg),40.50498962402344,-3.5592193603515625,Y1,2024-12-03,16,18L/36R
aa9451,2024-12-02 15:37:33.008,2024-12-02 15:38:50.505,77.497,Heavy (larger than 136000 kg),40.49825894630561,-3.5746453025124287,Z3,2024-12-02,15,18R/36L
3455d5,2024-12-04 11:46:34.384,2024-12-04 11:49:50.870,196.486,Heavy (larger than 136000 kg),40.49686237917108,-3.574629696932706,Z3,2024-12-04,11,18R/36L
3455d5,2024-12-05 15:36:14.064,2024-12-05 15:38:18.241,124.177,Heavy (larger than 136000 kg),40.4984917074947,-3.574660908092152,Z3,2024-12-05,15,18R/36L
347658,2024-12-07 07:38:54.488,2024-12-07 07:40:45.229,110.741,Medium 2 (between 34000 kg to 136000 kg),40.504600524902344,-3.5592041015625,Y1,2024-12-07,7,18L/36R
49d116,2024-12-05 18:00:19.285,2024-12-05 18:02:15.560,116.275,Medium 1 (between 7000 kg and 34000 kg),40.49856948852539,-3.5746307373046875,Z4,2024-12-05,18,18R/36L
347344,2024-12-01 09:17:47.276,2024-12-01 09:19:11.650,84.374,Medium 2 (between 34000 kg to 136000 kg),40.50532150268555,-3.5592193603515625,Y1,2024-12-01,9,18L/36R
347344,2024-12-01 15:57:04.236,2024-12-01 16:00:43.347,219.111,Medium 2 (between 34000 kg to 136000 kg),40.49772262573242,-3.574615478515625,Z3,2024-12-01,16,18R/36L
347344,2024-12-02 06:20:35.465,2024-12-02 06:24:27.047,231.582,Medium 2 (between 34000 kg to 136000 kg),40.497276306152344,-3.5746307373046875,Z3,2024-12-02,6,18R/36L
347344,2024-12-04 16:24:33.552,2024-12-04 16:26:36.272,122.72,Medium 2 (between 34000 kg to 136000 kg),40.49759557691671,-3.5746453025124287,Z3,2024-12-04,16,18R/36L
347344,2024-12-05 13:02:21.590,2024-12-05 13:05:05.377,163.787,Medium 2 (between 34000 kg to 136000 kg),40.49785161422471,-3.5746453025124287,Z3,2024-12-05,13,18R/36L
347344,2024-12-06 16:08:47.138,2024-12-06 16:10:26.494,99.356,Medium 2 (between 34000 kg to 136000 kg),40.49822403212725,-3.5746453025124287,Z3,2024-12-06,16,18R/36L
344344,2024-12-02 15:44:33.108,2024-12-02 15:45:47.477,74.369,Heavy (larger than 136000 kg),40.49803161621094,-3.57464599609375,Z1,2024-12-02,15,18R/36L
346181,2024-12-05 15:50:02.105,2024-12-05 15:52:18.996,136.891,Heavy (larger than 136000 kg),40.49876403808594,-3.5746612548828125,Z2,2024-12-05,15,18R/36L
346181,2024-12-06 14:48:45.402,2024-12-06 14:52:31.876,226.474,Heavy (larger than 136000 kg),40.498573173910884,-3.574660908092152,Z2,2024-12-06,14,18R/36L
34758d,2024-12-04 10:40:58.915,2024-12-04 10:43:20.952,142.037,Medium 2 (between 34000 kg to 136000 kg),40.49413907325874,-3.574614091352983,Z2,2024-12-04,10,18R/36L
aace63,2024-12-07 00:01:19.760,2024-12-07 00:03:11.793,112.033,Heavy (larger than 136000 kg),40.498503345554155,-3.5746453025124287,Z1,2024-12-07,0,18R/36L
0200f8,2024-12-02 18:19:43.685,2024-12-02 18:21:05.485,81.8,Medium 2 (between 34000 kg to 136000 kg),40.49813461303711,-3.574676513671875,Z3,2024-12-02,18,18R/36L
405457,2024-12-02 12:12:15.157,2024-12-02 12:13:16.345,61.188,Medium 2 (between 34000 kg to 136000 kg),40.4912877486924,-3.554326837713068,K1,2024-12-02,12,14L/32R
347301,2024-12-05 16:04:04.410,2024-12-05 16:05:58.235,113.825,Medium 2 (between 34000 kg to 136000 kg),40.497071864241256,-3.5746453025124287,Z2,2024-12-05,16,18R/36L
4951d5,2024-12-07 20:18:14.520,2024-12-07 20:22:53.966,279.446,Medium 2 (between 34000 kg to 136000 kg),40.495182037353516,-3.57464599609375,Z2,2024-12-07,20,18R/36L
344213,2024-12-04 11:07:47.183,2024-12-04 11:09:10.407,83.224,Medium 2 (between 34000 kg to 136000 kg),40.49719988289526,-3.5746453025124287,Z2,2024-12-04,11,18R/36L
344213,2024-12-05 11:37:48.321,2024-12-05 11:40:17.158,148.837,Medium 2 (between 34000 kg to 136000 kg),40.49917835300251,-3.574660908092152,Z4,2024-12-05,11,18R/36L
344213,2024-12-05 14:57:16.596,2024-12-05 14:59:06.614,110.018,Medium 2 (between 34000 kg to 136000 kg),40.49879429704052,-3.5746453025124287,Z4,2024-12-05,14,18R/36L
344213,2024-12-05 18:55:05.301,2024-12-05 18:57:01.776,116.475,Medium 2 (between 34000 kg to 136000 kg),40.499141693115234,-3.57464599609375,Z4,2024-12-05,18,18R/36L
344213,2024-12-06 15:42:29.923,2024-12-06 15:44:21.246,111.323,Medium 2 (between 34000 kg to 136000 kg),40.498146057128906,-3.57464599609375,Z3,2024-12-06,15,18R/36L
344305,2024-12-02 23:14:33.012,2024-12-02 23:16:52.375,139.363,Heavy (larger than 136000 kg),40.497962951660156,-3.57464599609375,Z3,2024-12-02,23,18R/36L
344305,2024-12-05 07:36:09.202,2024-12-05 07:38:15.449,126.247,Heavy (larger than 136000 kg),40.50670817746954,-3.5592269897460938,Y1,2024-12-05,7,18L/36R
347518,2024-12-01 15:16:06.984,2024-12-01 15:19:23.091,196.107,Heavy (larger than 136000 kg),40.498226165771484,-3.57464599609375,Z3,2024-12-01,15,18R/36L
347518,2024-12-03 12:40:45.484,2024-12-03 12:42:46.784,121.3,Heavy (larger than 136000 kg),40.497859954833984,-3.5746612548828125,Z3,2024-12-03,12,18R/36L
347518,2024-12-04 15:37:32.516,2024-12-04 15:39:11.173,98.657,Heavy (larger than 136000 kg),40.49816584182998,-3.574660908092152,Z3,2024-12-04,15,18R/36L
347518,2024-12-05 12:41:03.150,2024-12-05 12:42:41.144,97.994,Heavy (larger than 136000 kg),40.498363688840705,-3.574660908092152,Z3,2024-12-05,12,18R/36L
4ca947,2024-12-03 11:16:17.735,2024-12-03 11:17:08.400,50.665,Medium 2 (between 34000 kg to 136000 kg),40.49759557691671,-3.574660908092152,Z3,2024-12-03,11,18R/36L
4d21f2,2024-12-05 16:22:13.465,2024-12-05 16:23:19.233,65.768,Medium 2 (between 34000 kg to 136000 kg),40.50696421477754,-3.559242595325817,Y2,2024-12-05,16,18L/36R
020104,2024-12-07 18:19:59.691,2024-12-07 18:22:20.417,140.726,Medium 2 (between 34000 kg to 136000 kg),40.4965248754469,-3.574629696932706,Z3,2024-12-07,18,18R/36L
39bda8,2024-12-07 16:12:52.045,2024-12-07 16:14:24.247,92.202,Medium 2 (between 34000 kg to 136000 kg),40.49813461303711,-3.57464599609375,Z2,2024-12-07,16,18R/36L
495168,2024-12-02 14:13:34.132,2024-12-02 14:15:33.740,119.608,Heavy (larger than 136000 kg),40.497344970703125,-3.574676513671875,Z2,2024-12-02,14,18R/36L
4cad4f,2024-12-02 12:30:42.309,2024-12-02 12:32:12.035,89.726,Medium 2 (between 34000 kg to 136000 kg),40.491276110632946,-3.5541551763361148,K2,2024-12-02,12,14L/32R
4cad4f,2024-12-05 07:13:09.551,2024-12-05 07:14:01.270,51.719,Medium 2 (between 34000 kg to 136000 kg),40.505516052246094,-3.5592193603515625,Y1,2024-12-05,7,18L/36R
e8044b,2024-12-03 22:46:33.734,2024-12-03 22:49:48.916,195.182,Heavy (larger than 136000 kg),40.498008728027344,-3.5746307373046875,Z1,2024-12-03,22,18R/36L
345698,2024-12-01 06:59:58.940,2024-12-01 07:02:54.896,175.956,Medium 2 (between 34000 kg to 136000 kg),40.49332809448242,-3.574615478515625,Z4,2024-12-01,7,18R/36L
345698,2024-12-03 15:01:10.250,2024-12-03 15:03:22.940,132.69,Medium 2 (between 34000 kg to 136000 kg),40.49893395375397,-3.574660908092152,Z4,2024-12-03,15,18R/36L
345698,2024-12-04 06:49:03.831,2024-12-04 06:50:25.544,81.713,Medium 2 (between 34000 kg to 136000 kg),40.506591796875,-3.5592193603515625,Y1,2024-12-04,6,18L/36R
345698,2024-12-04 11:26:26.005,2024-12-04 11:28:08.048,102.043,Medium 2 (between 34000 kg to 136000 kg),40.49767704333289,-3.5746453025124287,Z4,2024-12-04,11,18R/36L
345698,2024-12-04 15:15:59.604,2024-12-04 15:17:35.328,95.724,Medium 2 (between 34000 kg to 136000 kg),40.50662612915039,-3.5592041015625,Y1,2024-12-04,15,18L/36R
345698,2024-12-05 15:31:17.508,2024-12-05 15:32:56.946,99.438,Medium 2 (between 34000 kg to 136000 kg),40.50582504272461,-3.5592193603515625,Y1,2024-12-05,15,18L/36R
345698,2024-12-07 18:58:30.030,2024-12-07 19:02:17.756,227.726,Medium 2 (between 34000 kg to 136000 kg),40.499473571777344,-3.5746612548828125,Z4,2024-12-07,19,18R/36L
341119,2024-12-04 16:11:47.879,2024-12-04 16:14:03.798,135.919,High vortex aircraft,40.496063232421875,-3.57464599609375,Z2,2024-12-04,16,18R/36L
34604e,2024-12-03 14:21:56.550,2024-12-03 14:23:29.738,93.188,Heavy (larger than 136000 kg),40.49799127093816,-3.5746453025124287,Z3,2024-12-03,14,18R/36L
34604e,2024-12-06 12:00:48.603,2024-12-06 12:05:07.537,258.934,Heavy (larger than 136000 kg),40.498409271240234,-3.57464599609375,Z3,2024-12-06,12,18R/36L
34604e,2024-12-07 16:15:48.675,2024-12-07 16:18:07.464,138.789,Heavy (larger than 136000 kg),40.49726971125198,-3.5746453025124287,Z3,2024-12-07,16,18R/36L
495066,2024-12-06 14:58:09.891,2024-12-06 15:00:05.192,115.301,Heavy (larger than 136000 kg),40.498374938964844,-3.57464599609375,Z2,2024-12-06,15,18R/36L
495066,2024-12-07 15:39:26.931,2024-12-07 15:41:38.612,131.681,Heavy (larger than 136000 kg),40.49818911794888,-3.574660908092152,Z2,2024-12-07,15,18R/36L
8964c1,2024-12-06 09:02:45.331,2024-12-06 09:04:21.328,95.997,Heavy (larger than 136000 kg),40.50688934326172,-3.5592193603515625,Y3,2024-12-06,9,18L/36R
344217,2024-12-01 06:33:30.519,2024-12-01 06:34:53.822,83.303,Medium 2 (between 34000 kg to 136000 kg),40.505802154541016,-3.5592041015625,Y1,2024-12-01,6,18L/36R
344217,2024-12-01 13:53:53.990,2024-12-01 13:55:38.452,104.462,Medium 2 (between 34000 kg to 136000 kg),40.50626593121027,-3.559242595325817,Y1,2024-12-01,13,18L/36R
344217,2024-12-04 14:36:02.441,2024-12-04 14:37:46.476,104.035,Medium 2 (between 34000 kg to 136000 kg),40.506202697753906,-3.5592041015625,Y1,2024-12-04,14,18L/36R
344217,2024-12-06 14:17:04.794,2024-12-06 14:18:51.328,106.534,Medium 2 (between 34000 kg to 136000 kg),40.498294830322266,-3.57464599609375,Z2,2024-12-06,14,18R/36L
344217,2024-12-07 07:34:31.982,2024-12-07 07:36:19.124,107.142,Medium 2 (between 34000 kg to 136000 kg),40.50642886404263,-3.5592113841663706,Y1,2024-12-07,7,18L/36R
345292,2024-12-05 11:28:17.847,2024-12-05 11:30:01.074,103.227,Medium 2 (between 34000 kg to 136000 kg),40.49724197387695,-3.5746612548828125,Z2,2024-12-05,11,18R/36L
345292,2024-12-06 10:41:13.153,2024-12-06 10:43:12.840,119.687,Medium 2 (between 34000 kg to 136000 kg),40.495966248593085,-3.574629696932706,Z2,2024-12-06,10,18R/36L
34660f,2024-12-03 11:31:52.846,2024-12-03 11:33:28.072,95.226,Medium 2 (between 34000 kg to 136000 kg),40.505777132713185,-3.5592269897460938,Y1,2024-12-03,11,18L/36R
4d02df,2024-12-05 14:57:36.113,2024-12-05 14:59:49.233,133.12,Medium 1 (between 7000 kg and 34000 kg),40.50626593121027,-3.5592269897460938,Y1,2024-12-05,14,18L/36R
34224e,2024-12-01 08:13:37.321,2024-12-01 08:15:42.139,124.818,Medium 2 (between 34000 kg to 136000 kg),40.505550384521484,-3.5592193603515625,Y1,2024-12-01,8,18L/36R
34224e,2024-12-02 06:54:42.104,2024-12-02 06:56:06.338,84.234,Medium 2 (between 34000 kg to 136000 kg),40.50568771362305,-3.5592193603515625,Y1,2024-12-02,6,18L/36R
34224e,2024-12-02 16:15:30.831,2024-12-02 16:16:44.074,73.243,Medium 2 (between 34000 kg to 136000 kg),40.50525342003774,-3.5592113841663706,Y1,2024-12-02,16,18L/36R
346291,2024-12-01 16:00:18.647,2024-12-01 16:03:08.349,169.702,Heavy (larger than 136000 kg),40.49806109929489,-3.5746453025124287,Z2,2024-12-01,16,18R/36L
345595,2024-12-04 18:21:32.470,2024-12-04 18:23:11.342,98.872,Medium 2 (between 34000 kg to 136000 kg),40.504415479757014,-3.5592113841663706,Y1,2024-12-04,18,18L/36R
346047,2024-12-05 21:50:59.460,2024-12-05 21:51:47.776,48.316,Medium 2 (between 34000 kg to 136000 kg),40.50568402823755,-3.5592113841663706,Y1,2024-12-05,21,18L/36R
4b1619,2024-12-02 09:36:48.541,2024-12-02 09:37:50.851,62.31,Medium 2 (between 34000 kg to 136000 kg),40.49180603027344,-3.5546722412109375,K1,2024-12-02,9,14L/32R
3431c9,2024-12-04 08:16:39.559,2024-12-04 08:18:56.686,137.127,Medium 1 (between 7000 kg and 34000 kg),40.504886627197266,-3.559234619140625,Y2,2024-12-04,8,18L/36R
39bda6,2024-12-06 09:14:46.217,2024-12-06 09:16:24.333,98.116,Medium 2 (between 34000 kg to 136000 kg),40.50634002685547,-3.5592193603515625,Y1,2024-12-06,9,18L/36R
347588,2024-12-02 06:29:03.944,2024-12-02 06:30:47.579,103.635,Medium 2 (between 34000 kg to 136000 kg),40.505619049072266,-3.5592193603515625,Y1,2024-12-02,6,18L/36R
347588,2024-12-02 10:50:53.575,2024-12-02 10:55:14.037,260.462,Medium 2 (between 34000 kg to 136000 kg),40.48154067993164,-3.5726165771484375,LC,2024-12-02,10,14R/32L
347588,2024-12-03 05:29:40.298,2024-12-03 05:30:48.989,68.691,Medium 2 (between 34000 kg to 136000 kg),40.498626708984375,-3.57464599609375,Z4,2024-12-03,5,18R/36L
347588,2024-12-04 11:23:30.611,2024-12-04 11:26:44.355,193.744,Medium 2 (between 34000 kg to 136000 kg),40.49752574855998,-3.5746453025124287,Z4,2024-12-04,11,18R/36L
347588,2024-12-05 16:03:15.907,2024-12-05 16:04:59.486,103.579,Medium 2 (between 34000 kg to 136000 kg),40.50630084538864,-3.5592113841663706,Y2,2024-12-05,16,18L/36R
347588,2024-12-06 06:28:29.181,2024-12-06 06:30:12.153,102.972,Medium 2 (between 34000 kg to 136000 kg),40.504966735839844,-3.5592193603515625,Y1,2024-12-06,6,18L/36R
347588,2024-12-06 11:26:58.183,2024-12-06 11:28:41.991,103.808,Medium 2 (between 34000 kg to 136000 kg),40.49837532690016,-3.5746453025124287,Z4,2024-12-06,11,18R/36L
347588,2024-12-07 15:31:50.377,2024-12-07 15:33:50.368,119.991,Medium 2 (between 34000 kg to 136000 kg),40.498712830624335,-3.5746453025124287,Z4,2024-12-07,15,18R/36L
342091,2024-12-01 06:23:00.468,2024-12-01 06:25:02.826,122.358,Medium 2 (between 34000 kg to 136000 kg),40.49781670004634,-3.5746453025124287,Z4,2024-12-01,6,18R/36L
342091,2024-12-01 11:42:35.927,2024-12-01 11:43:39.515,63.588,Medium 2 (between 34000 kg to 136000 kg),40.50499738272974,-3.5592269897460938,Y1,2024-12-01,11,18L/36R
342091,2024-12-02 12:32:38.748,2024-12-02 12:34:29.972,111.224,Medium 2 (between 34000 kg to 136000 kg),40.49161148071289,-3.554473876953125,K2,2024-12-02,12,14L/32R
342091,2024-12-03 14:57:24.528,2024-12-03 14:59:57.850,153.322,Medium 2 (between 34000 kg to 136000 kg),40.498146057128906,-3.5746612548828125,Z4,2024-12-03,14,18R/36L
342091,2024-12-05 06:36:42.529,2024-12-05 06:38:20.129,97.6,Medium 2 (between 34000 kg to 136000 kg),40.497779846191406,-3.57464599609375,Z4,2024-12-05,6,18R/36L
342091,2024-12-05 20:07:11.215,2024-12-05 20:08:48.769,97.554,Medium 2 (between 34000 kg to 136000 kg),40.49798583984375,-3.574676513671875,Z4,2024-12-05,20,18R/36L
342091,2024-12-07 08:26:49.558,2024-12-07 08:28:02.406,72.848,Medium 2 (between 34000 kg to 136000 kg),40.50523014391883,-3.5591957785866475,Y1,2024-12-07,8,18L/36R
3451cf,2024-12-01 16:08:03.868,2024-12-01 16:10:36.353,152.485,Heavy (larger than 136000 kg),40.49908447265625,-3.5746612548828125,Z2,2024-12-01,16,18R/36L
3451cf,2024-12-04 14:47:40.504,2024-12-04 14:53:17.819,337.315,Heavy (larger than 136000 kg),40.49787139892578,-3.57464599609375,Z2,2024-12-04,14,18R/36L
3451cf,2024-12-05 15:12:32.748,2024-12-05 15:14:52.329,139.581,Heavy (larger than 136000 kg),40.49856153585143,-3.5746453025124287,Z2,2024-12-05,15,18R/36L
3451cf,2024-12-07 14:58:13.695,2024-12-07 15:01:37.611,203.916,Heavy (larger than 136000 kg),40.498477935791016,-3.5746612548828125,Z2,2024-12-07,15,18R/36L
347259,2024-12-03 11:06:19.785,2024-12-03 11:08:22.818,123.033,Heavy (larger than 136000 kg),40.49907361046743,-3.574660908092152,Z3,2024-12-03,11,18R/36L
347259,2024-12-05 11:51:03.487,2024-12-05 11:52:25.307,81.82,Heavy (larger than 136000 kg),40.49895722987288,-3.574660908092152,Z3,2024-12-05,11,18R/36L
347259,2024-12-06 11:28:07.785,2024-12-06 11:30:11.399,123.614,Heavy (larger than 136000 kg),40.4990037821107,-3.5746453025124287,Z3,2024-12-06,11,18R/36L
4cadfe,2024-12-01 18:02:39.627,2024-12-01 18:04:42.662,123.035,Medium 2 (between 34000 kg to 136000 kg),40.497327901549255,-3.5746453025124287,Z2,2024-12-01,18,18R/36L
4cadfe,2024-12-02 06:24:27.756,2024-12-02 06:25:56.402,88.646,Medium 2 (between 34000 kg to 136000 kg),40.49766540527344,-3.5746453025124287,Z2,2024-12-02,6,18R/36L
39bdac,2024-12-02 09:40:03.252,2024-12-02 09:41:06.802,63.55,Medium 2 (between 34000 kg to 136000 kg),40.48992919921875,-3.55279541015625,K1,2024-12-02,9,14L/32R
4cadf0,2024-12-02 08:40:05.222,2024-12-02 08:42:46.269,161.047,Medium 2 (between 34000 kg to 136000 kg),40.5058708190918,-3.5592193603515625,Y1,2024-12-02,8,18L/36R
347459,2024-12-07 16:14:03.550,2024-12-07 16:16:15.134,131.584,Heavy (larger than 136000 kg),40.49813461303711,-3.5746612548828125,Z1,2024-12-07,16,18R/36L
440cf8,2024-12-03 14:20:01.850,2024-12-03 14:21:43.230,101.38,Medium 2 (between 34000 kg to 136000 kg),40.4974250793457,-3.5746612548828125,Z2,2024-12-03,14,18R/36L
4d2124,2024-12-05 12:16:14.748,2024-12-05 12:17:41.618,86.87,Medium 2 (between 34000 kg to 136000 kg),40.50570730435646,-3.5592113841663706,Y2,2024-12-05,12,18L/36R
4ca7b4,2024-12-01 08:17:31.940,2024-12-01 08:19:22.234,110.294,Medium 2 (between 34000 kg to 136000 kg),40.5062370300293,-3.5592193603515625,Y1,2024-12-01,8,18L/36R
78100a,2024-12-01 11:32:20.844,2024-12-01 11:33:57.573,96.729,Heavy (larger than 136000 kg),40.506743091647905,-3.5592269897460938,Y1,2024-12-01,11,18L/36R
34644c,2024-12-02 08:22:08.270,2024-12-02 08:23:45.392,97.122,Medium 2 (between 34000 kg to 136000 kg),40.49733352661133,-3.5746307373046875,Z1,2024-12-02,8,18R/36L
34644c,2024-12-05 05:34:32.444,2024-12-05 05:36:07.527,95.083,Medium 2 (between 34000 kg to 136000 kg),40.49803782317598,-3.5746453025124287,Z4,2024-12-05,5,18R/36L
34644c,2024-12-05 12:54:54.031,2024-12-05 12:56:52.269,118.238,Medium 2 (between 34000 kg to 136000 kg),40.4989128112793,-3.57464599609375,Z4,2024-12-05,12,18R/36L
06a2f2,2024-12-07 21:10:20.045,2024-12-07 21:11:43.880,83.835,Heavy (larger than 136000 kg),40.50708059537209,-3.5592269897460938,Y3,2024-12-07,21,18L/36R
4ca84d,2024-12-04 16:52:12.404,2024-12-04 16:53:53.107,100.703,Medium 2 (between 34000 kg to 136000 kg),40.49915313720703,-3.57470703125,Z4,2024-12-04,16,18R/36L
4ca84d,2024-12-05 07:09:59.996,2024-12-05 07:11:31.983,91.987,Medium 2 (between 34000 kg to 136000 kg),40.505985260009766,-3.5592193603515625,Y1,2024-12-05,7,18L/36R
4ca84d,2024-12-05 18:50:52.216,2024-12-05 18:53:32.798,160.582,Medium 2 (between 34000 kg to 136000 kg),40.49868392944336,-3.5746917724609375,Z2,2024-12-05,18,18R/36L
a9fa04,2024-12-05 09:44:00.695,2024-12-05 09:46:12.101,131.406,Heavy (larger than 136000 kg),40.49816584182998,-3.5746453025124287,Z2,2024-12-05,9,18R/36L
4403e0,2024-12-03 19:30:51.249,2024-12-03 19:31:39.893,48.644,Medium 1 (between 7000 kg and 34000 kg),40.50474134542174,-3.5592113841663706,Y1,2024-12-03,19,18L/36R
4cada6,2024-12-01 04:59:49.165,2024-12-01 05:00:56.920,67.755,Medium 2 (between 34000 kg to 136000 kg),40.49824730824616,-3.5746453025124287,Z2,2024-12-01,5,18R/36L
4d227a,2024-12-02 15:10:56.849,2024-12-02 15:12:44.912,108.063,Medium 2 (between 34000 kg to 136000 kg),40.505637475999734,-3.5592269897460938,Y1,2024-12-02,15,18L/36R
4d227a,2024-12-03 12:03:44.929,2024-12-03 12:05:20.293,95.364,Medium 2 (between 34000 kg to 136000 kg),40.4989128112793,-3.57464599609375,Z4,2024-12-03,12,18R/36L
4d227a,2024-12-06 06:25:48.669,2024-12-06 06:27:26.928,98.259,Medium 2 (between 34000 kg to 136000 kg),40.49718475341797,-3.5746612548828125,Z2,2024-12-06,6,18R/36L
aa9801,2024-12-05 12:26:39.658,2024-12-05 12:29:33.487,173.829,Heavy (larger than 136000 kg),40.49773406982422,-3.5746307373046875,Z1,2024-12-05,12,18R/36L
440282,2024-12-03 16:01:49.041,2024-12-03 16:04:12.700,143.659,Medium 1 (between 7000 kg and 34000 kg),40.49785161422471,-3.574629696932706,Z4,2024-12-03,16,18R/36L
4ca760,2024-12-01 18:23:13.806,2024-12-01 18:26:38.936,205.13,Medium 2 (between 34000 kg to 136000 kg),40.49758529663086,-3.5745849609375,Z2,2024-12-01,18,18R/36L
4ca760,2024-12-06 15:26:27.819,2024-12-06 15:27:53.568,85.749,Medium 2 (between 34000 kg to 136000 kg),40.50529997227555,-3.5592113841663706,Y1,2024-12-06,15,18L/36R
4ca760,2024-12-07 07:19:48.965,2024-12-07 07:20:59.393,70.428,Medium 2 (between 34000 kg to 136000 kg),40.50550945734573,-3.5592269897460938,Y1,2024-12-07,7,18L/36R
4caa57,2024-12-05 21:41:42.698,2024-12-05 23:19:17.245,5854.547,Medium 2 (between 34000 kg to 136000 kg),40.49807273735434,-3.574614091352983,Z4,2024-12-05,23,18R/36L
4d2367,2024-12-02 19:03:51.854,2024-12-02 19:05:19.408,87.554,Medium 1 (between 7000 kg and 34000 kg),40.498077392578125,-3.57464599609375,Z2,2024-12-02,19,18R/36L
4d2367,2024-12-03 10:38:21.813,2024-12-03 10:39:16.144,54.331,Medium 1 (between 7000 kg and 34000 kg),40.49893569946289,-3.57464599609375,Z4,2024-12-03,10,18R/36L
4d2367,2024-12-05 18:43:34.273,2024-12-05 18:45:47.159,132.886,Medium 1 (between 7000 kg and 34000 kg),40.49919891357422,-3.5746612548828125,Z4,2024-12-05,18,18R/36L
4d2367,2024-12-06 10:26:59.714,2024-12-06 10:28:52.111,112.397,Medium 1 (between 7000 kg and 34000 kg),40.49882921121888,-3.5746453025124287,Z4,2024-12-06,10,18R/36L
347501,2024-12-01 10:45:08.724,2024-12-01 10:46:51.171,102.447,Medium 2 (between 34000 kg to 136000 kg),40.498043060302734,-3.57464599609375,Z4,2024-12-01,10,18R/36L
347501,2024-12-02 15:16:59.252,2024-12-02 15:18:19.372,80.12,Medium 2 (between 34000 kg to 136000 kg),40.50506721108646,-3.5592113841663706,Y1,2024-12-02,15,18L/36R
347501,2024-12-03 15:22:45.840,2024-12-03 15:24:40.091,114.251,Medium 2 (between 34000 kg to 136000 kg),40.50582504272461,-3.5592193603515625,Y2,2024-12-03,15,18L/36R
347501,2024-12-04 03:39:19.232,2024-12-04 08:01:24.951,15725.719,Medium 2 (between 34000 kg to 136000 kg),40.497596740722656,-3.57464599609375,KA8,2024-12-04,8,18R/36L
347501,2024-12-05 15:11:33.998,2024-12-05 15:12:44.728,70.73,Medium 2 (between 34000 kg to 136000 kg),40.5058479309082,-3.5592041015625,Y1,2024-12-05,15,18L/36R
347501,2024-12-06 20:43:01.835,2024-12-06 20:44:34.678,92.843,Medium 2 (between 34000 kg to 136000 kg),40.49794006347656,-3.57464599609375,Z4,2024-12-06,20,18R/36L
34750f,2024-12-01 09:44:48.650,2024-12-01 09:45:55.682,67.032,Medium 2 (between 34000 kg to 136000 kg),40.4979796328787,-3.574660908092152,Z2,2024-12-01,9,18R/36L
34750f,2024-12-02 14:19:11.616,2024-12-02 14:22:32.108,200.492,Medium 2 (between 34000 kg to 136000 kg),40.49720764160156,-3.5746612548828125,Z2,2024-12-02,14,18R/36L
34750f,2024-12-04 05:49:41.301,2024-12-04 05:51:44.912,123.611,Medium 2 (between 34000 kg to 136000 kg),40.499131800764694,-3.574660908092152,Z2,2024-12-04,5,18R/36L
34750f,2024-12-04 09:49:51.174,2024-12-04 09:51:51.826,120.652,Medium 2 (between 34000 kg to 136000 kg),40.49719988289526,-3.5746453025124287,Z2,2024-12-04,9,18R/36L
34750f,2024-12-04 14:31:31.396,2024-12-04 14:33:30.954,119.558,Medium 2 (between 34000 kg to 136000 kg),40.49765396118164,-3.57464599609375,Z2,2024-12-04,14,18R/36L
34750f,2024-12-04 18:24:36.456,2024-12-04 18:27:05.906,149.45,Medium 2 (between 34000 kg to 136000 kg),40.49780506198689,-3.5746453025124287,Z2,2024-12-04,18,18R/36L
34750f,2024-12-05 18:53:11.779,2024-12-05 18:55:15.437,123.658,Medium 2 (between 34000 kg to 136000 kg),40.49820327758789,-3.5746612548828125,Z2,2024-12-05,18,18R/36L
34750f,2024-12-06 10:00:02.005,2024-12-06 10:01:43.399,101.394,Medium 2 (between 34000 kg to 136000 kg),40.49795635675979,-3.574660908092152,Z2,2024-12-06,10,18R/36L
34750f,2024-12-06 14:40:23.836,2024-12-06 14:42:11.969,108.133,Medium 2 (between 34000 kg to 136000 kg),40.50619125366211,-3.5592193603515625,Y1,2024-12-06,14,18L/36R
34750f,2024-12-07 11:43:37.028,2024-12-07 11:46:19.487,162.459,Medium 2 (between 34000 kg to 136000 kg),40.4981575012207,-3.57464599609375,Z2,2024-12-07,11,18R/36L
06a30c,2024-12-06 08:33:37.590,2024-12-06 08:35:01.259,83.669,Heavy (larger than 136000 kg),40.505287170410156,-3.5592193603515625,Y2,2024-12-06,8,18L/36R
0a0074,2024-12-01 13:06:41.427,2024-12-01 13:07:26.357,44.93,Medium 2 (between 34000 kg to 136000 kg),40.50668490135063,-3.5592113841663706,Y2,2024-12-01,13,18L/36R
347386,2024-12-02 08:13:53.883,2024-12-02 08:14:50.417,56.534,Heavy (larger than 136000 kg),40.49832877466234,-3.5746453025124287,Z3,2024-12-02,8,18R/36L
347386,2024-12-07 16:06:33.366,2024-12-07 16:08:02.487,89.121,Heavy (larger than 136000 kg),40.4974442821438,-3.5746453025124287,Z3,2024-12-07,16,18R/36L
347453,2024-12-02 15:54:43.653,2024-12-02 15:57:14.310,150.657,Medium 2 (between 34000 kg to 136000 kg),40.497537386619435,-3.5746453025124287,Z3,2024-12-02,15,18R/36L
347453,2024-12-03 12:37:00.902,2024-12-03 12:38:24.263,83.361,Medium 2 (between 34000 kg to 136000 kg),40.498107651532706,-3.5746453025124287,Z3,2024-12-03,12,18R/36L
344297,2024-12-03 12:11:22.528,2024-12-03 12:12:20.463,57.935,Medium 2 (between 34000 kg to 136000 kg),40.50607681274414,-3.5592193603515625,Y1,2024-12-03,12,18L/36R
344297,2024-12-03 16:12:43.111,2024-12-03 16:14:12.327,89.216,Medium 2 (between 34000 kg to 136000 kg),40.506766367766815,-3.5592269897460938,Y2,2024-12-03,16,18L/36R
344297,2024-12-03 20:55:24.971,2024-12-03 20:56:43.165,78.194,Medium 2 (between 34000 kg to 136000 kg),40.50608825683594,-3.5592193603515625,Y1,2024-12-03,20,18L/36R
344297,2024-12-06 14:18:32.123,2024-12-06 14:20:04.165,92.042,Medium 2 (between 34000 kg to 136000 kg),40.499427795410156,-3.5746612548828125,Z4,2024-12-06,14,18R/36L
344297,2024-12-07 14:29:55.415,2024-12-07 14:31:41.500,106.085,Medium 2 (between 34000 kg to 136000 kg),40.499108524645784,-3.574660908092152,Z4,2024-12-07,14,18R/36L
39bdab,2024-12-05 12:17:32.703,2024-12-05 12:19:07.126,94.423,Medium 2 (between 34000 kg to 136000 kg),40.506797790527344,-3.559234619140625,Y2,2024-12-05,12,18L/36R
3c64ae,2024-12-06 05:33:59.084,2024-12-06 05:35:34.872,95.788,Medium 2 (between 34000 kg to 136000 kg),40.4973162634898,-3.5746453025124287,Z2,2024-12-06,5,18R/36L
406b5b,2024-12-03 12:45:04.185,2024-12-03 12:46:06.454,62.269,Medium 2 (between 34000 kg to 136000 kg),40.50567626953125,-3.5592193603515625,Y1,2024-12-03,12,18L/36R
471f66,2024-12-06 11:42:54.883,2024-12-06 11:44:28.979,94.096,Medium 2 (between 34000 kg to 136000 kg),40.50596237182617,-3.5592041015625,Y2,2024-12-06,11,18L/36R
48af03,2024-12-03 14:51:46.016,2024-12-03 14:53:22.666,96.65,Medium 2 (between 34000 kg to 136000 kg),40.506534576416016,-3.5592193603515625,Y1,2024-12-03,14,18L/36R
4ca769,2024-12-06 20:55:53.791,2024-12-06 20:57:08.788,74.997,Medium 2 (between 34000 kg to 136000 kg),40.50604248046875,-3.5592193603515625,Y1,2024-12-06,20,18L/36R
4ca801,2024-12-03 08:33:04.850,2024-12-03 08:38:18.690,313.84,Medium 2 (between 34000 kg to 136000 kg),40.49804946123543,-3.5746453025124287,Z2,2024-12-03,8,18R/36L
344503,2024-12-01 15:26:04.165,2024-12-01 15:27:26.234,82.069,Heavy (larger than 136000 kg),40.49830627441406,-3.5746307373046875,Z3,2024-12-01,15,18R/36L
344503,2024-12-03 23:16:42.791,2024-12-03 23:18:47.916,125.125,Heavy (larger than 136000 kg),40.49842187913797,-3.5746453025124287,Z3,2024-12-03,23,18R/36L
344503,2024-12-06 15:14:53.848,2024-12-06 15:16:43.476,109.628,Heavy (larger than 136000 kg),40.498775482177734,-3.57464599609375,Z3,2024-12-06,15,18R/36L
344503,2024-12-07 15:29:40.402,2024-12-07 15:31:32.614,112.212,Heavy (larger than 136000 kg),40.49895722987288,-3.5746453025124287,Z3,2024-12-07,15,18R/36L
346310,2024-12-05 15:32:25.888,2024-12-05 15:34:37.093,131.205,Heavy (larger than 136000 kg),40.49911880493164,-3.5746612548828125,Z4,2024-12-05,15,18R/36L
34660b,2024-12-02 14:11:24.240,2024-12-02 14:12:39.053,74.813,Medium 2 (between 34000 kg to 136000 kg),40.50520706176758,-3.5592498779296875,Y1,2024-12-02,14,18L/36R
34660b,2024-12-04 07:54:39.663,2024-12-04 07:56:26.967,107.304,Medium 2 (between 34000 kg to 136000 kg),40.505069732666016,-3.5592193603515625,Y1,2024-12-04,7,18L/36R
34660b,2024-12-04 15:47:21.385,2024-12-04 15:48:28.560,67.175,Medium 2 (between 34000 kg to 136000 kg),40.50553273346464,-3.5591957785866475,Y1,2024-12-04,15,18L/36R
34660b,2024-12-04 21:45:15.132,2024-12-04 21:46:53.608,98.476,Medium 2 (between 34000 kg to 136000 kg),40.497374453787074,-3.5746453025124287,Z4,2024-12-04,21,18R/36L
34660b,2024-12-05 12:25:18.808,2024-12-05 12:27:05.163,106.355,Medium 2 (between 34000 kg to 136000 kg),40.50585859912937,-3.5592113841663706,Y1,2024-12-05,12,18L/36R
34660b,2024-12-06 06:44:56.104,2024-12-06 06:46:35.052,98.948,Medium 2 (between 34000 kg to 136000 kg),40.497421006024894,-3.574660908092152,Z4,2024-12-06,6,18R/36L
34660b,2024-12-07 19:24:44.524,2024-12-07 19:26:34.888,110.364,Medium 2 (between 34000 kg to 136000 kg),40.505427990929554,-3.559242595325817,Y1,2024-12-07,19,18L/36R
34740f,2024-12-02 14:35:31.390,2024-12-02 14:37:08.258,96.868,Heavy (larger than 136000 kg),40.50654602050781,-3.5592041015625,Y1,2024-12-02,14,18L/36R
34740f,2024-12-04 15:06:58.193,2024-12-04 15:08:40.945,102.752,Heavy (larger than 136000 kg),40.498329162597656,-3.57464599609375,Z2,2024-12-04,15,18R/36L
34740f,2024-12-06 15:09:12.353,2024-12-06 15:11:14.490,122.137,Heavy (larger than 136000 kg),40.498695373535156,-3.57464599609375,Z2,2024-12-06,15,18R/36L
3451d9,2024-12-02 08:35:38.949,2024-12-02 08:37:31.514,112.565,Medium 2 (between 34000 kg to 136000 kg),40.50691223144531,-3.5592193603515625,Y1,2024-12-02,8,18L/36R
3451d9,2024-12-02 14:50:54.443,2024-12-02 14:52:56.159,121.716,Medium 2 (between 34000 kg to 136000 kg),40.49898147583008,-3.5746612548828125,Z4,2024-12-02,14,18R/36L
3451d9,2024-12-02 18:58:52.067,2024-12-02 19:01:03.101,131.034,Medium 2 (between 34000 kg to 136000 kg),40.5055046081543,-3.559234619140625,Y1,2024-12-02,19,18L/36R
3451d9,2024-12-03 15:16:34.201,2024-12-03 15:18:27.045,112.844,Medium 2 (between 34000 kg to 136000 kg),40.49923654329979,-3.574660908092152,Z4,2024-12-03,15,18R/36L
3451d9,2024-12-04 07:40:35.642,2024-12-04 07:42:03.029,87.387,Medium 2 (between 34000 kg to 136000 kg),40.504737854003906,-3.5592193603515625,Y1,2024-12-04,7,18L/36R
3451d9,2024-12-07 09:37:28.335,2024-12-07 09:39:17.795,109.46,Medium 2 (between 34000 kg to 136000 kg),40.505823684951004,-3.5592269897460938,Y1,2024-12-07,9,18L/36R
3451d9,2024-12-07 11:21:02.779,2024-12-07 11:22:50.911,108.132,Medium 2 (between 34000 kg to 136000 kg),40.50604480808064,-3.5592269897460938,Y1,2024-12-07,11,18L/36R
3451d9,2024-12-07 15:53:52.620,2024-12-07 15:55:22.633,90.013,Medium 2 (between 34000 kg to 136000 kg),40.4988899230957,-3.5746612548828125,Z4,2024-12-07,15,18R/36L
3451d9,2024-12-07 19:03:19.564,2024-12-07 19:04:42.408,82.844,Medium 2 (between 34000 kg to 136000 kg),40.49922180175781,-3.5746612548828125,Z4,2024-12-07,19,18R/36L
39a207,2024-12-05 22:42:27.655,2024-12-05 22:43:30.750,63.095,Medium 2 (between 34000 kg to 136000 kg),40.49858093261719,-3.57464599609375,Z2,2024-12-05,22,18R/36L
4cae52,2024-12-05 06:18:59.623,2024-12-05 06:20:28.756,89.133,Medium 2 (between 34000 kg to 136000 kg),40.4981575012207,-3.57464599609375,Z2,2024-12-05,6,18R/36L
4cae52,2024-12-05 17:16:42.334,2024-12-05 17:18:16.212,93.878,Medium 2 (between 34000 kg to 136000 kg),40.49733352661133,-3.57464599609375,Z4,2024-12-05,17,18R/36L
4cae52,2024-12-07 20:12:20.815,2024-12-07 20:13:38.152,77.337,Medium 2 (between 34000 kg to 136000 kg),40.50336805440612,-3.5592113841663706,Y1,2024-12-07,20,18L/36R
010244,2024-12-05 14:21:19.674,2024-12-05 14:22:32.928,73.254,Medium 2 (between 34000 kg to 136000 kg),40.50614547729492,-3.5592193603515625,Y1,2024-12-05,14,18L/36R
341545,2024-12-02 13:10:07.981,2024-12-02 13:12:52.676,164.695,Medium 1 (between 7000 kg and 34000 kg),40.496646881103516,-3.57464599609375,Z2,2024-12-02,13,18R/36L
345318,2024-12-03 11:19:41.675,2024-12-03 11:20:51.841,70.166,Heavy (larger than 136000 kg),40.49763107299805,-3.57464599609375,Z1,2024-12-03,11,18R/36L
345318,2024-12-05 11:10:34.887,2024-12-05 11:11:48.644,73.757,Heavy (larger than 136000 kg),40.498759382862154,-3.5746453025124287,Z3,2024-12-05,11,18R/36L
345318,2024-12-06 15:35:02.147,2024-12-06 15:36:36.368,94.221,Heavy (larger than 136000 kg),40.498844146728516,-3.5746612548828125,Z3,2024-12-06,15,18R/36L
345318,2024-12-07 14:44:05.132,2024-12-07 14:46:50.280,165.148,Heavy (larger than 136000 kg),40.49818911794888,-3.574629696932706,Z3,2024-12-07,14,18R/36L
34604c,2024-12-03 15:19:36.733,2024-12-03 15:21:10.536,93.803,Medium 2 (between 34000 kg to 136000 kg),40.49851498361361,-3.5746453025124287,Z4,2024-12-03,15,18R/36L
34604c,2024-12-05 06:56:29.507,2024-12-05 06:58:08.349,98.842,Medium 2 (between 34000 kg to 136000 kg),40.5062255859375,-3.5592193603515625,Y1,2024-12-05,6,18L/36R
34604c,2024-12-05 11:26:23.587,2024-12-05 11:28:26.360,122.773,Medium 2 (between 34000 kg to 136000 kg),40.498775482177734,-3.5746612548828125,Z4,2024-12-05,11,18R/36L
34604c,2024-12-05 15:41:45.120,2024-12-05 15:43:24.275,99.155,Medium 2 (between 34000 kg to 136000 kg),40.506797790527344,-3.559234619140625,Y1,2024-12-05,15,18L/36R
34604c,2024-12-05 22:46:06.926,2024-12-05 22:49:56.053,229.127,Medium 2 (between 34000 kg to 136000 kg),40.498661041259766,-3.57464599609375,Z4,2024-12-05,22,18R/36L
34604c,2024-12-06 19:08:55.989,2024-12-06 19:10:50.237,114.248,Medium 2 (between 34000 kg to 136000 kg),40.4986197261487,-3.5746453025124287,Z4,2024-12-06,19,18R/36L
34604c,2024-12-07 15:03:35.282,2024-12-07 15:04:41.229,65.947,Medium 2 (between 34000 kg to 136000 kg),40.49329376220703,-3.5746002197265625,Z4,2024-12-07,15,18R/36L
020111,2024-12-01 12:30:16.216,2024-12-01 12:31:37.167,80.951,Medium 2 (between 34000 kg to 136000 kg),40.49409484863281,-3.574615478515625,Z1,2024-12-01,12,18R/36L
34324e,2024-12-02 06:53:26.008,2024-12-02 06:54:44.155,78.147,Medium 2 (between 34000 kg to 136000 kg),40.506370673745366,-3.5592113841663706,Y1,2024-12-02,6,18L/36R
34324e,2024-12-03 11:16:31.005,2024-12-03 11:17:55.723,84.718,Medium 2 (between 34000 kg to 136000 kg),40.505859375,-3.559234619140625,Y1,2024-12-03,11,18L/36R
34324e,2024-12-03 15:06:56.119,2024-12-03 15:08:31.828,95.709,Medium 2 (between 34000 kg to 136000 kg),40.49900436401367,-3.5746612548828125,Z4,2024-12-03,15,18R/36L
34324e,2024-12-04 15:26:31.953,2024-12-04 15:28:42.505,130.552,Medium 2 (between 34000 kg to 136000 kg),40.49805450439453,-3.57464599609375,Z4,2024-12-04,15,18R/36L
34324e,2024-12-05 15:02:38.911,2024-12-05 15:04:25.076,106.165,Medium 2 (between 34000 kg to 136000 kg),40.49898050599179,-3.5746453025124287,Z4,2024-12-05,15,18R/36L
34324e,2024-12-06 11:16:08.498,2024-12-06 11:17:35.732,87.234,Medium 2 (between 34000 kg to 136000 kg),40.50544738769531,-3.5592193603515625,Y1,2024-12-06,11,18L/36R
34324e,2024-12-06 15:25:08.773,2024-12-06 15:26:37.237,88.464,Medium 2 (between 34000 kg to 136000 kg),40.506184464794096,-3.5592269897460938,Y1,2024-12-06,15,18L/36R
34324e,2024-12-07 15:39:38.408,2024-12-07 15:44:09.684,271.276,Medium 2 (between 34000 kg to 136000 kg),40.498736106743245,-3.5746453025124287,Z4,2024-12-07,15,18R/36L
3c65c8,2024-12-06 17:36:54.783,2024-12-06 17:38:22.696,87.913,Medium 2 (between 34000 kg to 136000 kg),40.50579071044922,-3.5592041015625,Y1,2024-12-06,17,18L/36R
4ca704,2024-12-05 10:19:18.876,2024-12-05 10:20:18.628,59.752,Medium 2 (between 34000 kg to 136000 kg),40.506385803222656,-3.5592193603515625,Y1,2024-12-05,10,18L/36R
4d220c,2024-12-02 12:31:54.089,2024-12-02 12:33:24.884,90.795,Medium 2 (between 34000 kg to 136000 kg),40.49135757704912,-3.554170781915838,K2,2024-12-02,12,14L/32R
4d220c,2024-12-04 15:50:17.417,2024-12-04 15:51:14.308,56.891,Medium 2 (between 34000 kg to 136000 kg),40.505427990929554,-3.5592113841663706,Y1,2024-12-04,15,18L/36R
346057,2024-12-01 12:35:06.123,2024-12-01 12:38:47.344,221.221,Heavy (larger than 136000 kg),40.498317136602886,-3.5746453025124287,Z3,2024-12-01,12,18R/36L
346057,2024-12-04 12:02:57.334,2024-12-04 12:04:43.588,106.254,Heavy (larger than 136000 kg),40.49722315901417,-3.5746453025124287,Z1,2024-12-04,12,18R/36L
346057,2024-12-05 16:05:51.947,2024-12-05 16:07:37.876,105.929,Heavy (larger than 136000 kg),40.49839782714844,-3.57464599609375,Z3,2024-12-05,16,18R/36L
346057,2024-12-06 16:32:18.988,2024-12-06 16:34:16.401,117.413,Heavy (larger than 136000 kg),40.49828222242452,-3.574660908092152,Z3,2024-12-06,16,18R/36L
4cafb5,2024-12-01 09:15:24.091,2024-12-01 09:18:03.468,159.377,Medium 2 (between 34000 kg to 136000 kg),40.49804946123543,-3.5746453025124287,Z2,2024-12-01,9,18R/36L
34134e,2024-12-03 06:40:19.017,2024-12-03 06:41:41.075,82.058,Medium 2 (between 34000 kg to 136000 kg),40.50527572631836,-3.5592193603515625,Y1,2024-12-03,6,18L/36R
34134e,2024-12-03 11:34:35.063,2024-12-03 11:36:29.207,114.144,Medium 2 (between 34000 kg to 136000 kg),40.505311610335006,-3.5592269897460938,Y1,2024-12-03,11,18L/36R
34134e,2024-12-04 08:14:01.683,2024-12-04 08:15:18.596,76.913,Medium 2 (between 34000 kg to 136000 kg),40.50409698486328,-3.5592193603515625,Y1,2024-12-04,8,18L/36R
34134e,2024-12-05 15:14:57.071,2024-12-05 15:17:56.465,179.394,Medium 2 (between 34000 kg to 136000 kg),40.50564911405919,-3.559242595325817,Y1,2024-12-05,15,18L/36R
34134e,2024-12-05 21:18:06.078,2024-12-05 21:20:30.846,144.768,Medium 2 (between 34000 kg to 136000 kg),40.5051383972168,-3.5592193603515625,Y1,2024-12-05,21,18L/36R
39990c,2024-12-01 08:37:46.210,2024-12-01 08:39:42.169,115.959,Medium 1 (between 7000 kg and 34000 kg),40.50735855102539,-3.5592193603515625,Y1,2024-12-01,8,18L/36R
34310d,2024-12-03 16:14:13.641,2024-12-03 16:16:23.796,130.155,High vortex aircraft,40.49766540527344,-3.574660908092152,Z1,2024-12-03,16,18R/36L
344216,2024-12-02 14:31:16.769,2024-12-02 14:33:02.490,105.721,Medium 2 (between 34000 kg to 136000 kg),40.50677800582627,-3.559242595325817,Y2,2024-12-02,14,18L/36R
344216,2024-12-04 06:25:24.587,2024-12-04 06:26:57.481,92.894,Medium 2 (between 34000 kg to 136000 kg),40.49812316894531,-3.574615478515625,Z2,2024-12-04,6,18R/36L
344216,2024-12-07 18:57:21.751,2024-12-07 19:00:47.118,205.367,Medium 2 (between 34000 kg to 136000 kg),40.49981689453125,-3.5746917724609375,Z4,2024-12-07,19,18R/36L
34640e,2024-12-03 11:24:58.969,2024-12-03 11:28:02.871,183.902,Heavy (larger than 136000 kg),40.49809601347325,-3.5746453025124287,Z3,2024-12-03,11,18R/36L
34640e,2024-12-04 11:43:22.023,2024-12-04 11:44:31.681,69.658,Heavy (larger than 136000 kg),40.49671108439817,-3.5746453025124287,Z1,2024-12-04,11,18R/36L
347287,2024-12-02 19:39:33.347,2024-12-02 19:41:21.065,107.718,Medium 2 (between 34000 kg to 136000 kg),40.50513703944319,-3.559242595325817,Y1,2024-12-02,19,18L/36R
347287,2024-12-03 16:19:09.591,2024-12-03 16:21:35.358,145.767,Medium 2 (between 34000 kg to 136000 kg),40.49785161422471,-3.5746453025124287,Z3,2024-12-03,16,18R/36L
347287,2024-12-04 19:55:22.809,2024-12-04 19:57:11.244,108.435,Medium 2 (between 34000 kg to 136000 kg),40.50539016723633,-3.5592498779296875,Y1,2024-12-04,19,18L/36R
347287,2024-12-06 20:54:06.111,2024-12-06 20:55:53.455,107.344,Medium 2 (between 34000 kg to 136000 kg),40.506385803222656,-3.5592041015625,Y3,2024-12-06,20,18L/36R
347287,2024-12-07 17:13:09.589,2024-12-07 17:14:30.940,81.351,Medium 2 (between 34000 kg to 136000 kg),40.49646668514963,-3.574629696932706,Z3,2024-12-07,17,18R/36L
0200eb,2024-12-06 18:58:22.903,2024-12-06 19:00:04.120,101.217,Medium 2 (between 34000 kg to 136000 kg),40.498154203770525,-3.574660908092152,Z3,2024-12-06,19,18R/36L
344455,2024-12-02 15:25:40.267,2024-12-02 15:27:11.691,91.424,Medium 2 (between 34000 kg to 136000 kg),40.50549781928628,-3.559242595325817,Y1,2024-12-02,15,18L/36R
344455,2024-12-03 19:39:55.729,2024-12-03 19:43:41.689,225.96,Medium 2 (between 34000 kg to 136000 kg),40.498661041259766,-3.5746612548828125,Z4,2024-12-03,19,18R/36L
344455,2024-12-04 11:53:05.463,2024-12-04 11:55:17.259,131.796,Medium 2 (between 34000 kg to 136000 kg),40.49773406982422,-3.57464599609375,Z4,2024-12-04,11,18R/36L
344455,2024-12-05 23:30:57.869,2024-12-05 23:33:37.664,159.795,Medium 2 (between 34000 kg to 136000 kg),40.49830549854343,-3.5746453025124287,Z4,2024-12-05,23,18R/36L
346350,2024-12-06 14:37:03.179,2024-12-06 14:39:19.922,136.743,Medium 2 (between 34000 kg to 136000 kg),40.50645446777344,-3.55926513671875,Y1,2024-12-06,14,18L/36R
4ba933,2024-12-03 17:10:45.462,2024-12-03 17:11:50.038,64.576,Heavy (larger than 136000 kg),40.50663757324219,-3.5592193603515625,Y1,2024-12-03,17,18L/36R
3442c9,2024-12-02 11:24:19.189,2024-12-02 11:27:18.792,179.603,Medium 2 (between 34000 kg to 136000 kg),40.48074366682667,-3.571805087002841,LA,2024-12-02,11,14R/32L
347245,2024-12-03 03:56:27.089,2024-12-03 03:58:34.556,127.467,Heavy (larger than 136000 kg),40.49660110473633,-3.5746307373046875,Z1,2024-12-03,3,18R/36L
347387,2024-12-01 11:43:08.372,2024-12-01 11:44:39.752,91.38,Heavy (larger than 136000 kg),40.4981689453125,-3.57464599609375,Z3,2024-12-01,11,18R/36L
347387,2024-12-02 12:01:46.036,2024-12-02 12:04:29.413,163.377,Heavy (larger than 136000 kg),40.4798698425293,-3.5709228515625,LE,2024-12-02,12,14R/32L
347387,2024-12-03 16:11:41.874,2024-12-03 16:14:21.602,159.728,Heavy (larger than 136000 kg),40.49824905395508,-3.57464599609375,Z3,2024-12-03,16,18R/36L
347387,2024-12-06 08:11:42.380,2024-12-06 08:13:18.346,95.966,Heavy (larger than 136000 kg),40.49806594848633,-3.57464599609375,Z3,2024-12-06,8,18R/36L
aa2ca9,2024-12-03 09:15:13.240,2024-12-03 09:16:41.544,88.304,Heavy (larger than 136000 kg),40.49715333065744,-3.5746453025124287,Z1,2024-12-03,9,18R/36L
4cad3d,2024-12-06 10:39:30.336,2024-12-06 10:41:14.805,104.469,Medium 2 (between 34000 kg to 136000 kg),40.49821472167969,-3.57464599609375,Z4,2024-12-06,10,18R/36L
4cad3d,2024-12-07 23:14:53.199,2024-12-07 23:17:51.093,177.894,Medium 2 (between 34000 kg to 136000 kg),40.49715333065744,-3.574629696932706,Z2,2024-12-07,23,18R/36L
e80200,2024-12-01 16:08:30.666,2024-12-01 16:12:19.830,229.164,Heavy (larger than 136000 kg),40.498809814453125,-3.57464599609375,Z3,2024-12-01,16,18R/36L
3461cb,2024-12-03 11:39:27.175,2024-12-03 11:41:00.670,93.495,Heavy (larger than 136000 kg),40.498107651532706,-3.574660908092152,Z3,2024-12-03,11,18R/36L
3461cb,2024-12-05 23:34:54.128,2024-12-05 23:37:12.509,138.381,Heavy (larger than 136000 kg),40.49725341796875,-3.5746612548828125,Z1,2024-12-05,23,18R/36L
3461cb,2024-12-07 12:04:13.630,2024-12-07 12:06:14.372,120.742,Heavy (larger than 136000 kg),40.4974250793457,-3.5746307373046875,Z3,2024-12-07,12,18R/36L
0100db,2024-12-07 12:40:31.927,2024-12-07 12:41:31.195,59.268,Medium 2 (between 34000 kg to 136000 kg),40.5062370300293,-3.5592041015625,Y1,2024-12-07,12,18L/36R
34758c,2024-12-01 15:24:28.383,2024-12-01 15:26:10.149,101.766,Medium 2 (between 34000 kg to 136000 kg),40.49942275225106,-3.574660908092152,Z4,2024-12-01,15,18R/36L
34758c,2024-12-02 15:50:19.964,2024-12-02 15:52:20.786,120.822,Medium 2 (between 34000 kg to 136000 kg),40.49807273735434,-3.574660908092152,Z4,2024-12-02,15,18R/36L
34758c,2024-12-04 20:17:12.255,2024-12-04 20:18:32.828,80.573,Medium 2 (between 34000 kg to 136000 kg),40.49816584182998,-3.574676513671875,Z4,2024-12-04,20,18R/36L
34758c,2024-12-05 11:24:39.333,2024-12-05 11:27:17.848,158.515,Medium 2 (between 34000 kg to 136000 kg),40.49841024107852,-3.5746453025124287,Z4,2024-12-05,11,18R/36L
34758c,2024-12-05 19:18:56.094,2024-12-05 19:20:44.323,108.229,Medium 2 (between 34000 kg to 136000 kg),40.4984917074947,-3.574660908092152,Z4,2024-12-05,19,18R/36L
34758c,2024-12-06 16:35:35.052,2024-12-06 16:36:25.782,50.73,Medium 2 (between 34000 kg to 136000 kg),40.49923324584961,-3.574676513671875,Z4,2024-12-06,16,18R/36L
406674,2024-12-05 13:52:06.586,2024-12-05 13:54:25.293,138.707,Medium 2 (between 34000 kg to 136000 kg),40.49800290899761,-3.574894991787997,Z3,2024-12-05,13,18R/36L
4d244a,2024-12-05 12:17:41.758,2024-12-05 12:23:47.240,365.482,Medium 2 (between 34000 kg to 136000 kg),40.49803782317598,-3.5746453025124287,Z2,2024-12-05,12,18R/36L
896186,2024-12-02 13:43:36.037,2024-12-02 13:45:20.899,104.862,Heavy (larger than 136000 kg),40.499542236328125,-3.5746307373046875,Z3,2024-12-02,13,18R/36L
49d2aa,2024-12-03 16:19:49.722,2024-12-03 16:21:16.501,86.779,Medium 1 (between 7000 kg and 34000 kg),40.50905227661133,-3.5592193603515625,Y2,2024-12-03,16,18L/36R
4ca802,2024-12-05 18:46:37.714,2024-12-05 18:51:03.768,266.054,Medium 2 (between 34000 kg to 136000 kg),40.49783706665039,-3.57470703125,Z2,2024-12-05,18,18R/36L
4ca814,2024-12-02 05:50:14.809,2024-12-02 05:51:39.849,85.04,Medium 2 (between 34000 kg to 136000 kg),40.49802017211914,-3.57464599609375,Z4,2024-12-02,5,18R/36L
4ca814,2024-12-02 11:56:31.290,2024-12-02 11:58:17.758,106.468,Medium 2 (between 34000 kg to 136000 kg),40.48040771484375,-3.5714569091796875,LA,2024-12-02,11,14R/32L
4ca814,2024-12-02 15:56:56.353,2024-12-02 15:58:59.596,123.243,Medium 2 (between 34000 kg to 136000 kg),40.497560662738344,-3.574660908092152,Z2,2024-12-02,15,18R/36L
4ca814,2024-12-03 07:25:02.205,2024-12-03 07:26:38.388,96.183,Medium 2 (between 34000 kg to 136000 kg),40.505823684951004,-3.5592269897460938,Y1,2024-12-03,7,18L/36R
3420cb,2024-12-01 15:07:14.877,2024-12-01 15:10:14.440,179.563,Medium 2 (between 34000 kg to 136000 kg),40.49821239406779,-3.574660908092152,Z4,2024-12-01,15,18R/36L
3420cb,2024-12-02 11:08:03.211,2024-12-02 11:09:44.263,101.052,Medium 2 (between 34000 kg to 136000 kg),40.48107147216797,-3.5721282958984375,LC,2024-12-02,11,14R/32L
3420cb,2024-12-03 08:23:09.085,2024-12-03 08:24:29.822,80.737,Medium 2 (between 34000 kg to 136000 kg),40.50581359863281,-3.559234619140625,Y1,2024-12-03,8,18L/36R
3420cb,2024-12-03 15:24:40.212,2024-12-03 15:27:11.700,151.488,Medium 2 (between 34000 kg to 136000 kg),40.49824905395508,-3.5746612548828125,Z4,2024-12-03,15,18R/36L
3420cb,2024-12-05 06:47:42.315,2024-12-05 06:49:42.841,120.526,Medium 2 (between 34000 kg to 136000 kg),40.505001068115234,-3.5592193603515625,Y1,2024-12-05,6,18L/36R
3420cb,2024-12-05 15:44:36.544,2024-12-05 15:46:08.219,91.675,Medium 2 (between 34000 kg to 136000 kg),40.506534576416016,-3.5592498779296875,Y3,2024-12-05,15,18L/36R
3420cb,2024-12-06 20:52:45.325,2024-12-06 20:54:15.109,89.784,Medium 2 (between 34000 kg to 136000 kg),40.50529861450195,-3.5592193603515625,Y1,2024-12-06,20,18L/36R
343694,2024-12-01 06:55:21.338,2024-12-01 06:57:13.179,111.841,Medium 2 (between 34000 kg to 136000 kg),40.49704858812235,-3.574660908092152,Z2,2024-12-01,6,18R/36L
343694,2024-12-02 20:52:39.853,2024-12-02 20:54:17.528,97.675,Medium 2 (between 34000 kg to 136000 kg),40.506393949864275,-3.5592269897460938,Y2,2024-12-02,20,18L/36R
343694,2024-12-03 15:26:56.795,2024-12-03 15:28:38.052,101.257,Medium 2 (between 34000 kg to 136000 kg),40.50645446777344,-3.5592193603515625,Y1,2024-12-03,15,18L/36R
343694,2024-12-04 08:15:01.321,2024-12-04 08:16:37.898,96.577,Medium 2 (between 34000 kg to 136000 kg),40.50453186035156,-3.559234619140625,Y1,2024-12-04,8,18L/36R
343694,2024-12-05 15:37:22.075,2024-12-05 15:39:08.146,106.071,Medium 2 (between 34000 kg to 136000 kg),40.50612258911133,-3.5592193603515625,Y1,2024-12-05,15,18L/36R
343694,2024-12-05 22:16:13.909,2024-12-05 22:19:31.479,197.57,Medium 2 (between 34000 kg to 136000 kg),40.49922490524033,-3.5746453025124287,Z4,2024-12-05,22,18R/36L
343694,2024-12-06 11:24:45.253,2024-12-06 11:27:19.327,154.074,Medium 2 (between 34000 kg to 136000 kg),40.497802734375,-3.57464599609375,Z4,2024-12-06,11,18R/36L
343694,2024-12-07 15:04:05.145,2024-12-07 15:06:42.921,157.776,Medium 2 (between 34000 kg to 136000 kg),40.50597381591797,-3.5592193603515625,Y1,2024-12-07,15,18L/36R
343694,2024-12-07 19:41:02.268,2024-12-07 19:42:51.796,109.528,Medium 2 (between 34000 kg to 136000 kg),40.50631248344809,-3.5592269897460938,Y1,2024-12-07,19,18L/36R
345299,2024-12-05 15:20:03.966,2024-12-05 15:21:47.064,103.098,Heavy (larger than 136000 kg),40.49853825973252,-3.5746453025124287,Z2,2024-12-05,15,18R/36L
345299,2024-12-07 15:04:36.410,2024-12-07 15:07:23.914,167.504,Heavy (larger than 136000 kg),40.49838638305664,-3.574615478515625,Z2,2024-12-07,15,18R/36L
485a35,2024-12-05 16:46:51.997,2024-12-05 16:47:48.756,56.759,Medium 2 (between 34000 kg to 136000 kg),40.49906197240797,-3.574660908092152,Z2,2024-12-05,16,18R/36L
4ca264,2024-12-02 06:43:01.794,2024-12-02 06:44:14.592,72.798,Medium 2 (between 34000 kg to 136000 kg),40.50640558792373,-3.5592113841663706,Y1,2024-12-02,6,18L/36R
4ca264,2024-12-02 13:17:07.974,2024-12-02 13:19:08.471,120.497,Medium 2 (between 34000 kg to 136000 kg),40.497928619384766,-3.57464599609375,Z2,2024-12-02,13,18R/36L
4ca264,2024-12-03 16:04:07.728,2024-12-03 16:06:31.955,144.227,Medium 2 (between 34000 kg to 136000 kg),40.497379302978516,-3.57464599609375,Z2,2024-12-03,16,18R/36L
4ca264,2024-12-04 16:02:18.961,2024-12-04 16:04:14.403,115.442,Medium 2 (between 34000 kg to 136000 kg),40.49839782714844,-3.57464599609375,Z2,2024-12-04,16,18R/36L
4ca264,2024-12-06 18:34:58.150,2024-12-06 18:37:32.619,154.469,Medium 2 (between 34000 kg to 136000 kg),40.4992561340332,-3.574676513671875,Z4,2024-12-06,18,18R/36L
3cdd21,2024-12-04 05:23:08.077,2024-12-04 05:24:54.239,106.162,Medium 1 (between 7000 kg and 34000 kg),40.497002035884535,-3.574629696932706,Z2,2024-12-04,5,18R/36L
4d2279,2024-12-02 23:31:50.565,2024-12-02 23:34:29.645,159.08,Medium 2 (between 34000 kg to 136000 kg),40.49749083438162,-3.574629696932706,Z2,2024-12-02,23,18R/36L
4d2279,2024-12-05 09:01:29.659,2024-12-05 09:02:50.702,81.043,Medium 2 (between 34000 kg to 136000 kg),40.506626711053364,-3.5592269897460938,Y1,2024-12-05,9,18L/36R
aa6ccb,2024-12-02 12:56:47.156,2024-12-02 12:58:56.078,128.922,Heavy (larger than 136000 kg),40.49729298737089,-3.574629696932706,Z3,2024-12-02,12,18R/36L
34538e,2024-12-02 14:27:19.367,2024-12-02 14:29:20.268,120.901,Medium 2 (between 34000 kg to 136000 kg),40.50640558792373,-3.559242595325817,Y1,2024-12-02,14,18L/36R
34538e,2024-12-03 14:16:35.236,2024-12-03 14:18:43.849,128.613,Medium 2 (between 34000 kg to 136000 kg),40.4990037821107,-3.574676513671875,Z2,2024-12-03,14,18R/36L
34538e,2024-12-03 18:16:50.410,2024-12-03 18:18:55.765,125.355,Medium 2 (between 34000 kg to 136000 kg),40.49860808808925,-3.574676513671875,Z2,2024-12-03,18,18R/36L
34538e,2024-12-04 14:37:22.507,2024-12-04 14:39:18.251,115.744,Medium 2 (between 34000 kg to 136000 kg),40.50669479370117,-3.5592041015625,Y1,2024-12-04,14,18L/36R
34538e,2024-12-06 06:02:41.054,2024-12-06 06:03:46.133,65.079,Medium 2 (between 34000 kg to 136000 kg),40.4991550768836,-3.5746453025124287,Z4,2024-12-06,6,18R/36L
34538e,2024-12-07 14:18:56.280,2024-12-07 14:20:55.542,119.262,Medium 2 (between 34000 kg to 136000 kg),40.498924255371094,-3.5746612548828125,Z2,2024-12-07,14,18R/36L
3474c8,2024-12-02 10:16:37.010,2024-12-02 10:18:25.865,108.855,Heavy (larger than 136000 kg),40.4806022644043,-3.5716552734375,LE,2024-12-02,10,14R/32L
3474c8,2024-12-04 10:18:28.957,2024-12-04 10:22:01.789,212.832,Heavy (larger than 136000 kg),40.496955483646715,-3.5746453025124287,Z3,2024-12-04,10,18R/36L
3474c8,2024-12-05 14:29:59.881,2024-12-05 14:31:43.776,103.895,Heavy (larger than 136000 kg),40.4986197261487,-3.574660908092152,Z3,2024-12-05,14,18R/36L
346147,2024-12-03 19:36:07.719,2024-12-03 19:38:06.127,118.408,Medium 2 (between 34000 kg to 136000 kg),40.505126953125,-3.5592193603515625,Y1,2024-12-03,19,18L/36R
346147,2024-12-04 16:12:12.564,2024-12-04 16:16:17.169,244.605,Medium 2 (between 34000 kg to 136000 kg),40.49765396118164,-3.5746002197265625,Z3,2024-12-04,16,18R/36L
345204,2024-12-02 10:00:18.000,2024-12-02 10:01:29.656,71.656,Medium 2 (between 34000 kg to 136000 kg),40.49175327107058,-3.5546077381480825,K1,2024-12-02,10,14L/32R
345204,2024-12-02 18:54:28.216,2024-12-02 18:56:10.945,102.729,Medium 2 (between 34000 kg to 136000 kg),40.504776259600106,-3.5592269897460938,Y1,2024-12-02,18,18L/36R
345204,2024-12-05 15:40:40.710,2024-12-05 15:41:52.357,71.647,Medium 2 (between 34000 kg to 136000 kg),40.5059284274861,-3.559242595325817,Y1,2024-12-05,15,18L/36R
3455d7,2024-12-06 15:34:24.769,2024-12-06 15:35:28.762,63.993,Medium 2 (between 34000 kg to 136000 kg),40.5069465637207,-3.5594024658203125,Y3,2024-12-06,15,18L/36R
3455d7,2024-12-06 19:49:29.211,2024-12-06 19:50:59.818,90.607,Medium 2 (between 34000 kg to 136000 kg),40.50640869140625,-3.5594024658203125,Y2,2024-12-06,19,18L/36R
30095a,2024-12-02 15:46:10.520,2024-12-02 15:48:36.020,145.5,Medium 1 (between 7000 kg and 34000 kg),40.497711181640625,-3.5746612548828125,Z2,2024-12-02,15,18R/36L
4d217a,2024-12-05 12:24:05.399,2024-12-05 12:25:41.519,96.12,Medium 1 (between 7000 kg and 34000 kg),40.50606808419955,-3.5592113841663706,Y1,2024-12-05,12,18L/36R
aaa6e4,2024-12-05 14:40:41.908,2024-12-05 14:41:56.521,74.613,Heavy (larger than 136000 kg),40.498809814453125,-3.57464599609375,Z3,2024-12-05,14,18R/36L
aaa6e4,2024-12-06 16:17:52.849,2024-12-06 16:29:27.024,694.175,Heavy (larger than 136000 kg),40.49885248733779,-3.574676513671875,Z1,2024-12-06,16,18R/36L
344446,2024-12-02 10:04:35.286,2024-12-02 10:06:28.500,113.214,Medium 2 (between 34000 kg to 136000 kg),40.48095703125,-3.572021484375,LA,2024-12-02,10,14R/32L
344446,2024-12-02 13:52:10.658,2024-12-02 13:53:33.452,82.794,Medium 2 (between 34000 kg to 136000 kg),40.50611114501953,-3.5592498779296875,Y1,2024-12-02,13,18L/36R
344446,2024-12-02 19:34:01.712,2024-12-02 19:36:28.535,146.823,Medium 2 (between 34000 kg to 136000 kg),40.497859954833984,-3.574676513671875,Z2,2024-12-02,19,18R/36L
344446,2024-12-06 13:57:09.181,2024-12-06 13:58:55.130,105.949,Medium 2 (between 34000 kg to 136000 kg),40.50630084538864,-3.5592269897460938,Y1,2024-12-06,13,18L/36R
346458,2024-12-01 06:15:12.400,2024-12-01 06:16:43.117,90.717,Medium 2 (between 34000 kg to 136000 kg),40.49704858812235,-3.574629696932706,Z3,2024-12-01,6,18R/36L
346458,2024-12-02 15:21:15.068,2024-12-02 15:22:46.155,91.087,Medium 2 (between 34000 kg to 136000 kg),40.50546290510792,-3.5592113841663706,Y1,2024-12-02,15,18L/36R
346458,2024-12-03 15:44:58.846,2024-12-03 15:46:10.818,71.972,Medium 2 (between 34000 kg to 136000 kg),40.49865464032706,-3.5746453025124287,Z4,2024-12-03,15,18R/36L
346458,2024-12-04 06:26:46.149,2024-12-04 06:28:35.263,109.114,Medium 2 (between 34000 kg to 136000 kg),40.498270584365066,-3.5746453025124287,Z4,2024-12-04,6,18R/36L
346458,2024-12-05 06:17:38.345,2024-12-05 06:19:14.200,95.855,Medium 2 (between 34000 kg to 136000 kg),40.497928619384766,-3.5746307373046875,Z4,2024-12-05,6,18R/36L
346458,2024-12-05 16:48:59.023,2024-12-05 16:50:39.268,100.245,Medium 2 (between 34000 kg to 136000 kg),40.49771195751126,-3.574660908092152,Z3,2024-12-05,16,18R/36L
40624e,2024-12-01 11:10:29.969,2024-12-01 11:11:23.062,53.093,Medium 2 (between 34000 kg to 136000 kg),40.50542449951172,-3.55938720703125,Y2,2024-12-01,11,18L/36R
3453cc,2024-12-04 14:35:53.701,2024-12-04 14:38:24.879,151.178,Medium 2 (between 34000 kg to 136000 kg),40.49920162912142,-3.574660908092152,Z4,2024-12-04,14,18R/36L
3453cc,2024-12-05 05:58:02.845,2024-12-05 05:59:45.516,102.671,Medium 2 (between 34000 kg to 136000 kg),40.49876403808594,-3.57464599609375,Z4,2024-12-05,5,18R/36L
3453cc,2024-12-05 09:38:54.482,2024-12-05 09:44:20.564,326.082,Medium 2 (between 34000 kg to 136000 kg),40.49662961798199,-3.574629696932706,Z2,2024-12-05,9,18R/36L
3453cc,2024-12-05 14:44:24.345,2024-12-05 14:46:56.566,152.221,Medium 2 (between 34000 kg to 136000 kg),40.506797790527344,-3.559234619140625,Y1,2024-12-05,14,18L/36R
3453cc,2024-12-07 14:21:47.475,2024-12-07 14:24:20.663,153.188,Medium 2 (between 34000 kg to 136000 kg),40.498712830624335,-3.574660908092152,Z2,2024-12-07,14,18R/36L
4400dc,2024-12-05 23:06:26.442,2024-12-05 23:09:05.703,159.261,Medium 2 (between 34000 kg to 136000 kg),40.49694384558726,-3.574816963889382,Z2,2024-12-05,23,18R/36L
4400dc,2024-12-07 10:31:58.976,2024-12-07 10:32:57.599,58.623,Medium 2 (between 34000 kg to 136000 kg),40.49710464477539,-3.5748291015625,Z2,2024-12-07,10,18R/36L
738054,2024-12-03 11:33:11.728,2024-12-03 11:34:56.520,104.792,Medium 2 (between 34000 kg to 136000 kg),40.50626593121027,-3.5592269897460938,Y2,2024-12-03,11,18L/36R
345218,2024-12-04 09:39:25.024,2024-12-04 09:41:14.391,109.367,Medium 2 (between 34000 kg to 136000 kg),40.50511376332428,-3.5592269897460938,Y1,2024-12-04,9,18L/36R
345218,2024-12-05 16:14:18.894,2024-12-05 16:16:02.037,103.143,Medium 2 (between 34000 kg to 136000 kg),40.5000114440918,-3.574676513671875,Z4,2024-12-05,16,18R/36L
345218,2024-12-06 06:48:08.132,2024-12-06 06:50:42.273,154.141,Medium 2 (between 34000 kg to 136000 kg),40.49846649169922,-3.5746612548828125,Z2,2024-12-06,6,18R/36L
06a136,2024-12-07 15:02:51.485,2024-12-07 15:04:19.552,88.067,Heavy (larger than 136000 kg),40.50628920732918,-3.5592113841663706,Y2,2024-12-07,15,18L/36R
4b3778,2024-12-04 09:23:45.821,2024-12-04 09:25:04.017,78.196,Medium 1 (between 7000 kg and 34000 kg),40.505381438691735,-3.5592269897460938,Y1,2024-12-04,9,18L/36R
06a1bb,2024-12-01 14:32:05.188,2024-12-01 14:33:58.214,113.026,Heavy (larger than 136000 kg),40.50649869239936,-3.5592269897460938,Y2,2024-12-01,14,18L/36R
347692,2024-12-04 14:26:44.232,2024-12-04 14:28:53.119,128.887,Heavy (larger than 136000 kg),40.49870119256488,-3.574660908092152,Z2,2024-12-04,14,18R/36L
347692,2024-12-06 15:03:31.358,2024-12-06 15:05:35.302,123.944,Heavy (larger than 136000 kg),40.498958587646484,-3.574676513671875,Z2,2024-12-06,15,18R/36L
4bb276,2024-12-06 14:09:54.206,2024-12-06 14:11:32.248,98.042,Medium 2 (between 34000 kg to 136000 kg),40.50544738769531,-3.5592041015625,Y1,2024-12-06,14,18L/36R
4ca25b,2024-12-03 16:09:40.059,2024-12-03 16:10:35.964,55.905,Medium 2 (between 34000 kg to 136000 kg),40.50635903568591,-3.559242595325817,Y1,2024-12-03,16,18L/36R
3473cf,2024-12-04 06:00:16.456,2024-12-04 06:01:51.154,94.698,Medium 1 (between 7000 kg and 34000 kg),40.506752014160156,-3.5592193603515625,Y1,2024-12-04,6,18L/36R
3473cf,2024-12-05 16:16:46.568,2024-12-05 16:19:02.586,136.018,Medium 1 (between 7000 kg and 34000 kg),40.49863815307617,-3.57464599609375,Z2,2024-12-05,16,18R/36L
4ba9e2,2024-12-06 11:23:52.411,2024-12-06 11:25:20.706,88.295,Heavy (larger than 136000 kg),40.5062255859375,-3.5592041015625,Y1,2024-12-06,11,18L/36R
3461cd,2024-12-05 16:07:17.915,2024-12-05 16:10:30.406,192.491,Medium 1 (between 7000 kg and 34000 kg),40.49574279785156,-3.5746307373046875,Z2,2024-12-05,16,18R/36L
4ca9ec,2024-12-01 20:10:10.027,2024-12-01 20:12:57.266,167.239,Medium 2 (between 34000 kg to 136000 kg),40.49894714355469,-3.5747222900390625,Z4,2024-12-01,20,18R/36L
4bc853,2024-12-04 14:02:30.187,2024-12-04 14:04:04.819,94.632,Medium 2 (between 34000 kg to 136000 kg),40.50529997227555,-3.559242595325817,Y1,2024-12-04,14,18L/36R
4d227d,2024-12-06 09:46:53.972,2024-12-06 09:48:31.867,97.895,Medium 2 (between 34000 kg to 136000 kg),40.506248474121094,-3.559234619140625,Y1,2024-12-06,9,18L/36R
aaf47d,2024-12-03 12:39:32.753,2024-12-03 12:41:07.756,95.003,Heavy (larger than 136000 kg),40.49773523363016,-3.574629696932706,Z1,2024-12-03,12,18R/36L
aaf47d,2024-12-05 09:59:36.860,2024-12-05 10:01:18.047,101.187,Heavy (larger than 136000 kg),40.49788652840307,-3.574629696932706,Z3,2024-12-05,10,18R/36L
3423c3,2024-12-01 11:00:25.262,2024-12-01 11:01:52.754,87.492,Medium 2 (between 34000 kg to 136000 kg),40.505474543167374,-3.5592113841663706,Y1,2024-12-01,11,18L/36R
3423c3,2024-12-03 11:40:25.986,2024-12-03 11:41:57.219,91.233,Medium 2 (between 34000 kg to 136000 kg),40.50582504272461,-3.5592193603515625,Y1,2024-12-03,11,18L/36R
3423c3,2024-12-03 20:42:53.218,2024-12-03 20:45:45.282,172.064,Medium 2 (between 34000 kg to 136000 kg),40.50525342003774,-3.5592269897460938,Y1,2024-12-03,20,18L/36R
3423c3,2024-12-05 06:34:00.141,2024-12-05 06:35:38.407,98.266,Medium 2 (between 34000 kg to 136000 kg),40.50523014391883,-3.5592269897460938,Y1,2024-12-05,6,18L/36R
3423c3,2024-12-06 15:07:48.973,2024-12-06 15:09:45.351,116.378,Medium 2 (between 34000 kg to 136000 kg),40.49835205078125,-3.57464599609375,Z4,2024-12-06,15,18R/36L
3423c3,2024-12-06 19:03:22.758,2024-12-06 19:04:50.974,88.216,Medium 2 (between 34000 kg to 136000 kg),40.49836349487305,-3.574676513671875,Z4,2024-12-06,19,18R/36L
3423c3,2024-12-07 00:27:58.941,2024-12-07 15:41:39.880,54820.939,Medium 2 (between 34000 kg to 136000 kg),40.50637435913086,-3.5592193603515625,KA6,2024-12-07,15,18L/36R
392af5,2024-12-03 16:22:18.228,2024-12-03 16:24:15.053,116.825,Medium 2 (between 34000 kg to 136000 kg),40.505916595458984,-3.5592193603515625,Y2,2024-12-03,16,18L/36R
392af5,2024-12-06 15:44:17.183,2024-12-06 15:45:59.868,102.685,Medium 2 (between 34000 kg to 136000 kg),40.4981803894043,-3.57464599609375,Z2,2024-12-06,15,18R/36L
3c64a3,2024-12-02 05:22:52.370,2024-12-02 05:24:45.199,112.829,Medium 2 (between 34000 kg to 136000 kg),40.4975723007978,-3.5746453025124287,Z4,2024-12-02,5,18R/36L
3c64a3,2024-12-03 05:35:12.183,2024-12-03 05:36:47.403,95.22,Medium 2 (between 34000 kg to 136000 kg),40.49724643513308,-3.574629696932706,Z2,2024-12-03,5,18R/36L
4a2aac,2024-12-01 12:03:07.968,2024-12-01 12:04:35.532,87.564,Medium 2 (between 34000 kg to 136000 kg),40.506009893902274,-3.5593830455433237,Y1,2024-12-01,12,18L/36R
4a2aac,2024-12-03 11:48:31.423,2024-12-03 11:50:03.375,91.952,Medium 2 (between 34000 kg to 136000 kg),40.50562583794028,-3.55941425670277,Y1,2024-12-03,11,18L/36R
4a2aac,2024-12-05 11:59:44.517,2024-12-05 12:01:12.515,87.998,Medium 2 (between 34000 kg to 136000 kg),40.50610299837791,-3.5593674399636006,Y1,2024-12-05,12,18L/36R
020044,2024-12-05 18:20:41.445,2024-12-05 18:22:09.736,88.291,Medium 2 (between 34000 kg to 136000 kg),40.49757385253906,-3.5746307373046875,Z3,2024-12-05,18,18R/36L
3c64ab,2024-12-03 16:21:18.040,2024-12-03 16:22:40.891,82.851,Medium 2 (between 34000 kg to 136000 kg),40.505882263183594,-3.559234619140625,Y2,2024-12-03,16,18L/36R
4952c9,2024-12-05 06:59:03.702,2024-12-05 07:01:31.777,148.075,Medium 2 (between 34000 kg to 136000 kg),40.498293860483976,-3.5746453025124287,Z4,2024-12-05,7,18R/36L
342107,2024-12-01 11:02:46.749,2024-12-01 11:04:13.824,87.075,Medium 2 (between 34000 kg to 136000 kg),40.50516128540039,-3.5592041015625,Y1,2024-12-01,11,18L/36R
342107,2024-12-04 09:42:36.958,2024-12-04 09:43:56.428,79.47,Medium 2 (between 34000 kg to 136000 kg),40.50453186035156,-3.5592113841663706,Y1,2024-12-04,9,18L/36R
342107,2024-12-06 12:28:59.296,2024-12-06 12:30:42.212,102.916,Medium 2 (between 34000 kg to 136000 kg),40.50542449951172,-3.5592041015625,Y1,2024-12-06,12,18L/36R
34744d,2024-12-03 11:50:53.907,2024-12-03 11:52:35.699,101.792,Medium 2 (between 34000 kg to 136000 kg),40.505653381347656,-3.5592193603515625,Y1,2024-12-03,11,18L/36R
440d42,2024-12-04 16:18:58.801,2024-12-04 16:21:34.029,155.228,Medium 1 (between 7000 kg and 34000 kg),40.498643002267606,-3.5746453025124287,Z2,2024-12-04,16,18R/36L
4d02d9,2024-12-04 14:20:41.392,2024-12-04 14:22:26.185,104.793,Medium 1 (between 7000 kg and 34000 kg),40.49808883666992,-3.5746612548828125,Z2,2024-12-04,14,18R/36L
4bb20b,2024-12-06 17:03:13.408,2024-12-06 17:04:04.533,51.125,Medium 2 (between 34000 kg to 136000 kg),40.50612627449682,-3.5592113841663706,Y1,2024-12-06,17,18L/36R
344545,2024-12-03 11:59:02.607,2024-12-03 12:00:26.307,83.7,Medium 1 (between 7000 kg and 34000 kg),40.498643002267606,-3.574660908092152,Z2,2024-12-03,12,18R/36L
34745a,2024-12-02 14:11:36.432,2024-12-02 14:13:51.717,135.285,Medium 2 (between 34000 kg to 136000 kg),40.49768868139235,-3.574660908092152,Z2,2024-12-02,14,18R/36L
34745a,2024-12-02 18:16:12.438,2024-12-02 18:18:10.446,118.008,Medium 2 (between 34000 kg to 136000 kg),40.49783706665039,-3.5746307373046875,Z2,2024-12-02,18,18R/36L
34745a,2024-12-03 14:44:39.863,2024-12-03 14:47:07.264,147.401,Medium 2 (between 34000 kg to 136000 kg),40.49842187913797,-3.574660908092152,Z4,2024-12-03,14,18R/36L
34745a,2024-12-04 14:33:14.111,2024-12-04 14:36:09.072,174.961,Medium 2 (between 34000 kg to 136000 kg),40.49794006347656,-3.57464599609375,Z2,2024-12-04,14,18R/36L
34745a,2024-12-05 10:36:24.209,2024-12-05 10:38:10.095,105.886,Medium 2 (between 34000 kg to 136000 kg),40.4981575012207,-3.57464599609375,Z2,2024-12-05,10,18R/36L
34745a,2024-12-06 06:23:45.751,2024-12-06 06:25:20.022,94.271,Medium 2 (between 34000 kg to 136000 kg),40.50599670410156,-3.559234619140625,Y1,2024-12-06,6,18L/36R
34745a,2024-12-06 14:48:56.141,2024-12-06 14:52:40.784,224.643,Medium 2 (between 34000 kg to 136000 kg),40.506649017333984,-3.559234619140625,Y1,2024-12-06,14,18L/36R
34745a,2024-12-07 06:36:54.048,2024-12-07 06:38:34.224,100.176,Medium 2 (between 34000 kg to 136000 kg),40.49682746499271,-3.574629696932706,Z2,2024-12-07,6,18R/36L
34745a,2024-12-07 14:19:27.512,2024-12-07 14:21:02.298,94.786,Medium 2 (between 34000 kg to 136000 kg),40.50670817746954,-3.559242595325817,Y1,2024-12-07,14,18L/36R
4ca80f,2024-12-01 09:45:07.684,2024-12-01 09:46:41.901,94.217,Medium 2 (between 34000 kg to 136000 kg),40.50575637817383,-3.5592193603515625,Y1,2024-12-01,9,18L/36R
aa7f5e,2024-12-04 12:08:25.892,2024-12-04 12:10:55.643,149.751,Heavy (larger than 136000 kg),40.496769274695446,-3.574629696932706,Z3,2024-12-04,12,18R/36L
392af2,2024-12-02 11:43:01.998,2024-12-02 11:44:01.830,59.832,Medium 2 (between 34000 kg to 136000 kg),40.49113645391949,-3.554014726118608,K2,2024-12-02,11,14L/32R
347343,2024-12-02 11:59:23.687,2024-12-02 12:02:02.997,159.31,Heavy (larger than 136000 kg),40.48014450073242,-3.5711822509765625,LE,2024-12-02,12,14R/32L
347343,2024-12-04 13:06:44.297,2024-12-04 13:08:56.354,132.057,Heavy (larger than 136000 kg),40.4975723007978,-3.5746453025124287,Z3,2024-12-04,13,18R/36L
347343,2024-12-07 11:04:57.660,2024-12-07 11:06:57.568,119.908,Heavy (larger than 136000 kg),40.49843351719743,-3.574660908092152,Z3,2024-12-07,11,18R/36L
34750b,2024-12-01 14:35:56.025,2024-12-01 14:37:41.724,105.699,Medium 2 (between 34000 kg to 136000 kg),40.50642013549805,-3.559234619140625,Y1,2024-12-01,14,18L/36R
34750b,2024-12-02 05:51:15.387,2024-12-02 05:54:26.515,191.128,Medium 2 (between 34000 kg to 136000 kg),40.498043060302734,-3.57464599609375,Z2,2024-12-02,5,18R/36L
34750b,2024-12-02 09:48:56.166,2024-12-02 09:50:20.160,83.994,Medium 2 (between 34000 kg to 136000 kg),40.48172126382084,-3.5727726329456675,LB,2024-12-02,9,14R/32L
34750b,2024-12-02 14:34:22.175,2024-12-02 14:35:44.272,82.097,Medium 2 (between 34000 kg to 136000 kg),40.50597381591797,-3.559234619140625,Y1,2024-12-02,14,18L/36R
34750b,2024-12-03 06:33:49.508,2024-12-03 06:35:33.753,104.245,Medium 2 (between 34000 kg to 136000 kg),40.49766540527344,-3.57464599609375,Z2,2024-12-03,6,18R/36L
34750b,2024-12-03 14:26:00.236,2024-12-03 14:27:29.565,89.329,Medium 2 (between 34000 kg to 136000 kg),40.49850082397461,-3.574676513671875,Z2,2024-12-03,14,18R/36L
34750b,2024-12-04 14:28:42.946,2024-12-04 14:31:58.468,195.522,Medium 2 (between 34000 kg to 136000 kg),40.497825622558594,-3.57464599609375,Z2,2024-12-04,14,18R/36L
34750b,2024-12-05 05:49:06.578,2024-12-05 05:50:37.471,90.893,Medium 2 (between 34000 kg to 136000 kg),40.499108524645784,-3.574660908092152,Z4,2024-12-05,5,18R/36L
34750b,2024-12-05 09:52:34.546,2024-12-05 09:56:50.538,255.992,Medium 2 (between 34000 kg to 136000 kg),40.49883270263672,-3.57464599609375,Z4,2024-12-05,9,18R/36L
34750b,2024-12-05 14:22:10.904,2024-12-05 14:23:38.491,87.587,Medium 2 (between 34000 kg to 136000 kg),40.49898050599179,-3.574660908092152,Z4,2024-12-05,14,18R/36L
34750b,2024-12-07 06:23:20.284,2024-12-07 06:24:33.746,73.462,Medium 2 (between 34000 kg to 136000 kg),40.49583435058594,-3.5746307373046875,Z2,2024-12-07,6,18R/36L
394c0c,2024-12-05 20:05:44.126,2024-12-05 20:07:25.105,100.979,Medium 2 (between 34000 kg to 136000 kg),40.497562408447266,-3.574676513671875,Z2,2024-12-05,20,18R/36L
aad5ca,2024-12-03 12:12:59.472,2024-12-03 12:15:33.026,153.554,Heavy (larger than 136000 kg),40.497642517089844,-3.5746307373046875,Z1,2024-12-03,12,18R/36L
344218,2024-12-06 14:59:54.721,2024-12-06 15:01:40.583,105.862,Medium 2 (between 34000 kg to 136000 kg),40.50574221853482,-3.5592113841663706,Y1,2024-12-06,15,18L/36R
346316,2024-12-01 15:18:55.398,2024-12-01 15:21:51.004,175.606,Medium 2 (between 34000 kg to 136000 kg),40.49687401723053,-3.574629696932706,Z1,2024-12-01,15,18R/36L
346316,2024-12-02 15:05:15.513,2024-12-02 15:07:01.028,105.515,Medium 2 (between 34000 kg to 136000 kg),40.497711181640625,-3.57464599609375,Z4,2024-12-02,15,18R/36L
346316,2024-12-03 11:14:41.795,2024-12-03 11:16:22.567,100.772,Medium 2 (between 34000 kg to 136000 kg),40.50519561767578,-3.5592193603515625,Y1,2024-12-03,11,18L/36R
346316,2024-12-03 16:53:05.312,2024-12-03 16:54:33.736,88.424,Medium 2 (between 34000 kg to 136000 kg),40.49766540527344,-3.574676513671875,Z3,2024-12-03,16,18R/36L
346316,2024-12-04 06:20:28.364,2024-12-04 06:25:30.646,302.282,Medium 2 (between 34000 kg to 136000 kg),40.4974365234375,-3.57464599609375,Z3,2024-12-04,6,18R/36L
346316,2024-12-04 13:10:40.923,2024-12-04 13:13:22.079,161.156,Medium 2 (between 34000 kg to 136000 kg),40.49661797992253,-3.574614091352983,Z1,2024-12-04,13,18R/36L
346316,2024-12-06 11:17:24.196,2024-12-06 11:18:50.581,86.385,Medium 2 (between 34000 kg to 136000 kg),40.50527669615664,-3.5592269897460938,Y1,2024-12-06,11,18L/36R
346316,2024-12-07 15:43:33.130,2024-12-07 15:45:36.427,123.297,Medium 2 (between 34000 kg to 136000 kg),40.49754902467889,-3.574660908092152,Z1,2024-12-07,15,18R/36L
46b82f,2024-12-06 12:30:31.028,2024-12-06 12:32:02.870,91.842,Medium 2 (between 34000 kg to 136000 kg),40.50635903568591,-3.5592113841663706,Y1,2024-12-06,12,18L/36R
89618d,2024-12-06 13:51:57.726,2024-12-06 13:53:32.898,95.172,Heavy (larger than 136000 kg),40.50849151611328,-3.55926513671875,Y3,2024-12-06,13,18L/36R
346204,2024-12-01 06:35:36.116,2024-12-01 06:37:20.981,104.865,Medium 2 (between 34000 kg to 136000 kg),40.50479507446289,-3.5592041015625,Y1,2024-12-01,6,18L/36R
346204,2024-12-03 19:34:53.100,2024-12-03 19:36:32.099,98.999,Medium 2 (between 34000 kg to 136000 kg),40.505381438691735,-3.559242595325817,Y1,2024-12-03,19,18L/36R
346204,2024-12-04 09:28:57.592,2024-12-04 09:33:29.379,271.787,Medium 2 (between 34000 kg to 136000 kg),40.50448530811374,-3.5591957785866475,Y1,2024-12-04,9,18L/36R
346204,2024-12-06 19:04:26.838,2024-12-06 19:06:13.509,106.671,Medium 2 (between 34000 kg to 136000 kg),40.498146057128906,-3.574676513671875,Z4,2024-12-06,19,18R/36L
71002a,2024-12-05 14:41:26.578,2024-12-05 14:44:22.191,175.613,Heavy (larger than 136000 kg),40.506533606577726,-3.5592269897460938,Y1,2024-12-05,14,18L/36R
347219,2024-12-02 08:13:37.980,2024-12-02 08:15:13.378,95.398,Medium 2 (between 34000 kg to 136000 kg),40.505802154541016,-3.5592193603515625,Y1,2024-12-02,8,18L/36R
347219,2024-12-04 11:08:56.530,2024-12-04 11:10:32.865,96.335,Medium 2 (between 34000 kg to 136000 kg),40.49763107299805,-3.57464599609375,Z4,2024-12-04,11,18R/36L
347219,2024-12-04 15:54:50.847,2024-12-04 15:56:31.332,100.485,Medium 2 (between 34000 kg to 136000 kg),40.505653381347656,-3.5592193603515625,Y1,2024-12-04,15,18L/36R
347219,2024-12-07 19:39:37.003,2024-12-07 19:41:20.309,103.306,Medium 2 (between 34000 kg to 136000 kg),40.505470275878906,-3.559234619140625,Y1,2024-12-07,19,18L/36R
020132,2024-12-05 09:48:49.442,2024-12-05 09:50:26.918,97.476,Medium 1 (between 7000 kg and 34000 kg),40.49380156953456,-3.574614091352983,Z2,2024-12-05,9,18R/36L
346107,2024-12-06 11:56:35.037,2024-12-06 11:59:18.812,163.775,Medium 2 (between 34000 kg to 136000 kg),40.497596740722656,-3.57464599609375,Z2,2024-12-06,11,18R/36L
4ca5c8,2024-12-04 11:05:03.769,2024-12-04 11:06:45.818,102.049,Medium 2 (between 34000 kg to 136000 kg),40.49638366699219,-3.5746307373046875,Z3,2024-12-04,11,18R/36L
343141,2024-12-01 08:15:24.103,2024-12-01 08:17:39.509,135.406,Medium 2 (between 34000 kg to 136000 kg),40.505427990929554,-3.5592269897460938,Y1,2024-12-01,8,18L/36R
343141,2024-12-02 15:28:29.111,2024-12-02 15:30:22.837,113.726,Medium 2 (between 34000 kg to 136000 kg),40.505367279052734,-3.559234619140625,Y1,2024-12-02,15,18L/36R
343141,2024-12-03 12:34:02.006,2024-12-03 12:36:27.197,145.191,Medium 2 (between 34000 kg to 136000 kg),40.49845504760742,-3.5746307373046875,Z4,2024-12-03,12,18R/36L
343141,2024-12-04 15:04:38.687,2024-12-04 15:07:13.496,154.809,Medium 2 (between 34000 kg to 136000 kg),40.49810028076172,-3.57464599609375,Z4,2024-12-04,15,18R/36L
343141,2024-12-04 22:15:25.303,2024-12-04 22:16:36.944,71.641,Medium 2 (between 34000 kg to 136000 kg),40.497928619384766,-3.57464599609375,Z4,2024-12-04,22,18R/36L
343141,2024-12-05 19:14:39.349,2024-12-05 19:16:21.841,102.492,Medium 2 (between 34000 kg to 136000 kg),40.4981803894043,-3.574676513671875,Z4,2024-12-05,19,18R/36L
343141,2024-12-06 06:34:50.780,2024-12-06 06:36:29.716,98.936,Medium 2 (between 34000 kg to 136000 kg),40.498077392578125,-3.57464599609375,Z4,2024-12-06,6,18R/36L
343141,2024-12-07 07:10:39.778,2024-12-07 07:12:03.529,83.751,Medium 2 (between 34000 kg to 136000 kg),40.49793308064089,-3.574629696932706,Z4,2024-12-07,7,18R/36L
347288,2024-12-02 16:09:59.338,2024-12-02 16:10:53.262,53.924,Medium 2 (between 34000 kg to 136000 kg),40.505567647643005,-3.5592269897460938,Y1,2024-12-02,16,18L/36R
347288,2024-12-03 08:05:53.164,2024-12-03 08:07:05.438,72.274,Medium 2 (between 34000 kg to 136000 kg),40.50534652451337,-3.559242595325817,Y1,2024-12-03,8,18L/36R
347288,2024-12-03 14:37:42.307,2024-12-03 14:39:36.827,114.52,Medium 2 (between 34000 kg to 136000 kg),40.50578877077264,-3.5592113841663706,Y1,2024-12-03,14,18L/36R
347288,2024-12-04 16:53:26.000,2024-12-04 16:55:16.605,110.605,Medium 2 (between 34000 kg to 136000 kg),40.49828338623047,-3.57464599609375,Z4,2024-12-04,16,18R/36L
347288,2024-12-06 06:43:34.418,2024-12-06 06:45:10.347,95.929,Medium 2 (between 34000 kg to 136000 kg),40.49760818481445,-3.57464599609375,Z4,2024-12-06,6,18R/36L
347288,2024-12-07 11:20:24.037,2024-12-07 11:21:18.386,54.349,Medium 2 (between 34000 kg to 136000 kg),40.50548618122683,-3.5592113841663706,Y1,2024-12-07,11,18L/36R
347288,2024-12-07 19:26:30.628,2024-12-07 19:28:02.641,92.013,Medium 2 (between 34000 kg to 136000 kg),40.50545883178711,-3.55926513671875,Y1,2024-12-07,19,18L/36R
39cea8,2024-12-02 19:31:26.275,2024-12-02 19:33:31.500,125.225,Medium 2 (between 34000 kg to 136000 kg),40.50562583794028,-3.559242595325817,Y1,2024-12-02,19,18L/36R
3444ce,2024-12-06 11:20:48.611,2024-12-06 11:22:56.613,128.002,Heavy (larger than 136000 kg),40.49909591674805,-3.5746612548828125,Z1,2024-12-06,11,18R/36L
3444ce,2024-12-07 12:05:59.968,2024-12-07 12:07:59.015,119.047,Heavy (larger than 136000 kg),40.49839782714844,-3.5746307373046875,Z1,2024-12-07,12,18R/36L
ab9387,2024-12-04 09:18:55.478,2024-12-04 09:23:07.199,251.721,Heavy (larger than 136000 kg),40.4970703125,-3.57464599609375,Z2,2024-12-04,9,18R/36L
344197,2024-12-01 06:53:27.857,2024-12-01 06:54:27.559,59.702,Medium 2 (between 34000 kg to 136000 kg),40.49842187913797,-3.5746453025124287,Z4,2024-12-01,6,18R/36L
344197,2024-12-02 15:17:53.251,2024-12-02 15:19:56.646,123.395,Medium 2 (between 34000 kg to 136000 kg),40.505584716796875,-3.5592193603515625,Y1,2024-12-02,15,18L/36R
344197,2024-12-02 19:17:22.129,2024-12-02 19:20:54.361,212.232,Medium 2 (between 34000 kg to 136000 kg),40.498512268066406,-3.57464599609375,Z4,2024-12-02,19,18R/36L
344197,2024-12-03 11:28:55.198,2024-12-03 11:31:46.882,171.684,Medium 2 (between 34000 kg to 136000 kg),40.50590515136719,-3.5592193603515625,Y1,2024-12-03,11,18L/36R
344197,2024-12-03 15:29:51.878,2024-12-03 15:31:36.018,104.14,Medium 2 (between 34000 kg to 136000 kg),40.505882263183594,-3.5592193603515625,Y1,2024-12-03,15,18L/36R
344197,2024-12-03 19:09:44.199,2024-12-03 19:11:10.365,86.166,Medium 2 (between 34000 kg to 136000 kg),40.498409271240234,-3.5746307373046875,Z4,2024-12-03,19,18R/36L
344197,2024-12-07 07:29:46.869,2024-12-07 07:31:26.660,99.791,Medium 2 (between 34000 kg to 136000 kg),40.497276306152344,-3.5746307373046875,Z4,2024-12-07,7,18R/36L
34654b,2024-12-05 14:52:07.967,2024-12-05 14:53:56.524,108.557,Medium 2 (between 34000 kg to 136000 kg),40.50573058047537,-3.5592113841663706,Y1,2024-12-05,14,18L/36R
34654b,2024-12-07 15:01:21.503,2024-12-07 15:02:58.249,96.746,Medium 2 (between 34000 kg to 136000 kg),40.5062255859375,-3.5592193603515625,Y1,2024-12-07,15,18L/36R
347247,2024-12-02 12:55:37.152,2024-12-02 12:57:12.452,95.3,Medium 2 (between 34000 kg to 136000 kg),40.49728775024414,-3.57464599609375,Z4,2024-12-02,12,18R/36L
347247,2024-12-03 11:04:37.615,2024-12-03 11:06:40.579,122.964,Medium 2 (between 34000 kg to 136000 kg),40.4987477448027,-3.574660908092152,Z4,2024-12-03,11,18R/36L
347247,2024-12-03 17:51:30.259,2024-12-03 17:53:31.187,120.928,Medium 2 (between 34000 kg to 136000 kg),40.49801454705707,-3.5746453025124287,Z4,2024-12-03,17,18R/36L
347247,2024-12-04 06:25:00.198,2024-12-04 06:26:33.596,93.398,Medium 2 (between 34000 kg to 136000 kg),40.505950927734375,-3.5592193603515625,Y1,2024-12-04,6,18L/36R
347247,2024-12-04 11:38:36.309,2024-12-04 11:40:42.764,126.455,Medium 2 (between 34000 kg to 136000 kg),40.5047721862793,-3.5592193603515625,Y1,2024-12-04,11,18L/36R
347247,2024-12-04 16:21:22.766,2024-12-04 16:23:30.328,127.562,Medium 2 (between 34000 kg to 136000 kg),40.4985237121582,-3.57464599609375,Z4,2024-12-04,16,18R/36L
347247,2024-12-05 10:56:54.085,2024-12-05 10:58:46.014,111.929,Medium 2 (between 34000 kg to 136000 kg),40.49846843137579,-3.5746453025124287,Z4,2024-12-05,10,18R/36L
347247,2024-12-06 11:14:52.307,2024-12-06 11:16:23.940,91.633,Medium 2 (between 34000 kg to 136000 kg),40.50553894042969,-3.5592193603515625,Y1,2024-12-06,11,18L/36R
347247,2024-12-06 15:49:31.460,2024-12-06 15:50:32.350,60.89,Medium 2 (between 34000 kg to 136000 kg),40.50691223144531,-3.559234619140625,Y3,2024-12-06,15,18L/36R
347247,2024-12-07 08:03:08.981,2024-12-07 08:06:11.478,182.497,Medium 2 (between 34000 kg to 136000 kg),40.49687576293945,-3.5746307373046875,Z3,2024-12-07,8,18R/36L
347247,2024-12-07 16:09:40.764,2024-12-07 16:13:03.159,202.395,Medium 2 (between 34000 kg to 136000 kg),40.49740219116211,-3.5746612548828125,Z3,2024-12-07,16,18R/36L
407844,2024-12-05 18:03:46.460,2024-12-05 18:05:35.801,109.341,Medium 2 (between 34000 kg to 136000 kg),40.49749083438162,-3.574629696932706,Z3,2024-12-05,18,18R/36L
344495,2024-12-04 07:06:26.384,2024-12-04 07:08:30.452,124.068,Medium 1 (between 7000 kg and 34000 kg),40.50630569458008,-3.5592193603515625,Y2,2024-12-04,7,18L/36R
344495,2024-12-06 15:48:08.531,2024-12-06 15:52:05.251,236.72,Medium 1 (between 7000 kg and 34000 kg),40.49743264408435,-3.5746453025124287,Z2,2024-12-06,15,18R/36L
345215,2024-12-01 18:11:47.763,2024-12-01 18:13:16.231,88.468,Medium 2 (between 34000 kg to 136000 kg),40.49938201904297,-3.5746307373046875,Z4,2024-12-01,18,18R/36L
345215,2024-12-02 05:54:10.761,2024-12-02 05:55:49.667,98.906,Medium 2 (between 34000 kg to 136000 kg),40.49861526489258,-3.5746612548828125,Z2,2024-12-02,5,18R/36L
345215,2024-12-02 09:43:54.471,2024-12-02 09:47:10.200,195.729,Medium 2 (between 34000 kg to 136000 kg),40.48111608472921,-3.572148409756747,LB,2024-12-02,9,14R/32L
345215,2024-12-02 14:39:19.788,2024-12-02 14:40:59.587,99.799,Medium 2 (between 34000 kg to 136000 kg),40.506393949864275,-3.5592269897460938,Y1,2024-12-02,14,18L/36R
345215,2024-12-04 14:34:35.736,2024-12-04 14:36:13.082,97.346,Medium 2 (between 34000 kg to 136000 kg),40.50632412150755,-3.5591957785866475,Y1,2024-12-04,14,18L/36R
347645,2024-12-07 11:38:44.254,2024-12-07 11:41:45.295,181.041,Medium 2 (between 34000 kg to 136000 kg),40.494667053222656,-3.5746307373046875,Z2,2024-12-07,11,18R/36L
020177,2024-12-01 15:00:58.094,2024-12-01 15:03:33.882,155.788,Medium 2 (between 34000 kg to 136000 kg),40.49732208251953,-3.5746307373046875,Z2,2024-12-01,15,18R/36L
020177,2024-12-03 14:18:34.540,2024-12-03 14:20:08.219,93.679,Medium 2 (between 34000 kg to 136000 kg),40.49842187913797,-3.574676513671875,Z4,2024-12-03,14,18R/36L
345103,2024-12-03 15:21:00.568,2024-12-03 15:22:39.720,99.152,Heavy (larger than 136000 kg),40.49880593509997,-3.5746453025124287,Z2,2024-12-03,15,18R/36L
345103,2024-12-04 16:26:26.409,2024-12-04 16:28:15.896,109.487,Heavy (larger than 136000 kg),40.498875763456695,-3.5746453025124287,Z2,2024-12-04,16,18R/36L
3451cd,2024-12-02 23:16:33.351,2024-12-02 23:19:09.268,155.917,Heavy (larger than 136000 kg),40.498146057128906,-3.57464599609375,Z1,2024-12-02,23,18R/36L
3451cd,2024-12-04 12:05:04.774,2024-12-04 12:06:35.596,90.822,Heavy (larger than 136000 kg),40.497642517089844,-3.5746307373046875,Z3,2024-12-04,12,18R/36L
3451cd,2024-12-05 23:18:45.300,2024-12-05 23:20:45.933,120.633,Heavy (larger than 136000 kg),40.49818911794888,-3.574629696932706,Z3,2024-12-05,23,18R/36L
3451cd,2024-12-07 07:40:53.014,2024-12-07 07:42:18.876,85.862,Heavy (larger than 136000 kg),40.50568771362305,-3.5592041015625,Y2,2024-12-07,7,18L/36R
4ca225,2024-12-01 05:24:47.645,2024-12-01 05:26:49.631,121.986,Medium 2 (between 34000 kg to 136000 kg),40.49812316894531,-3.57464599609375,Z2,2024-12-01,5,18R/36L
4ca225,2024-12-01 16:05:46.148,2024-12-01 16:07:09.828,83.68,Medium 2 (between 34000 kg to 136000 kg),40.49775695800781,-3.5746307373046875,Z4,2024-12-01,16,18R/36L
4d24c4,2024-12-07 20:13:29.428,2024-12-07 20:15:19.335,109.907,Medium 2 (between 34000 kg to 136000 kg),40.505427990929554,-3.5592269897460938,Y1,2024-12-07,20,18L/36R
3451da,2024-12-05 05:41:36.336,2024-12-05 05:46:39.077,302.741,Medium 2 (between 34000 kg to 136000 kg),40.497327901549255,-3.574629696932706,Z3,2024-12-05,5,18R/36L
3451da,2024-12-05 18:56:30.129,2024-12-05 18:58:15.864,105.735,Medium 2 (between 34000 kg to 136000 kg),40.49898147583008,-3.57464599609375,Z4,2024-12-05,18,18R/36L
3451da,2024-12-06 20:50:25.183,2024-12-06 20:52:51.928,146.745,Medium 2 (between 34000 kg to 136000 kg),40.506717681884766,-3.5592193603515625,Y2,2024-12-06,20,18L/36R
3451da,2024-12-07 15:19:44.321,2024-12-07 15:21:16.345,92.024,Medium 2 (between 34000 kg to 136000 kg),40.50640869140625,-3.5592193603515625,Y1,2024-12-07,15,18L/36R
3451da,2024-12-07 19:19:28.541,2024-12-07 19:21:34.394,125.853,Medium 2 (between 34000 kg to 136000 kg),40.49772262573242,-3.57464599609375,Z4,2024-12-07,19,18R/36L
4cae6c,2024-12-03 16:17:20.357,2024-12-03 16:18:03.879,43.522,Medium 2 (between 34000 kg to 136000 kg),40.505218505859375,-3.5592193603515625,Y1,2024-12-03,16,18L/36R
34530e,2024-12-01 15:03:25.652,2024-12-01 15:05:55.271,149.619,Medium 2 (between 34000 kg to 136000 kg),40.497962951660156,-3.57464599609375,Z3,2024-12-01,15,18R/36L
34530e,2024-12-01 19:12:24.173,2024-12-01 19:14:12.977,108.804,Medium 2 (between 34000 kg to 136000 kg),40.49846649169922,-3.57464599609375,Z4,2024-12-01,19,18R/36L
34530e,2024-12-02 09:46:31.806,2024-12-02 09:48:05.473,93.667,Medium 2 (between 34000 kg to 136000 kg),40.491336822509766,-3.5542144775390625,K2,2024-12-02,9,14L/32R
34530e,2024-12-02 16:21:38.442,2024-12-02 16:22:55.579,77.137,Medium 2 (between 34000 kg to 136000 kg),40.49865464032706,-3.574660908092152,Z4,2024-12-02,16,18R/36L
34530e,2024-12-03 15:05:42.249,2024-12-03 15:07:17.497,95.248,Medium 2 (between 34000 kg to 136000 kg),40.500160217285156,-3.5746307373046875,Z4,2024-12-03,15,18R/36L
34530e,2024-12-06 06:32:42.947,2024-12-06 06:34:10.603,87.656,Medium 2 (between 34000 kg to 136000 kg),40.50648705433991,-3.5592113841663706,Y1,2024-12-06,6,18L/36R
34530e,2024-12-06 10:37:36.317,2024-12-06 10:37:37.380,1.063,Medium 2 (between 34000 kg to 136000 kg),40.49182891845703,-3.5734710693359375,Z3,2024-12-06,10,
34530e,2024-12-06 10:38:23.984,2024-12-06 10:39:40.581,76.597,Medium 2 (between 34000 kg to 136000 kg),40.49816584182998,-3.5746453025124287,Z3,2024-12-06,10,18R/36L
34530e,2024-12-06 14:58:51.660,2024-12-06 15:00:19.625,87.965,Medium 2 (between 34000 kg to 136000 kg),40.50645214016154,-3.5592269897460938,Y2,2024-12-06,15,18L/36R
34628d,2024-12-01 16:11:50.965,2024-12-01 16:13:56.107,125.142,Heavy (larger than 136000 kg),40.497676849365234,-3.57464599609375,Z1,2024-12-01,16,18R/36L
34628d,2024-12-02 16:45:15.030,2024-12-02 16:47:46.668,151.638,Heavy (larger than 136000 kg),40.49787489034362,-3.5746453025124287,Z1,2024-12-02,16,18R/36L
34628d,2024-12-04 16:17:44.297,2024-12-04 16:19:13.713,89.416,Heavy (larger than 136000 kg),40.498596450029794,-3.5746453025124287,Z3,2024-12-04,16,18R/36L
34628d,2024-12-06 23:14:37.322,2024-12-06 23:17:21.197,163.875,Heavy (larger than 136000 kg),40.49643177097126,-3.574629696932706,Z1,2024-12-06,23,18R/36L
348213,2024-12-01 15:52:18.448,2024-12-01 15:54:47.545,149.097,Medium 2 (between 34000 kg to 136000 kg),40.494837356826004,-3.574629696932706,Z4,2024-12-01,15,18R/36L
348213,2024-12-03 15:53:20.707,2024-12-03 15:55:43.382,142.675,Medium 2 (between 34000 kg to 136000 kg),40.49454116821289,-3.5746307373046875,Z2,2024-12-03,15,18R/36L
348213,2024-12-04 16:00:39.853,2024-12-04 16:02:26.833,106.98,Medium 2 (between 34000 kg to 136000 kg),40.4944953918457,-3.574615478515625,Z2,2024-12-04,16,18R/36L
348213,2024-12-05 15:58:19.463,2024-12-05 16:00:07.883,108.42,Medium 2 (between 34000 kg to 136000 kg),40.49466278593419,-3.574614091352983,Z2,2024-12-05,16,18R/36L
348213,2024-12-06 16:08:29.246,2024-12-06 16:12:17.031,227.785,Medium 2 (between 34000 kg to 136000 kg),40.49455261230469,-3.5746307373046875,Z2,2024-12-06,16,18R/36L
348213,2024-12-07 15:51:50.097,2024-12-07 15:54:03.261,133.164,Medium 2 (between 34000 kg to 136000 kg),40.49420928955078,-3.574615478515625,Z2,2024-12-07,15,18R/36L
451dad,2024-12-02 05:48:30.086,2024-12-02 05:50:11.156,101.07,No category information,40.4973162634898,-3.5746453025124287,Z2,2024-12-02,5,18R/36L
4bb282,2024-12-03 14:19:51.075,2024-12-03 14:21:36.781,105.706,Medium 2 (between 34000 kg to 136000 kg),40.505882263183594,-3.5592498779296875,Y1,2024-12-03,14,18L/36R
3480c3,2024-12-01 11:54:14.559,2024-12-01 11:57:34.115,199.556,Medium 2 (between 34000 kg to 136000 kg),40.49436019638837,-3.574629696932706,Z2,2024-12-01,11,18R/36L
3480c3,2024-12-04 11:46:10.035,2024-12-04 11:47:04.168,54.133,Medium 2 (between 34000 kg to 136000 kg),40.494534767280186,-3.574629696932706,Z2,2024-12-04,11,18R/36L
3480c3,2024-12-04 19:54:46.936,2024-12-04 19:55:50.865,63.929,Medium 2 (between 34000 kg to 136000 kg),40.494325282210006,-3.574614091352983,Z2,2024-12-04,19,18R/36L
3480c3,2024-12-05 19:20:33.503,2024-12-05 19:22:33.237,119.734,Medium 2 (between 34000 kg to 136000 kg),40.49464416503906,-3.5746307373046875,Z2,2024-12-05,19,18R/36L
3480c3,2024-12-06 19:01:36.153,2024-12-06 19:03:21.588,105.435,Medium 2 (between 34000 kg to 136000 kg),40.4946860620531,-3.574614091352983,Z2,2024-12-06,19,18R/36L
3c6664,2024-12-05 14:23:42.980,2024-12-05 14:25:13.283,90.303,Medium 2 (between 34000 kg to 136000 kg),40.50553894042969,-3.5592193603515625,Y1,2024-12-05,14,18L/36R
3c6664,2024-12-06 11:28:35.183,2024-12-06 11:30:29.528,114.345,Medium 2 (between 34000 kg to 136000 kg),40.50509262084961,-3.5592041015625,Y1,2024-12-06,11,18L/36R
4cae1b,2024-12-05 05:01:34.598,2024-12-05 05:02:52.873,78.275,Medium 2 (between 34000 kg to 136000 kg),40.49785161422471,-3.5746453025124287,Z2,2024-12-05,5,18R/36L
06a2ed,2024-12-06 20:48:52.927,2024-12-06 20:50:31.885,98.958,Heavy (larger than 136000 kg),40.506184464794096,-3.5592113841663706,Y1,2024-12-06,20,18L/36R
3475d5,2024-12-01 07:04:19.906,2024-12-01 07:06:04.031,104.125,Medium 2 (between 34000 kg to 136000 kg),40.496910095214844,-3.57464599609375,Z3,2024-12-01,7,18R/36L
3475d5,2024-12-04 10:37:13.773,2024-12-04 10:39:45.264,151.491,Medium 2 (between 34000 kg to 136000 kg),40.49715333065744,-3.5746453025124287,Z4,2024-12-04,10,18R/36L
3475d5,2024-12-04 15:33:23.461,2024-12-04 15:35:41.574,138.113,Medium 2 (between 34000 kg to 136000 kg),40.49754902467889,-3.5746453025124287,Z4,2024-12-04,15,18R/36L
3475d5,2024-12-05 13:48:59.730,2024-12-05 13:50:38.093,98.363,Medium 2 (between 34000 kg to 136000 kg),40.50625429315082,-3.5592582009055396,Y1,2024-12-05,13,18L/36R
3475d5,2024-12-06 21:09:26.136,2024-12-06 21:11:27.382,121.246,Medium 2 (between 34000 kg to 136000 kg),40.498008728027344,-3.5746307373046875,Z4,2024-12-06,21,18R/36L
3475d5,2024-12-07 08:18:36.911,2024-12-07 08:19:53.299,76.388,Medium 2 (between 34000 kg to 136000 kg),40.50543962898901,-3.5592113841663706,Y1,2024-12-07,8,18L/36R
394c14,2024-12-01 16:16:45.547,2024-12-01 16:19:23.846,158.299,Medium 2 (between 34000 kg to 136000 kg),40.49799127093816,-3.574629696932706,Z4,2024-12-01,16,18R/36L
4d00f2,2024-12-02 20:03:05.131,2024-12-02 20:04:14.911,69.78,Medium 2 (between 34000 kg to 136000 kg),40.50562583794028,-3.5592582009055396,Y1,2024-12-02,20,18L/36R
4d00f2,2024-12-05 20:49:44.355,2024-12-05 20:51:31.716,107.361,Medium 2 (between 34000 kg to 136000 kg),40.50632412150755,-3.559180173006925,Y1,2024-12-05,20,18L/36R
780aba,2024-12-06 10:50:26.029,2024-12-06 10:51:55.215,89.186,Heavy (larger than 136000 kg),40.50613791255628,-3.5592269897460938,Y2,2024-12-06,10,18L/36R
e80473,2024-12-02 21:58:32.707,2024-12-02 21:59:46.835,74.128,Heavy (larger than 136000 kg),40.49801454705707,-3.5746453025124287,Z3,2024-12-02,21,18R/36L
0200ed,2024-12-01 18:43:24.917,2024-12-01 18:45:45.680,140.763,Medium 2 (between 34000 kg to 136000 kg),40.497928619384766,-3.5746307373046875,Z3,2024-12-01,18,18R/36L
347309,2024-12-02 06:46:36.442,2024-12-02 06:49:11.762,155.32,Medium 2 (between 34000 kg to 136000 kg),40.50722122192383,-3.5592193603515625,Y1,2024-12-02,6,18L/36R
347309,2024-12-04 08:20:10.036,2024-12-04 08:21:57.393,107.357,Medium 2 (between 34000 kg to 136000 kg),40.50456677452993,-3.5592113841663706,Y1,2024-12-04,8,18L/36R
347309,2024-12-07 09:36:22.898,2024-12-07 09:37:54.676,91.778,Medium 2 (between 34000 kg to 136000 kg),40.506900787353516,-3.5592193603515625,Y2,2024-12-07,9,18L/36R
4cae8c,2024-12-04 14:09:37.172,2024-12-04 14:11:04.701,87.529,Medium 2 (between 34000 kg to 136000 kg),40.50564911405919,-3.5592113841663706,Y1,2024-12-04,14,18L/36R
4cae8c,2024-12-05 05:05:34.639,2024-12-05 05:07:14.745,100.106,Medium 2 (between 34000 kg to 136000 kg),40.49797439575195,-3.57464599609375,Z4,2024-12-05,5,18R/36L
4d2332,2024-12-05 10:53:45.257,2024-12-05 10:55:24.607,99.35,Medium 2 (between 34000 kg to 136000 kg),40.50493240356445,-3.5591888427734375,Y1,2024-12-05,10,18L/36R
345102,2024-12-04 14:54:35.199,2024-12-04 14:56:08.703,93.504,Medium 2 (between 34000 kg to 136000 kg),40.50589351330773,-3.5592269897460938,Y1,2024-12-04,14,18L/36R
407fca,2024-12-05 12:14:36.704,2024-12-05 12:17:50.102,193.398,Medium 2 (between 34000 kg to 136000 kg),40.49754902467889,-3.574629696932706,Z3,2024-12-05,12,18R/36L
459053,2024-12-05 10:45:30.206,2024-12-05 10:47:26.982,116.776,Medium 1 (between 7000 kg and 34000 kg),40.50874328613281,-3.559234619140625,Y1,2024-12-05,10,18L/36R
3e377e,2024-12-05 09:36:53.492,2024-12-05 09:39:30.317,156.825,Light (less than 7000 kg),40.500972747802734,-3.5746612548828125,Z2,2024-12-05,9,18R/36L
48c2ac,2024-12-04 08:18:47.020,2024-12-04 08:20:30.121,103.101,Medium 2 (between 34000 kg to 136000 kg),40.50453186035156,-3.5592193603515625,Y1,2024-12-04,8,18L/36R
4ca95e,2024-12-01 09:57:46.163,2024-12-01 09:58:53.969,67.806,Medium 2 (between 34000 kg to 136000 kg),40.505381438691735,-3.5592269897460938,Y1,2024-12-01,9,18L/36R
34251a,2024-12-02 13:48:38.042,2024-12-02 13:49:37.201,59.159,Medium 1 (between 7000 kg and 34000 kg),40.50509262084961,-3.5592193603515625,Y1,2024-12-02,13,18L/36R
34251a,2024-12-05 15:35:34.188,2024-12-05 15:37:42.003,127.815,Medium 1 (between 7000 kg and 34000 kg),40.50499738272974,-3.5592269897460938,Y1,2024-12-05,15,18L/36R
344416,2024-12-01 10:33:42.882,2024-12-01 10:36:49.982,187.1,Medium 2 (between 34000 kg to 136000 kg),40.49812316894531,-3.57464599609375,Z4,2024-12-01,10,18R/36L
344416,2024-12-01 14:43:12.999,2024-12-01 14:45:59.727,166.728,Medium 2 (between 34000 kg to 136000 kg),40.498146057128906,-3.5746307373046875,Z4,2024-12-01,14,18R/36L
344416,2024-12-02 14:49:09.313,2024-12-02 14:51:13.217,123.904,Medium 2 (between 34000 kg to 136000 kg),40.49726486206055,-3.5746307373046875,Z3,2024-12-02,14,18R/36L
344416,2024-12-03 08:00:28.586,2024-12-03 08:02:15.247,106.661,Medium 2 (between 34000 kg to 136000 kg),40.497562408447266,-3.5746612548828125,Z3,2024-12-03,8,18R/36L
344416,2024-12-03 22:29:48.514,2024-12-03 22:30:57.583,69.069,Medium 2 (between 34000 kg to 136000 kg),40.498992919921875,-3.57464599609375,Z4,2024-12-03,22,18R/36L
344416,2024-12-04 15:17:21.825,2024-12-04 15:19:05.331,103.506,Medium 2 (between 34000 kg to 136000 kg),40.50614547729492,-3.5592041015625,Y2,2024-12-04,15,18L/36R
344416,2024-12-05 05:44:11.954,2024-12-05 05:45:27.150,75.196,Medium 2 (between 34000 kg to 136000 kg),40.497676849365234,-3.57464599609375,Z4,2024-12-05,5,18R/36L
344416,2024-12-05 18:57:58.837,2024-12-05 19:00:00.587,121.75,Medium 2 (between 34000 kg to 136000 kg),40.4985466003418,-3.574676513671875,Z4,2024-12-05,19,18R/36L
344416,2024-12-06 15:05:24.989,2024-12-06 15:08:03.639,158.65,Medium 2 (between 34000 kg to 136000 kg),40.49821472167969,-3.5746307373046875,Z4,2024-12-06,15,18R/36L
3cc158,2024-12-05 13:35:25.010,2024-12-05 13:36:12.764,47.754,Medium 1 (between 7000 kg and 34000 kg),40.50647541628045,-3.5592269897460938,Y2,2024-12-05,13,18L/36R
34448d,2024-12-02 10:20:54.607,2024-12-02 10:22:00.532,65.925,Medium 2 (between 34000 kg to 136000 kg),40.49189758300781,-3.554779052734375,K2,2024-12-02,10,14L/32R
34448d,2024-12-02 14:59:58.808,2024-12-02 15:01:29.678,90.87,Medium 2 (between 34000 kg to 136000 kg),40.49798583984375,-3.57464599609375,Z4,2024-12-02,15,18R/36L
34448d,2024-12-05 11:01:34.319,2024-12-05 11:02:37.928,63.609,Medium 2 (between 34000 kg to 136000 kg),40.498592376708984,-3.5746307373046875,Z4,2024-12-05,11,18R/36L
89617d,2024-12-06 21:01:02.072,2024-12-06 21:02:22.955,80.883,Heavy (larger than 136000 kg),40.506832122802734,-3.5592193603515625,Y3,2024-12-06,21,18L/36R
3465c9,2024-12-02 14:30:27.375,2024-12-02 14:31:49.341,81.966,Medium 2 (between 34000 kg to 136000 kg),40.50549781928628,-3.559398651123047,Y2,2024-12-02,14,18L/36R
3465c9,2024-12-06 18:29:33.471,2024-12-06 18:31:39.087,125.616,Medium 2 (between 34000 kg to 136000 kg),40.505836486816406,-3.5594024658203125,Y1,2024-12-06,18,18L/36R
3452c7,2024-12-01 08:39:20.707,2024-12-01 08:41:08.347,107.64,Medium 2 (between 34000 kg to 136000 kg),40.5069694519043,-3.5592193603515625,Y1,2024-12-01,8,18L/36R
3452c7,2024-12-03 07:09:03.152,2024-12-03 07:10:14.411,71.259,Medium 2 (between 34000 kg to 136000 kg),40.505435943603516,-3.5592193603515625,Y1,2024-12-03,7,18L/36R
3452c7,2024-12-04 07:52:18.463,2024-12-04 07:53:06.517,48.054,Medium 2 (between 34000 kg to 136000 kg),40.50058364868164,-3.5591888427734375,Y1,2024-12-04,7,18L/36R
3452c7,2024-12-05 10:58:26.488,2024-12-05 11:00:06.052,99.564,Medium 2 (between 34000 kg to 136000 kg),40.497711181640625,-3.57464599609375,Z3,2024-12-05,11,18R/36L
3452c7,2024-12-06 15:22:12.900,2024-12-06 15:25:12.471,179.571,Medium 2 (between 34000 kg to 136000 kg),40.49942275225106,-3.574660908092152,Z4,2024-12-06,15,18R/36L
3452c7,2024-12-06 18:55:25.460,2024-12-06 18:56:55.035,89.575,Medium 2 (between 34000 kg to 136000 kg),40.49914343882415,-3.5746453025124287,Z4,2024-12-06,18,18R/36L
347311,2024-12-02 14:30:15.502,2024-12-02 14:32:01.456,105.954,Medium 2 (between 34000 kg to 136000 kg),40.49776840209961,-3.5746612548828125,Z2,2024-12-02,14,18R/36L
347311,2024-12-06 14:43:05.076,2024-12-06 14:44:50.299,105.223,Medium 2 (between 34000 kg to 136000 kg),40.50611114501953,-3.5592498779296875,Y1,2024-12-06,14,18L/36R
34134d,2024-12-02 11:01:42.359,2024-12-02 11:03:17.263,94.904,Medium 2 (between 34000 kg to 136000 kg),40.49191620390294,-3.5547950051047583,K2,2024-12-02,11,14L/32R
34134d,2024-12-02 19:42:39.659,2024-12-02 19:44:36.680,117.021,Medium 2 (between 34000 kg to 136000 kg),40.50557928570246,-3.5592269897460938,Y1,2024-12-02,19,18L/36R
34134d,2024-12-04 11:02:53.370,2024-12-04 11:04:40.103,106.733,Medium 2 (between 34000 kg to 136000 kg),40.50483444989737,-3.5592269897460938,Y1,2024-12-04,11,18L/36R
34134d,2024-12-04 17:00:52.140,2024-12-04 17:01:56.763,64.623,Medium 2 (between 34000 kg to 136000 kg),40.505544371524095,-3.5592113841663706,Y1,2024-12-04,17,18L/36R
34134d,2024-12-05 15:32:46.986,2024-12-05 15:34:14.095,87.109,Medium 2 (between 34000 kg to 136000 kg),40.50593948364258,-3.559234619140625,Y1,2024-12-05,15,18L/36R
34134d,2024-12-06 15:30:48.716,2024-12-06 15:32:53.310,124.594,Medium 2 (between 34000 kg to 136000 kg),40.498526621673065,-3.574660908092152,Z4,2024-12-06,15,18R/36L
345688,2024-12-04 06:28:08.062,2024-12-04 06:30:04.819,116.757,Medium 2 (between 34000 kg to 136000 kg),40.498695373535156,-3.5746612548828125,Z4,2024-12-04,6,18R/36L
345688,2024-12-06 19:05:55.433,2024-12-06 19:07:32.878,97.445,Medium 2 (between 34000 kg to 136000 kg),40.499244689941406,-3.57464599609375,Z4,2024-12-06,19,18R/36L
4ca564,2024-12-04 13:31:51.605,2024-12-04 13:33:39.678,108.073,Medium 2 (between 34000 kg to 136000 kg),40.50484608795683,-3.5592269897460938,Y1,2024-12-04,13,18L/36R
4ca564,2024-12-06 13:16:44.432,2024-12-06 13:19:27.122,162.69,Medium 2 (between 34000 kg to 136000 kg),40.49943439031051,-3.574676513671875,Z4,2024-12-06,13,18R/36L
4ca564,2024-12-07 08:16:31.194,2024-12-07 08:18:53.703,142.509,Medium 2 (between 34000 kg to 136000 kg),40.49689729334944,-3.5746453025124287,Z2,2024-12-07,8,18R/36L
347646,2024-12-05 15:52:01.639,2024-12-05 15:54:22.166,140.527,Medium 2 (between 34000 kg to 136000 kg),40.494667053222656,-3.5746307373046875,Z2,2024-12-05,15,18R/36L
347646,2024-12-06 16:06:31.823,2024-12-06 16:08:40.951,129.128,Medium 2 (between 34000 kg to 136000 kg),40.494163513183594,-3.5746307373046875,Z2,2024-12-06,16,18R/36L
39a203,2024-12-02 22:03:53.097,2024-12-02 22:08:08.342,255.245,Medium 2 (between 34000 kg to 136000 kg),40.49834060668945,-3.574615478515625,Z4,2024-12-02,22,18R/36L
4cadff,2024-12-05 05:50:20.352,2024-12-05 05:52:31.346,130.994,Medium 2 (between 34000 kg to 136000 kg),40.49790573120117,-3.5746612548828125,Z2,2024-12-05,5,18R/36L
3444c4,2024-12-01 11:09:11.168,2024-12-01 11:12:30.498,199.33,Heavy (larger than 136000 kg),40.49834060668945,-3.5746307373046875,Z3,2024-12-01,11,18R/36L
3444c4,2024-12-02 11:54:08.869,2024-12-02 11:55:46.712,97.843,Heavy (larger than 136000 kg),40.48112869262695,-3.5721893310546875,LE,2024-12-02,11,14R/32L
3444c4,2024-12-03 11:43:01.038,2024-12-03 11:44:52.035,110.997,Heavy (larger than 136000 kg),40.49846649169922,-3.57464599609375,Z1,2024-12-03,11,18R/36L
3444c4,2024-12-04 11:50:37.212,2024-12-04 11:52:47.460,130.248,Heavy (larger than 136000 kg),40.49750518798828,-3.5746307373046875,Z3,2024-12-04,11,18R/36L
3444c4,2024-12-05 11:36:00.246,2024-12-05 11:37:57.573,117.327,Heavy (larger than 136000 kg),40.49839782714844,-3.57464599609375,Z1,2024-12-05,11,18R/36L
345583,2024-12-01 19:24:35.599,2024-12-01 19:25:27.531,51.932,Medium 2 (between 34000 kg to 136000 kg),40.49884084927834,-3.574629696932706,Z4,2024-12-01,19,18R/36L
345583,2024-12-02 11:11:45.678,2024-12-02 11:16:02.232,256.554,Medium 2 (between 34000 kg to 136000 kg),40.48172126382084,-3.5728038441051138,LD,2024-12-02,11,14R/32L
345583,2024-12-03 08:27:37.339,2024-12-03 08:28:29.477,52.138,Medium 2 (between 34000 kg to 136000 kg),40.50548618122683,-3.5592269897460938,Y1,2024-12-03,8,18L/36R
345583,2024-12-04 18:52:54.159,2024-12-04 18:54:10.118,75.959,Medium 2 (between 34000 kg to 136000 kg),40.49893569946289,-3.5746307373046875,Z4,2024-12-04,18,18R/36L
345583,2024-12-05 06:54:28.075,2024-12-05 06:56:37.578,129.503,Medium 2 (between 34000 kg to 136000 kg),40.50596237182617,-3.5592193603515625,Y1,2024-12-05,6,18L/36R
345583,2024-12-05 15:07:08.271,2024-12-05 15:11:27.650,259.379,Medium 2 (between 34000 kg to 136000 kg),40.50627136230469,-3.5592193603515625,Y1,2024-12-05,15,18L/36R
347604,2024-12-04 14:55:19.566,2024-12-04 14:58:33.309,193.743,Heavy (larger than 136000 kg),40.49818911794888,-3.5746453025124287,Z2,2024-12-04,14,18R/36L
347604,2024-12-05 23:29:33.027,2024-12-05 23:31:13.165,100.138,Heavy (larger than 136000 kg),40.49793308064089,-3.5746453025124287,Z2,2024-12-05,23,18R/36L
4d2216,2024-12-07 12:44:00.591,2024-12-07 12:45:39.279,98.688,Medium 2 (between 34000 kg to 136000 kg),40.50516128540039,-3.5592041015625,Y1,2024-12-07,12,18L/36R
440b5f,2024-12-06 07:07:15.642,2024-12-06 07:08:50.791,95.149,Medium 2 (between 34000 kg to 136000 kg),40.50509262084961,-3.5592193603515625,Y1,2024-12-06,7,18L/36R
344449,2024-12-01 16:02:59.403,2024-12-01 16:05:54.293,174.89,Medium 2 (between 34000 kg to 136000 kg),40.49937620001324,-3.5746453025124287,Z4,2024-12-01,16,18R/36L
344449,2024-12-02 09:47:56.036,2024-12-02 09:49:31.931,95.895,Medium 2 (between 34000 kg to 136000 kg),40.492183685302734,-3.5550689697265625,K2,2024-12-02,9,14L/32R
344449,2024-12-02 15:23:54.045,2024-12-02 15:25:52.297,118.252,Medium 2 (between 34000 kg to 136000 kg),40.505451267048464,-3.5592113841663706,Y1,2024-12-02,15,18L/36R
344449,2024-12-03 11:05:39.372,2024-12-03 11:07:20.627,101.255,Medium 2 (between 34000 kg to 136000 kg),40.50545883178711,-3.559234619140625,Y1,2024-12-03,11,18L/36R
344449,2024-12-05 15:33:45.294,2024-12-05 15:35:41.780,116.486,Medium 2 (between 34000 kg to 136000 kg),40.50661507299391,-3.559242595325817,Y1,2024-12-05,15,18L/36R
344449,2024-12-06 11:14:57.531,2024-12-06 11:16:40.120,102.589,Medium 2 (between 34000 kg to 136000 kg),40.49846649169922,-3.57464599609375,Z4,2024-12-06,11,18R/36L
344449,2024-12-07 06:52:34.405,2024-12-07 06:54:24.595,110.19,Medium 2 (between 34000 kg to 136000 kg),40.49888740151615,-3.574629696932706,Z4,2024-12-07,6,18R/36L
347206,2024-12-01 11:15:01.734,2024-12-01 11:15:42.683,40.949,Heavy (larger than 136000 kg),40.50594006554555,-3.559242595325817,Y2,2024-12-01,11,18L/36R
347206,2024-12-06 23:11:46.921,2024-12-06 23:12:56.383,69.462,Heavy (larger than 136000 kg),40.497374453787074,-3.574660908092152,Z1,2024-12-06,23,18R/36L
406445,2024-12-05 12:08:37.487,2024-12-05 12:11:49.944,192.457,Medium 2 (between 34000 kg to 136000 kg),40.49820075600834,-3.574629696932706,Z2,2024-12-05,12,18R/36L
34714d,2024-12-04 14:05:14.011,2024-12-04 14:07:43.857,149.846,Medium 2 (between 34000 kg to 136000 kg),40.505802154541016,-3.5592193603515625,Y1,2024-12-04,14,18L/36R
3472c9,2024-12-02 10:42:59.486,2024-12-02 10:45:32.921,153.435,Medium 2 (between 34000 kg to 136000 kg),40.480350494384766,-3.5714263916015625,LC,2024-12-02,10,14R/32L
3472c9,2024-12-03 10:43:42.985,2024-12-03 10:46:18.541,155.556,Medium 2 (between 34000 kg to 136000 kg),40.49769973754883,-3.57464599609375,Z4,2024-12-03,10,18R/36L
3472c9,2024-12-05 07:08:28.284,2024-12-05 07:09:57.440,89.156,Medium 2 (between 34000 kg to 136000 kg),40.505404714810645,-3.5592113841663706,Y1,2024-12-05,7,18L/36R
3472c9,2024-12-05 16:11:53.756,2024-12-05 16:14:24.845,151.089,Medium 2 (between 34000 kg to 136000 kg),40.498643002267606,-3.5746453025124287,Z4,2024-12-05,16,18R/36L
3472c9,2024-12-06 05:36:52.649,2024-12-06 05:38:20.408,87.759,Medium 2 (between 34000 kg to 136000 kg),40.49824905395508,-3.57464599609375,Z4,2024-12-06,5,18R/36L
3472c9,2024-12-06 13:03:49.165,2024-12-06 13:05:51.725,122.56,Medium 2 (between 34000 kg to 136000 kg),40.49802017211914,-3.5746612548828125,Z4,2024-12-06,13,18R/36L
3472c9,2024-12-06 20:05:46.105,2024-12-06 20:07:30.717,104.612,Medium 2 (between 34000 kg to 136000 kg),40.498317136602886,-3.574676513671875,Z4,2024-12-06,20,18R/36L
3472c9,2024-12-07 11:36:44.726,2024-12-07 11:39:04.689,139.963,Medium 2 (between 34000 kg to 136000 kg),40.498386964959614,-3.5746453025124287,Z4,2024-12-07,11,18R/36L
3472c9,2024-12-07 19:21:22.609,2024-12-07 19:22:57.972,95.363,Medium 2 (between 34000 kg to 136000 kg),40.4974479675293,-3.574676513671875,Z4,2024-12-07,19,18R/36L
4d02a5,2024-12-03 08:31:01.234,2024-12-03 08:33:23.490,142.256,Light (less than 7000 kg),40.49867791644597,-3.574676513671875,Z4,2024-12-03,8,18R/36L
346456,2024-12-02 11:47:20.008,2024-12-02 11:48:59.762,99.754,Heavy (larger than 136000 kg),40.480941513837394,-3.5720079595392398,LE,2024-12-02,11,14R/32L
343385,2024-12-01 16:06:53.781,2024-12-01 16:08:28.394,94.613,Medium 2 (between 34000 kg to 136000 kg),40.49824730824616,-3.574816963889382,Z4,2024-12-01,16,18R/36L
343385,2024-12-02 15:06:46.438,2024-12-02 15:09:31.808,165.37,Medium 2 (between 34000 kg to 136000 kg),40.49795635675979,-3.574816963889382,Z4,2024-12-02,15,18R/36L
343385,2024-12-03 09:13:38.282,2024-12-03 09:15:17.031,98.749,Medium 2 (between 34000 kg to 136000 kg),40.49806109929489,-3.574816963889382,Z4,2024-12-03,9,18R/36L
343385,2024-12-03 16:16:02.180,2024-12-03 16:19:15.711,193.531,Medium 2 (between 34000 kg to 136000 kg),40.4981689453125,-3.5748291015625,Z4,2024-12-03,16,18R/36L
343385,2024-12-05 06:38:02.155,2024-12-05 06:40:49.594,167.439,Medium 2 (between 34000 kg to 136000 kg),40.497921442581436,-3.574801358309659,Z4,2024-12-05,6,18R/36L
343385,2024-12-05 10:50:50.549,2024-12-05 10:53:41.964,171.415,Medium 2 (between 34000 kg to 136000 kg),40.50590515136719,-3.5594024658203125,Y1,2024-12-05,10,18L/36R
343385,2024-12-06 08:08:23.807,2024-12-06 08:10:24.328,120.521,Medium 2 (between 34000 kg to 136000 kg),40.497562408447266,-3.5748138427734375,Z3,2024-12-06,8,18R/36L
343385,2024-12-06 14:51:59.987,2024-12-06 14:54:57.264,177.277,Medium 2 (between 34000 kg to 136000 kg),40.4985237121582,-3.5748291015625,Z3,2024-12-06,14,18R/36L
71be23,2024-12-03 14:51:20.861,2024-12-03 14:54:36.511,195.65,Heavy (larger than 136000 kg),40.49804946123543,-3.5746453025124287,Z1,2024-12-03,14,18R/36L
71be23,2024-12-06 14:44:48.055,2024-12-06 14:48:57.375,249.32,Heavy (larger than 136000 kg),40.49811928959216,-3.5746453025124287,Z1,2024-12-06,14,18R/36L
4cae4c,2024-12-06 14:52:26.572,2024-12-06 14:54:15.228,108.656,Medium 2 (between 34000 kg to 136000 kg),40.505401611328125,-3.559234619140625,Y1,2024-12-06,14,18L/36R
345388,2024-12-01 07:24:48.724,2024-12-01 07:26:41.799,113.075,Medium 2 (between 34000 kg to 136000 kg),40.50453186035156,-3.5592041015625,Y1,2024-12-01,7,18L/36R
345388,2024-12-06 06:50:31.838,2024-12-06 06:52:07.735,95.897,Medium 2 (between 34000 kg to 136000 kg),40.49870119256488,-3.574660908092152,Z4,2024-12-06,6,18R/36L
345388,2024-12-06 10:49:13.035,2024-12-06 10:50:48.996,95.961,Medium 2 (between 34000 kg to 136000 kg),40.498329162597656,-3.57464599609375,Z4,2024-12-06,10,18R/36L
345543,2024-12-01 08:33:23.606,2024-12-01 08:36:10.076,166.47,Medium 2 (between 34000 kg to 136000 kg),40.5058708190918,-3.5592193603515625,Y1,2024-12-01,8,18L/36R
345543,2024-12-04 06:44:54.343,2024-12-04 06:46:29.016,94.673,Medium 2 (between 34000 kg to 136000 kg),40.50604248046875,-3.559234619140625,Y1,2024-12-04,6,18L/36R
345543,2024-12-05 15:29:11.627,2024-12-05 15:30:38.458,86.831,Medium 2 (between 34000 kg to 136000 kg),40.506614685058594,-3.5592193603515625,Y1,2024-12-05,15,18L/36R
345543,2024-12-07 07:37:43.182,2024-12-07 07:39:28.714,105.532,Medium 2 (between 34000 kg to 136000 kg),40.505001068115234,-3.5592193603515625,Y1,2024-12-07,7,18L/36R
342189,2024-12-02 05:55:35.324,2024-12-02 05:58:13.335,158.011,Medium 2 (between 34000 kg to 136000 kg),40.49846649169922,-3.57464599609375,Z4,2024-12-02,5,18R/36L
342189,2024-12-04 12:24:20.040,2024-12-04 12:25:39.229,79.189,Medium 2 (between 34000 kg to 136000 kg),40.505148677502646,-3.5592113841663706,Y1,2024-12-04,12,18L/36R
342189,2024-12-05 11:00:12.156,2024-12-05 11:01:34.522,82.366,Medium 2 (between 34000 kg to 136000 kg),40.50603317002118,-3.5592269897460938,Y1,2024-12-05,11,18L/36R
342189,2024-12-05 19:51:39.847,2024-12-05 19:52:47.340,67.493,Medium 2 (between 34000 kg to 136000 kg),40.505265058097194,-3.5592582009055396,Y1,2024-12-05,19,18L/36R
342189,2024-12-07 08:22:41.766,2024-12-07 08:24:21.264,99.498,Medium 2 (between 34000 kg to 136000 kg),40.50494384765625,-3.5592041015625,Y1,2024-12-07,8,18L/36R
347302,2024-12-02 20:00:46.430,2024-12-02 20:02:22.537,96.107,Medium 2 (between 34000 kg to 136000 kg),40.504624964827194,-3.559242595325817,Y1,2024-12-02,20,18L/36R
06a30d,2024-12-06 07:22:57.203,2024-12-06 07:24:06.911,69.708,Heavy (larger than 136000 kg),40.50447367005429,-3.5591957785866475,Y1,2024-12-06,7,18L/36R
34768d,2024-12-01 17:49:59.544,2024-12-01 17:51:43.577,104.033,Medium 2 (between 34000 kg to 136000 kg),40.504669189453125,-3.5592041015625,Y1,2024-12-01,17,18L/36R
344304,2024-12-01 12:13:29.172,2024-12-01 12:16:13.227,164.055,Heavy (larger than 136000 kg),40.498443603515625,-3.5746307373046875,Z3,2024-12-01,12,18R/36L
344304,2024-12-04 11:32:37.115,2024-12-04 11:35:16.825,159.71,Heavy (larger than 136000 kg),40.497211520954714,-3.5746453025124287,Z3,2024-12-04,11,18R/36L
344304,2024-12-06 11:11:04.665,2024-12-06 11:13:01.251,116.586,Heavy (larger than 136000 kg),40.49728775024414,-3.5746307373046875,Z1,2024-12-06,11,18R/36L
3453c1,2024-12-02 09:36:46.600,2024-12-02 09:38:11.959,85.359,Medium 2 (between 34000 kg to 136000 kg),40.47982406616211,-3.5708770751953125,LA,2024-12-02,9,14R/32L
3453c1,2024-12-02 14:28:00.266,2024-12-02 14:30:33.635,153.369,Medium 2 (between 34000 kg to 136000 kg),40.4985466003418,-3.5746612548828125,Z2,2024-12-02,14,18R/36L
3453c1,2024-12-04 11:28:06.879,2024-12-04 11:29:42.109,95.23,Medium 2 (between 34000 kg to 136000 kg),40.497374453787074,-3.5746453025124287,Z2,2024-12-04,11,18R/36L
3453c1,2024-12-05 15:56:12.692,2024-12-05 15:57:54.673,101.981,Medium 2 (between 34000 kg to 136000 kg),40.507185337907174,-3.559242595325817,Y2,2024-12-05,15,18L/36R
3453c1,2024-12-06 19:15:08.393,2024-12-06 19:17:07.075,118.682,Medium 2 (between 34000 kg to 136000 kg),40.49894714355469,-3.574676513671875,Z2,2024-12-06,19,18R/36L
344417,2024-12-01 08:28:09.836,2024-12-01 08:30:09.718,119.882,Medium 2 (between 34000 kg to 136000 kg),40.50542449951172,-3.5592193603515625,Y1,2024-12-01,8,18L/36R
344417,2024-12-02 11:06:54.697,2024-12-02 11:08:33.045,98.348,Medium 2 (between 34000 kg to 136000 kg),40.48021995415122,-3.5712432861328125,LD,2024-12-02,11,14R/32L
344417,2024-12-02 15:26:55.643,2024-12-02 15:28:38.407,102.764,Medium 2 (between 34000 kg to 136000 kg),40.505334886453916,-3.5591957785866475,Y1,2024-12-02,15,18L/36R
344417,2024-12-03 15:08:38.077,2024-12-03 15:10:03.283,85.206,Medium 2 (between 34000 kg to 136000 kg),40.498643002267606,-3.574660908092152,Z4,2024-12-03,15,18R/36L
344417,2024-12-05 08:25:37.235,2024-12-05 08:27:14.604,97.369,Medium 2 (between 34000 kg to 136000 kg),40.50509262084961,-3.5592041015625,Y1,2024-12-05,8,18L/36R
344417,2024-12-06 06:50:54.412,2024-12-06 06:52:02.804,68.392,Medium 2 (between 34000 kg to 136000 kg),40.50508117675781,-3.5592193603515625,Y1,2024-12-06,6,18L/36R
344417,2024-12-07 07:23:59.266,2024-12-07 07:25:18.842,79.576,Medium 2 (between 34000 kg to 136000 kg),40.497921442581436,-3.574614091352983,Z4,2024-12-07,7,18R/36L
3475c7,2024-12-02 23:28:47.159,2024-12-02 23:31:42.467,175.308,Heavy (larger than 136000 kg),40.49696731567383,-3.57464599609375,Z1,2024-12-02,23,18R/36L
3475c7,2024-12-05 23:33:35.337,2024-12-05 23:35:02.122,86.785,Heavy (larger than 136000 kg),40.49788652840307,-3.5746453025124287,Z3,2024-12-05,23,18R/36L
39a2e3,2024-12-06 16:17:43.406,2024-12-06 16:19:29.679,106.273,Medium 2 (between 34000 kg to 136000 kg),40.505699157714844,-3.5592193603515625,Y1,2024-12-06,16,18L/36R
06a2ec,2024-12-05 20:40:50.506,2024-12-05 20:42:06.197,75.691,Heavy (larger than 136000 kg),40.506866455078125,-3.5592041015625,Y2,2024-12-05,20,18L/36R
e07211,2024-12-01 18:20:48.323,2024-12-01 18:23:31.117,162.794,Heavy (larger than 136000 kg),40.498558044433594,-3.57464599609375,Z2,2024-12-01,18,18R/36L
34604b,2024-12-01 10:46:31.240,2024-12-01 10:48:37.191,125.951,Medium 2 (between 34000 kg to 136000 kg),40.49843215942383,-3.57464599609375,Z4,2024-12-01,10,18R/36L
34604b,2024-12-03 15:03:13.808,2024-12-03 15:04:39.754,85.946,Medium 2 (between 34000 kg to 136000 kg),40.49820327758789,-3.57464599609375,Z2,2024-12-03,15,18R/36L
34604b,2024-12-04 14:52:02.975,2024-12-04 14:53:26.513,83.538,Medium 2 (between 34000 kg to 136000 kg),40.505823684951004,-3.5592269897460938,Y1,2024-12-04,14,18L/36R
34604b,2024-12-05 15:48:01.885,2024-12-05 15:50:22.048,140.163,Medium 2 (between 34000 kg to 136000 kg),40.49858481197034,-3.5746453025124287,Z4,2024-12-05,15,18R/36L
34604b,2024-12-06 11:13:01.489,2024-12-06 11:15:06.803,125.314,Medium 2 (between 34000 kg to 136000 kg),40.50582504272461,-3.5592193603515625,Y1,2024-12-06,11,18L/36R
34604b,2024-12-06 15:36:03.446,2024-12-06 15:38:46.045,162.599,Medium 2 (between 34000 kg to 136000 kg),40.499141693115234,-3.5746612548828125,Z4,2024-12-06,15,18R/36L
34604b,2024-12-07 12:48:25.491,2024-12-07 12:49:22.052,56.561,Medium 2 (between 34000 kg to 136000 kg),40.50537872314453,-3.5592193603515625,Y1,2024-12-07,12,18L/36R
34604b,2024-12-07 16:47:22.266,2024-12-07 16:51:06.725,224.459,Medium 2 (between 34000 kg to 136000 kg),40.49901542017015,-3.574660908092152,Z4,2024-12-07,16,18R/36L
4ca565,2024-12-06 19:29:16.196,2024-12-06 19:30:35.327,79.131,Medium 2 (between 34000 kg to 136000 kg),40.50573058047537,-3.5592269897460938,Y1,2024-12-06,19,18L/36R
4ca565,2024-12-07 05:06:10.642,2024-12-07 05:07:34.704,84.062,Medium 2 (between 34000 kg to 136000 kg),40.49863136420816,-3.5746453025124287,Z2,2024-12-07,5,18R/36L
e8026c,2024-12-06 23:58:43.994,2024-12-07 00:00:08.407,84.413,Heavy (larger than 136000 kg),40.4979796328787,-3.5746453025124287,Z3,2024-12-07,0,18R/36L
347643,2024-12-02 23:23:35.887,2024-12-02 23:26:26.927,171.04,Heavy (larger than 136000 kg),40.49797439575195,-3.5746307373046875,Z2,2024-12-02,23,18R/36L
347553,2024-12-01 10:59:00.754,2024-12-01 11:01:55.030,174.276,Medium 2 (between 34000 kg to 136000 kg),40.497095140360166,-3.5746453025124287,Z3,2024-12-01,11,18R/36L
347553,2024-12-02 11:20:41.484,2024-12-02 11:28:12.220,450.736,Medium 2 (between 34000 kg to 136000 kg),40.481674711583025,-3.5727414217862217,LD,2024-12-02,11,14R/32L
347553,2024-12-03 11:47:06.563,2024-12-03 11:48:37.092,90.529,Medium 2 (between 34000 kg to 136000 kg),40.5055046081543,-3.5592193603515625,Y1,2024-12-03,11,18L/36R
347553,2024-12-04 17:56:48.525,2024-12-04 18:00:05.712,197.187,Medium 2 (between 34000 kg to 136000 kg),40.49806594848633,-3.5746307373046875,Z4,2024-12-04,18,18R/36L
347553,2024-12-05 15:37:59.923,2024-12-05 15:40:31.191,151.268,Medium 2 (between 34000 kg to 136000 kg),40.49872446868379,-3.574660908092152,Z4,2024-12-05,15,18R/36L
347553,2024-12-05 23:20:51.101,2024-12-05 23:23:20.686,149.585,Medium 2 (between 34000 kg to 136000 kg),40.49816584182998,-3.574629696932706,Z4,2024-12-05,23,18R/36L
347553,2024-12-06 07:05:05.265,2024-12-06 07:07:29.173,143.908,Medium 2 (between 34000 kg to 136000 kg),40.50549781928628,-3.5592269897460938,Y1,2024-12-06,7,18L/36R
347553,2024-12-06 15:29:24.727,2024-12-06 15:31:02.137,97.41,Medium 2 (between 34000 kg to 136000 kg),40.497723595570704,-3.5746453025124287,Z2,2024-12-06,15,18R/36L
347553,2024-12-07 07:05:31.248,2024-12-07 07:07:09.632,98.384,Medium 2 (between 34000 kg to 136000 kg),40.49780506198689,-3.574629696932706,Z4,2024-12-07,7,18R/36L
400d5a,2024-12-06 11:12:37.017,2024-12-06 11:15:15.554,158.537,Medium 2 (between 34000 kg to 136000 kg),40.49781670004634,-3.574676513671875,Z1,2024-12-06,11,18R/36L
4b18f5,2024-12-05 09:27:44.201,2024-12-05 09:29:22.623,98.422,Medium 2 (between 34000 kg to 136000 kg),40.50504393496756,-3.5592113841663706,Y1,2024-12-05,9,18L/36R
aabbd0,2024-12-01 08:09:29.756,2024-12-01 08:11:11.019,101.263,Heavy (larger than 136000 kg),40.498558044433594,-3.5746307373046875,Z1,2024-12-01,8,18R/36L
344450,2024-12-07 15:55:07.354,2024-12-07 15:56:52.971,105.617,Heavy (larger than 136000 kg),40.49911880493164,-3.57464599609375,Z2,2024-12-07,15,18R/36L
346419,2024-12-04 08:10:46.695,2024-12-04 08:12:05.659,78.964,Heavy (larger than 136000 kg),40.4963968567929,-3.574629696932706,Z3,2024-12-04,8,18R/36L
aa7439,2024-12-01 09:08:05.538,2024-12-01 09:10:34.952,149.414,Heavy (larger than 136000 kg),40.49674987792969,-3.5746307373046875,Z1,2024-12-01,9,18R/36L
06a2b1,2024-12-04 14:47:25.075,2024-12-04 14:49:33.949,128.874,Heavy (larger than 136000 kg),40.50572204589844,-3.5592193603515625,Y1,2024-12-04,14,18L/36R
34324f,2024-12-01 10:57:05.675,2024-12-01 10:58:49.187,103.512,Medium 2 (between 34000 kg to 136000 kg),40.498992919921875,-3.5746612548828125,Z4,2024-12-01,10,18R/36L
34324f,2024-12-01 15:29:52.835,2024-12-01 15:32:05.059,132.224,Medium 2 (between 34000 kg to 136000 kg),40.49863136420816,-3.5746453025124287,Z4,2024-12-01,15,18R/36L
34324f,2024-12-02 15:38:36.944,2024-12-02 15:40:18.432,101.488,Medium 2 (between 34000 kg to 136000 kg),40.50563049316406,-3.5592193603515625,Y1,2024-12-02,15,18L/36R
34324f,2024-12-03 08:08:00.419,2024-12-03 08:10:14.387,133.968,Medium 2 (between 34000 kg to 136000 kg),40.505753856594275,-3.5592269897460938,Y1,2024-12-03,8,18L/36R
34324f,2024-12-05 06:46:02.220,2024-12-05 06:48:10.645,128.425,Medium 2 (between 34000 kg to 136000 kg),40.505218505859375,-3.5592193603515625,Y1,2024-12-05,6,18L/36R
34324f,2024-12-05 15:18:20.750,2024-12-05 15:20:16.628,115.878,Medium 2 (between 34000 kg to 136000 kg),40.49885248733779,-3.574660908092152,Z4,2024-12-05,15,18R/36L
34324f,2024-12-06 15:02:24.904,2024-12-06 15:04:01.064,96.16,Medium 2 (between 34000 kg to 136000 kg),40.499576568603516,-3.57464599609375,Z4,2024-12-06,15,18R/36L
34324f,2024-12-07 08:25:06.520,2024-12-07 08:26:19.906,73.386,Medium 2 (between 34000 kg to 136000 kg),40.50594006554555,-3.5592113841663706,Y1,2024-12-07,8,18L/36R
344481,2024-12-01 08:40:39.468,2024-12-01 08:42:42.236,122.768,Medium 2 (between 34000 kg to 136000 kg),40.505451267048464,-3.5592113841663706,Y1,2024-12-01,8,18L/36R
344481,2024-12-01 15:25:48.919,2024-12-01 15:27:47.312,118.393,Medium 2 (between 34000 kg to 136000 kg),40.50595170360501,-3.5592113841663706,Y1,2024-12-01,15,18L/36R
344481,2024-12-02 18:53:13.038,2024-12-02 18:54:46.747,93.709,Medium 2 (between 34000 kg to 136000 kg),40.49787139892578,-3.57464599609375,Z4,2024-12-02,18,18R/36L
344481,2024-12-06 11:05:52.303,2024-12-06 11:07:30.200,97.897,Medium 2 (between 34000 kg to 136000 kg),40.49801454705707,-3.5746453025124287,Z4,2024-12-06,11,18R/36L
344481,2024-12-07 13:39:39.936,2024-12-07 13:41:43.064,123.128,Medium 2 (between 34000 kg to 136000 kg),40.505660752118644,-3.559289412064986,Y1,2024-12-07,13,18L/36R
347388,2024-12-01 11:52:05.698,2024-12-01 11:54:32.616,146.918,Heavy (larger than 136000 kg),40.497859954833984,-3.57464599609375,Z1,2024-12-01,11,18R/36L
347388,2024-12-03 23:12:51.847,2024-12-03 23:16:58.127,246.28,Heavy (larger than 136000 kg),40.498270584365066,-3.574660908092152,Z1,2024-12-03,23,18R/36L
347388,2024-12-06 23:19:14.100,2024-12-06 23:20:55.290,101.19,Heavy (larger than 136000 kg),40.49779342392743,-3.5746453025124287,Z1,2024-12-06,23,18R/36L
a07176,2024-12-02 10:08:36.593,2024-12-02 10:10:56.205,139.612,Heavy (larger than 136000 kg),40.48115158081055,-3.5722198486328125,LA,2024-12-02,10,14R/32L
010249,2024-12-02 12:29:27.329,2024-12-02 12:31:00.396,93.067,Medium 2 (between 34000 kg to 136000 kg),40.493149838205106,-3.5559810291637075,K2,2024-12-02,12,14L/32R
3450d8,2024-12-06 16:14:03.164,2024-12-06 16:16:36.197,153.033,Heavy (larger than 136000 kg),40.4986197261487,-3.574614091352983,Z2,2024-12-06,16,18R/36L
3450d8,2024-12-07 14:56:01.649,2024-12-07 14:58:47.104,165.455,Heavy (larger than 136000 kg),40.49824905395508,-3.5746307373046875,Z2,2024-12-07,14,18R/36L
495292,2024-12-01 11:22:11.807,2024-12-01 11:24:26.992,135.185,Medium 2 (between 34000 kg to 136000 kg),40.49680418887381,-3.5746453025124287,Z2,2024-12-01,11,18R/36L
4d2535,2024-12-05 23:27:12.192,2024-12-05 23:29:48.613,156.421,Medium 2 (between 34000 kg to 136000 kg),40.496646881103516,-3.574615478515625,Z2,2024-12-05,23,18R/36L
34644e,2024-12-01 11:35:16.704,2024-12-01 11:39:09.232,232.528,Medium 2 (between 34000 kg to 136000 kg),40.49808883666992,-3.57464599609375,Z4,2024-12-01,11,18R/36L
34644e,2024-12-04 11:06:45.719,2024-12-04 11:07:59.765,74.046,Medium 2 (between 34000 kg to 136000 kg),40.496761322021484,-3.57464599609375,Z2,2024-12-04,11,18R/36L
34644e,2024-12-05 07:56:08.859,2024-12-05 07:58:38.815,149.956,Medium 2 (between 34000 kg to 136000 kg),40.49802618511652,-3.5746453025124287,Z4,2024-12-05,7,18R/36L
34644e,2024-12-06 06:27:38.836,2024-12-06 06:29:00.055,81.219,Medium 2 (between 34000 kg to 136000 kg),40.50524139404297,-3.559234619140625,Y1,2024-12-06,6,18L/36R
34644e,2024-12-06 18:36:08.078,2024-12-06 18:40:00.999,232.921,Medium 2 (between 34000 kg to 136000 kg),40.49844515525688,-3.574660908092152,Z4,2024-12-06,18,18R/36L
34644e,2024-12-07 15:07:40.123,2024-12-07 15:09:22.248,102.125,Medium 2 (between 34000 kg to 136000 kg),40.50677800582627,-3.5592269897460938,Y1,2024-12-07,15,18L/36R
34250a,2024-12-02 15:36:04.826,2024-12-02 15:37:35.034,90.208,Medium 2 (between 34000 kg to 136000 kg),40.50562583794028,-3.5592269897460938,Y1,2024-12-02,15,18L/36R
34250a,2024-12-05 06:44:35.392,2024-12-05 06:46:16.823,101.431,Medium 2 (between 34000 kg to 136000 kg),40.505184173583984,-3.5592193603515625,Y1,2024-12-05,6,18L/36R
34250a,2024-12-05 21:43:33.298,2024-12-05 21:45:34.364,121.066,Medium 2 (between 34000 kg to 136000 kg),40.497276306152344,-3.57464599609375,Z2,2024-12-05,21,18R/36L
34250a,2024-12-07 08:04:20.321,2024-12-07 08:05:23.840,63.519,Medium 2 (between 34000 kg to 136000 kg),40.50519561767578,-3.5592193603515625,Y1,2024-12-07,8,18L/36R
4ca708,2024-12-02 20:31:32.471,2024-12-02 20:34:11.609,159.138,Medium 2 (between 34000 kg to 136000 kg),40.498317136602886,-3.574660908092152,Z2,2024-12-02,20,18R/36L
4ca708,2024-12-06 10:07:17.118,2024-12-06 10:09:15.509,118.391,Medium 2 (between 34000 kg to 136000 kg),40.498596450029794,-3.574660908092152,Z2,2024-12-06,10,18R/36L
4ca8af,2024-12-05 20:08:50.627,2024-12-05 20:10:27.291,96.664,High vortex aircraft,40.49786325228416,-3.574660908092152,Z2,2024-12-05,20,18R/36L
3465c5,2024-12-02 14:15:31.793,2024-12-02 14:17:21.146,109.353,Heavy (larger than 136000 kg),40.497093200683594,-3.57464599609375,Z3,2024-12-02,14,18R/36L
3465c5,2024-12-03 14:28:33.788,2024-12-03 14:30:28.819,115.031,Heavy (larger than 136000 kg),40.49839860301907,-3.5746453025124287,Z3,2024-12-03,14,18R/36L
3465c5,2024-12-05 16:10:45.452,2024-12-05 16:12:01.143,75.691,Heavy (larger than 136000 kg),40.4985466003418,-3.57464599609375,Z3,2024-12-05,16,18R/36L
3465c5,2024-12-06 14:20:21.707,2024-12-06 14:21:36.946,75.239,Heavy (larger than 136000 kg),40.49803782317598,-3.5746453025124287,Z3,2024-12-06,14,18R/36L
3465c5,2024-12-07 14:46:32.145,2024-12-07 14:49:23.696,171.551,Heavy (larger than 136000 kg),40.49842071533203,-3.57464599609375,Z3,2024-12-07,14,18R/36L
346386,2024-12-01 16:13:37.355,2024-12-01 16:15:27.322,109.967,Heavy (larger than 136000 kg),40.49761885303562,-3.5746453025124287,Z3,2024-12-01,16,18R/36L
346386,2024-12-02 23:34:40.586,2024-12-02 23:36:31.722,111.136,Heavy (larger than 136000 kg),40.49808883666992,-3.57464599609375,Z3,2024-12-02,23,18R/36L
346386,2024-12-06 23:17:00.864,2024-12-06 23:18:40.834,99.97,Heavy (larger than 136000 kg),40.49740936796544,-3.574629696932706,Z3,2024-12-06,23,18R/36L
3c6670,2024-12-01 18:00:40.898,2024-12-01 18:01:43.020,62.122,Medium 2 (between 34000 kg to 136000 kg),40.50516128540039,-3.5592041015625,Y1,2024-12-01,18,18L/36R
4d2301,2024-12-02 19:58:51.666,2024-12-02 20:00:56.499,124.833,Medium 2 (between 34000 kg to 136000 kg),40.50520706176758,-3.5592193603515625,Y1,2024-12-02,20,18L/36R
34368c,2024-12-01 15:05:31.992,2024-12-01 15:07:39.591,127.599,Medium 2 (between 34000 kg to 136000 kg),40.49894714355469,-3.57464599609375,Z4,2024-12-01,15,18R/36L
34368c,2024-12-02 15:22:47.191,2024-12-02 15:24:17.431,90.24,Medium 2 (between 34000 kg to 136000 kg),40.506766367766815,-3.5592269897460938,Y1,2024-12-02,15,18L/36R
34368c,2024-12-03 15:02:51.137,2024-12-03 15:04:46.362,115.225,Medium 2 (between 34000 kg to 136000 kg),40.50619610285354,-3.5592113841663706,Y1,2024-12-03,15,18L/36R
34368c,2024-12-04 09:37:56.907,2024-12-04 09:39:46.227,109.32,Medium 2 (between 34000 kg to 136000 kg),40.50491591631356,-3.5592269897460938,Y1,2024-12-04,9,18L/36R
34368c,2024-12-05 15:30:18.845,2024-12-05 15:31:47.688,88.843,Medium 2 (between 34000 kg to 136000 kg),40.50685947224245,-3.5592269897460938,Y1,2024-12-05,15,18L/36R
34368c,2024-12-05 22:24:41.419,2024-12-05 22:27:26.083,164.664,Medium 2 (between 34000 kg to 136000 kg),40.49875259399414,-3.57464599609375,Z4,2024-12-05,22,18R/36L
40772d,2024-12-02 16:40:00.546,2024-12-02 16:41:55.900,115.354,Medium 2 (between 34000 kg to 136000 kg),40.4970602261818,-3.5746453025124287,Z2,2024-12-02,16,18R/36L
4ca2bf,2024-12-02 14:03:59.832,2024-12-02 14:05:50.426,110.594,Medium 2 (between 34000 kg to 136000 kg),40.50542449951172,-3.5592498779296875,Y1,2024-12-02,14,18L/36R
4cafb4,2024-12-01 05:28:24.535,2024-12-01 05:30:24.280,119.745,Medium 2 (between 34000 kg to 136000 kg),40.4974442821438,-3.5746453025124287,Z2,2024-12-01,5,18R/36L
4cafb4,2024-12-02 11:39:46.816,2024-12-02 11:41:14.605,87.789,Medium 2 (between 34000 kg to 136000 kg),40.48025894165039,-3.5713348388671875,LB,2024-12-02,11,14R/32L
34604d,2024-12-01 10:41:32.535,2024-12-01 10:45:23.587,231.052,Medium 2 (between 34000 kg to 136000 kg),40.49783997616525,-3.5746453025124287,Z2,2024-12-01,10,18R/36L
34604d,2024-12-01 14:40:42.575,2024-12-01 14:43:34.414,171.839,Medium 2 (between 34000 kg to 136000 kg),40.49899214405124,-3.574676513671875,Z4,2024-12-01,14,18R/36L
34604d,2024-12-01 18:26:30.514,2024-12-01 18:28:42.501,131.987,Medium 2 (between 34000 kg to 136000 kg),40.49878692626953,-3.57464599609375,Z4,2024-12-01,18,18R/36L
34604d,2024-12-02 06:50:33.937,2024-12-02 06:52:04.766,90.829,Medium 2 (between 34000 kg to 136000 kg),40.50630084538864,-3.5592269897460938,Y1,2024-12-02,6,18L/36R
34604d,2024-12-02 14:32:53.839,2024-12-02 14:34:22.594,88.755,Medium 2 (between 34000 kg to 136000 kg),40.50588187524828,-3.5592269897460938,Y1,2024-12-02,14,18L/36R
34604d,2024-12-03 11:55:38.822,2024-12-03 11:57:21.948,103.126,Medium 2 (between 34000 kg to 136000 kg),40.498043060302734,-3.57464599609375,Z2,2024-12-03,11,18R/36L
34604d,2024-12-05 06:49:38.553,2024-12-05 06:51:10.751,92.198,Medium 2 (between 34000 kg to 136000 kg),40.50575637817383,-3.5592193603515625,Y1,2024-12-05,6,18L/36R
34604d,2024-12-06 06:31:11.852,2024-12-06 06:32:52.079,100.227,Medium 2 (between 34000 kg to 136000 kg),40.505950927734375,-3.5592193603515625,Y1,2024-12-06,6,18L/36R
34604d,2024-12-07 07:36:01.253,2024-12-07 07:37:58.650,117.397,Medium 2 (between 34000 kg to 136000 kg),40.505148677502646,-3.5592113841663706,Y1,2024-12-07,7,18L/36R
34604d,2024-12-07 12:38:44.373,2024-12-07 12:40:18.229,93.856,Medium 2 (between 34000 kg to 136000 kg),40.505802154541016,-3.559234619140625,Y1,2024-12-07,12,18L/36R
392aee,2024-12-04 15:36:17.332,2024-12-04 15:37:41.378,84.046,Medium 2 (between 34000 kg to 136000 kg),40.49747085571289,-3.5746307373046875,Z2,2024-12-04,15,18R/36L
3c542e,2024-12-05 12:53:00.504,2024-12-05 12:54:02.897,62.393,Heavy (larger than 136000 kg),40.505767822265625,-3.5592041015625,Y1,2024-12-05,12,18L/36R
3c542e,2024-12-05 21:24:00.656,2024-12-05 21:26:39.970,159.314,Heavy (larger than 136000 kg),40.49658966064453,-3.5746307373046875,Z2,2024-12-05,21,18R/36L
aa4195,2024-12-07 11:53:26.235,2024-12-07 11:55:23.855,117.62,Heavy (larger than 136000 kg),40.49729919433594,-3.574615478515625,Z3,2024-12-07,11,18R/36L
3c061d,2024-12-07 11:55:26.839,2024-12-07 11:58:24.081,177.242,Medium 1 (between 7000 kg and 34000 kg),40.50739288330078,-3.5747222900390625,Z2,2024-12-07,11,18R/36L
4d234c,2024-12-01 11:43:18.091,2024-12-01 11:45:01.088,102.997,Medium 2 (between 34000 kg to 136000 kg),40.50534652451337,-3.5592269897460938,Y1,2024-12-01,11,18L/36R
3415cf,2024-12-02 08:37:10.424,2024-12-02 08:38:50.687,100.263,Medium 2 (between 34000 kg to 136000 kg),40.505753856594275,-3.5592113841663706,Y1,2024-12-02,8,18L/36R
3415cf,2024-12-02 15:03:07.657,2024-12-02 15:05:36.503,148.846,Medium 2 (between 34000 kg to 136000 kg),40.497859954833984,-3.5746612548828125,Z4,2024-12-02,15,18R/36L
3415cf,2024-12-02 18:54:24.635,2024-12-02 18:56:16.055,111.42,Medium 2 (between 34000 kg to 136000 kg),40.4978283381058,-3.574660908092152,Z4,2024-12-02,18,18R/36L
3415cf,2024-12-04 10:55:06.393,2024-12-04 10:56:46.308,99.915,Medium 2 (between 34000 kg to 136000 kg),40.497310638427734,-3.57464599609375,Z4,2024-12-04,10,18R/36L
3415cf,2024-12-05 15:56:04.195,2024-12-05 15:58:38.730,154.535,Medium 2 (between 34000 kg to 136000 kg),40.49888740151615,-3.574676513671875,Z4,2024-12-05,15,18R/36L
3415cf,2024-12-06 10:45:41.345,2024-12-06 10:48:08.928,147.583,Medium 2 (between 34000 kg to 136000 kg),40.497528076171875,-3.57464599609375,Z4,2024-12-06,10,18R/36L
3415cf,2024-12-06 16:26:42.038,2024-12-06 16:28:17.239,95.201,Medium 2 (between 34000 kg to 136000 kg),40.506248474121094,-3.559234619140625,Y2,2024-12-06,16,18L/36R
34520e,2024-12-02 08:38:37.889,2024-12-02 08:40:15.794,97.905,Heavy (larger than 136000 kg),40.507266998291016,-3.559234619140625,Y2,2024-12-02,8,18L/36R
34520e,2024-12-03 15:12:27.711,2024-12-03 15:14:22.376,114.665,Heavy (larger than 136000 kg),40.498191833496094,-3.57464599609375,Z3,2024-12-03,15,18R/36L
34520e,2024-12-06 11:59:20.372,2024-12-06 12:01:55.108,154.736,Heavy (larger than 136000 kg),40.49812316894531,-3.5746307373046875,Z1,2024-12-06,12,18R/36L
344195,2024-12-01 10:24:49.685,2024-12-01 10:26:24.584,94.899,Medium 2 (between 34000 kg to 136000 kg),40.50562583794028,-3.5592269897460938,Y1,2024-12-01,10,18L/36R
344195,2024-12-01 16:08:40.694,2024-12-01 16:10:42.236,121.542,Medium 2 (between 34000 kg to 136000 kg),40.506335759567,-3.5592269897460938,Y2,2024-12-01,16,18L/36R
344195,2024-12-02 18:57:32.039,2024-12-02 18:59:12.759,100.72,Medium 2 (between 34000 kg to 136000 kg),40.50562583794028,-3.5592269897460938,Y1,2024-12-02,18,18L/36R
344195,2024-12-03 06:36:23.574,2024-12-03 06:38:47.573,143.999,Medium 2 (between 34000 kg to 136000 kg),40.5058479309082,-3.559234619140625,Y2,2024-12-03,6,18L/36R
344195,2024-12-04 10:41:10.419,2024-12-04 10:42:14.510,64.091,Medium 2 (between 34000 kg to 136000 kg),40.50448530811374,-3.5592113841663706,Y1,2024-12-04,10,18L/36R
344195,2024-12-04 15:14:35.168,2024-12-04 15:16:17.662,102.494,Medium 2 (between 34000 kg to 136000 kg),40.505963341664454,-3.5592269897460938,Y2,2024-12-04,15,18L/36R
344195,2024-12-05 09:26:20.810,2024-12-05 09:27:55.512,94.702,Medium 2 (between 34000 kg to 136000 kg),40.50576549465373,-3.5592269897460938,Y1,2024-12-05,9,18L/36R
344195,2024-12-05 14:56:09.783,2024-12-05 14:57:39.406,89.623,Medium 2 (between 34000 kg to 136000 kg),40.49923324584961,-3.57464599609375,Z4,2024-12-05,14,18R/36L
344195,2024-12-05 19:08:45.096,2024-12-05 19:10:20.375,95.279,Medium 2 (between 34000 kg to 136000 kg),40.49893395375397,-3.5746453025124287,Z4,2024-12-05,19,18R/36L
347481,2024-12-02 09:45:13.771,2024-12-02 09:46:42.162,88.391,Medium 2 (between 34000 kg to 136000 kg),40.49113645391949,-3.553999120538885,K2,2024-12-02,9,14L/32R
347481,2024-12-02 14:37:17.360,2024-12-02 14:39:37.462,140.102,Medium 2 (between 34000 kg to 136000 kg),40.50534439086914,-3.5592041015625,Y1,2024-12-02,14,18L/36R
347481,2024-12-03 05:52:59.131,2024-12-03 05:54:16.881,77.75,Medium 2 (between 34000 kg to 136000 kg),40.49937057495117,-3.5746612548828125,Z4,2024-12-03,5,18R/36L
347481,2024-12-03 14:36:21.275,2024-12-03 14:38:01.842,100.567,Medium 2 (between 34000 kg to 136000 kg),40.50645446777344,-3.5592193603515625,Y1,2024-12-03,14,18L/36R
347481,2024-12-05 15:01:09.256,2024-12-05 15:02:54.052,104.796,Medium 2 (between 34000 kg to 136000 kg),40.498260498046875,-3.5746307373046875,Z2,2024-12-05,15,18R/36L
347481,2024-12-06 14:44:14.230,2024-12-06 14:46:14.129,119.899,Medium 2 (between 34000 kg to 136000 kg),40.50632858276367,-3.559234619140625,Y1,2024-12-06,14,18L/36R
488912,2024-12-02 11:46:48.438,2024-12-02 11:48:22.582,94.144,Light (less than 7000 kg),40.49171447753906,-3.554595947265625,K2,2024-12-02,11,14L/32R
346083,2024-12-01 14:33:29.074,2024-12-01 14:36:14.584,165.51,Medium 2 (between 34000 kg to 136000 kg),40.50590515136719,-3.5592269897460938,Y1,2024-12-01,14,18L/36R
346083,2024-12-02 06:22:59.329,2024-12-02 06:24:20.924,81.595,Medium 2 (between 34000 kg to 136000 kg),40.506248474121094,-3.5592193603515625,Y1,2024-12-02,6,18L/36R
346083,2024-12-02 14:22:22.236,2024-12-02 14:24:09.207,106.971,Medium 2 (between 34000 kg to 136000 kg),40.49787489034362,-3.5746453025124287,Z4,2024-12-02,14,18R/36L
346083,2024-12-03 14:18:24.239,2024-12-03 14:20:01.956,97.717,Medium 2 (between 34000 kg to 136000 kg),40.50632412150755,-3.5592113841663706,Y1,2024-12-03,14,18L/36R
346083,2024-12-05 05:47:39.202,2024-12-05 05:49:16.209,97.007,Medium 2 (between 34000 kg to 136000 kg),40.49757385253906,-3.5746612548828125,Z2,2024-12-05,5,18R/36L
346083,2024-12-05 09:56:23.891,2024-12-05 09:58:18.455,114.564,Medium 2 (between 34000 kg to 136000 kg),40.49898050599179,-3.574660908092152,Z4,2024-12-05,9,18R/36L
346083,2024-12-07 06:43:21.765,2024-12-07 06:46:41.975,200.21,Medium 2 (between 34000 kg to 136000 kg),40.50615692138672,-3.5592041015625,Y1,2024-12-07,6,18L/36R
3462c9,2024-12-04 16:09:13.898,2024-12-04 16:12:13.216,179.318,Heavy (larger than 136000 kg),40.498775482177734,-3.5746612548828125,Z2,2024-12-04,16,18R/36L
3462c9,2024-12-07 06:29:40.686,2024-12-07 06:32:18.820,158.134,Heavy (larger than 136000 kg),40.49796799481925,-3.5746453025124287,Z2,2024-12-07,6,18R/36L
347454,2024-12-02 15:37:31.717,2024-12-02 15:38:55.652,83.935,Medium 2 (between 34000 kg to 136000 kg),40.50512540138374,-3.5592113841663706,Y1,2024-12-02,15,18L/36R
347454,2024-12-05 10:56:26.603,2024-12-05 10:57:53.255,86.652,Medium 2 (between 34000 kg to 136000 kg),40.505753856594275,-3.5592269897460938,Y2,2024-12-05,10,18L/36R
347454,2024-12-05 15:59:15.934,2024-12-05 16:04:18.940,303.006,Medium 2 (between 34000 kg to 136000 kg),40.49820075600834,-3.574660908092152,Z1,2024-12-05,16,18R/36L
347454,2024-12-06 06:24:11.152,2024-12-06 06:25:59.977,108.825,Medium 2 (between 34000 kg to 136000 kg),40.49696731567383,-3.57464599609375,Z3,2024-12-06,6,18R/36L
347454,2024-12-06 12:42:36.356,2024-12-06 12:43:42.367,66.011,Medium 2 (between 34000 kg to 136000 kg),40.49736281572762,-3.5746453025124287,Z3,2024-12-06,12,18R/36L
4951cb,2024-12-06 06:51:52.480,2024-12-06 06:53:21.513,89.033,Medium 2 (between 34000 kg to 136000 kg),40.496932207527806,-3.5746453025124287,Z2,2024-12-06,6,18R/36L
39bda9,2024-12-03 11:44:47.742,2024-12-03 11:45:51.649,63.907,Medium 2 (between 34000 kg to 136000 kg),40.506207740913,-3.5592269897460938,Y1,2024-12-03,11,18L/36R
342211,2024-12-01 08:29:45.836,2024-12-01 08:31:37.297,111.461,Medium 2 (between 34000 kg to 136000 kg),40.505401611328125,-3.5592041015625,Y1,2024-12-01,8,18L/36R
342211,2024-12-01 15:31:36.280,2024-12-01 15:33:27.876,111.596,Medium 2 (between 34000 kg to 136000 kg),40.49791717529297,-3.57464599609375,Z4,2024-12-01,15,18R/36L
342211,2024-12-04 15:29:13.727,2024-12-04 15:31:12.661,118.934,Medium 2 (between 34000 kg to 136000 kg),40.50549781928628,-3.5592113841663706,Y1,2024-12-04,15,18L/36R
345250,2024-12-02 06:49:03.179,2024-12-02 06:50:42.957,99.778,Medium 2 (between 34000 kg to 136000 kg),40.50609136031846,-3.5592269897460938,Y1,2024-12-02,6,18L/36R
345250,2024-12-02 11:27:59.712,2024-12-02 11:29:43.816,104.104,Medium 2 (between 34000 kg to 136000 kg),40.480831146240234,-3.5718994140625,LC,2024-12-02,11,14R/32L
345250,2024-12-02 15:15:19.267,2024-12-02 15:17:09.238,109.971,Medium 2 (between 34000 kg to 136000 kg),40.498512268066406,-3.57464599609375,Z4,2024-12-02,15,18R/36L
345250,2024-12-02 19:02:23.151,2024-12-02 19:04:05.632,102.481,Medium 2 (between 34000 kg to 136000 kg),40.49853825973252,-3.5746453025124287,Z4,2024-12-02,19,18R/36L
345250,2024-12-03 07:31:02.927,2024-12-03 07:32:30.050,87.123,Medium 2 (between 34000 kg to 136000 kg),40.498626708984375,-3.57464599609375,Z4,2024-12-03,7,18R/36L
345250,2024-12-03 11:37:45.705,2024-12-03 11:40:32.291,166.586,Medium 2 (between 34000 kg to 136000 kg),40.50663834911282,-3.559242595325817,Y1,2024-12-03,11,18L/36R
345250,2024-12-03 19:32:51.737,2024-12-03 19:35:01.612,129.875,Medium 2 (between 34000 kg to 136000 kg),40.50574221853482,-3.5592269897460938,Y1,2024-12-03,19,18L/36R
345250,2024-12-05 11:31:10.592,2024-12-05 11:34:35.491,204.899,Medium 2 (between 34000 kg to 136000 kg),40.49830627441406,-3.57464599609375,Z2,2024-12-05,11,18R/36L
345250,2024-12-05 16:47:27.712,2024-12-05 16:49:13.206,105.494,Medium 2 (between 34000 kg to 136000 kg),40.49871826171875,-3.5746612548828125,Z4,2024-12-05,16,18R/36L
345250,2024-12-06 15:32:26.304,2024-12-06 15:35:03.470,157.166,Medium 2 (between 34000 kg to 136000 kg),40.498924255371094,-3.57464599609375,Z4,2024-12-06,15,18R/36L
345250,2024-12-07 15:25:47.188,2024-12-07 15:27:24.780,97.592,Medium 2 (between 34000 kg to 136000 kg),40.498592376708984,-3.57464599609375,Z4,2024-12-07,15,18R/36L
3472cc,2024-12-03 11:41:48.023,2024-12-03 11:43:15.124,87.101,Medium 2 (between 34000 kg to 136000 kg),40.5052883342161,-3.5592269897460938,Y1,2024-12-03,11,18L/36R
3472cc,2024-12-04 15:50:16.280,2024-12-04 15:53:00.351,164.071,Medium 2 (between 34000 kg to 136000 kg),40.49872446868379,-3.574660908092152,Z4,2024-12-04,15,18R/36L
3472cc,2024-12-05 14:18:35.577,2024-12-05 14:21:03.852,148.275,Medium 2 (between 34000 kg to 136000 kg),40.497596740722656,-3.57464599609375,Z3,2024-12-05,14,18R/36L
3472cc,2024-12-05 21:18:11.177,2024-12-05 21:22:19.428,248.251,Medium 2 (between 34000 kg to 136000 kg),40.49659470380362,-3.5746453025124287,Z3,2024-12-05,21,18R/36L
780c5b,2024-12-01 07:06:01.344,2024-12-01 07:08:42.716,161.372,Heavy (larger than 136000 kg),40.4974442821438,-3.574629696932706,Z2,2024-12-01,7,18R/36L
493285,2024-12-02 16:13:19.406,2024-12-02 16:15:43.171,143.765,Medium 1 (between 7000 kg and 34000 kg),40.50824440131753,-3.5592113841663706,Y1,2024-12-02,16,18L/36R
4d241e,2024-12-02 21:37:47.803,2024-12-02 21:39:36.118,108.315,Medium 2 (between 34000 kg to 136000 kg),40.50525342003774,-3.5592269897460938,Y1,2024-12-02,21,18L/36R
346555,2024-12-02 12:51:49.183,2024-12-02 12:53:24.922,95.739,Heavy (larger than 136000 kg),40.49760818481445,-3.57464599609375,Z1,2024-12-02,12,18R/36L
346555,2024-12-05 11:34:14.416,2024-12-05 11:36:01.050,106.634,Heavy (larger than 136000 kg),40.49797439575195,-3.57464599609375,Z3,2024-12-05,11,18R/36L
346555,2024-12-06 12:31:51.893,2024-12-06 12:33:39.264,107.371,Heavy (larger than 136000 kg),40.49771195751126,-3.5746453025124287,Z3,2024-12-06,12,18R/36L
347647,2024-12-06 19:07:08.515,2024-12-06 19:09:09.850,121.335,Medium 2 (between 34000 kg to 136000 kg),40.49495315551758,-3.5746307373046875,Z2,2024-12-06,19,18R/36L
400935,2024-12-05 20:01:09.606,2024-12-05 20:02:59.702,110.096,Medium 2 (between 34000 kg to 136000 kg),40.49807273735434,-3.5748637806285513,Z3,2024-12-05,20,18R/36L
4692cc,2024-12-05 17:51:14.816,2024-12-05 17:52:56.504,101.688,Medium 2 (between 34000 kg to 136000 kg),40.50636291503906,-3.5592193603515625,Y2,2024-12-05,17,18L/36R
344647,2024-12-05 06:57:05.833,2024-12-05 06:58:31.132,85.299,Medium 1 (between 7000 kg and 34000 kg),40.49725807319253,-3.574629696932706,Z2,2024-12-05,6,18R/36L
3463da,2024-12-03 20:54:17.745,2024-12-03 20:56:12.999,115.254,Heavy (larger than 136000 kg),40.49902705822961,-3.574660908092152,Z3,2024-12-03,20,18R/36L
407fc9,2024-12-01 10:22:21.178,2024-12-01 10:23:23.293,62.115,Medium 2 (between 34000 kg to 136000 kg),40.50579071044922,-3.5592193603515625,Y2,2024-12-01,10,18L/36R
8964bf,2024-12-04 08:58:45.771,2024-12-04 09:00:25.701,99.93,Heavy (larger than 136000 kg),40.506717681884766,-3.5592193603515625,Y2,2024-12-04,9,18L/36R
06a2b6,2024-12-02 14:43:37.581,2024-12-02 14:45:17.285,99.704,Heavy (larger than 136000 kg),40.5059284274861,-3.5592269897460938,Y2,2024-12-02,14,18L/36R
341207,2024-12-04 16:06:10.683,2024-12-04 16:09:39.829,209.146,Medium 1 (between 7000 kg and 34000 kg),40.49876403808594,-3.57464599609375,Z2,2024-12-04,16,18R/36L
346384,2024-12-03 16:08:09.541,2024-12-03 16:11:45.019,215.478,Heavy (larger than 136000 kg),40.499107360839844,-3.5746612548828125,Z2,2024-12-03,16,18R/36L
346384,2024-12-04 14:45:51.521,2024-12-04 14:47:45.901,114.38,Heavy (larger than 136000 kg),40.506431579589844,-3.559234619140625,Y1,2024-12-04,14,18L/36R
34750a,2024-12-01 14:38:54.785,2024-12-01 14:40:55.104,120.319,Medium 2 (between 34000 kg to 136000 kg),40.49902705822961,-3.574660908092152,Z4,2024-12-01,14,18R/36L
34750a,2024-12-01 18:41:28.888,2024-12-01 18:43:23.032,114.144,Medium 2 (between 34000 kg to 136000 kg),40.4981575012207,-3.57464599609375,Z2,2024-12-01,18,18R/36L
34750a,2024-12-02 14:31:38.356,2024-12-02 14:33:35.771,117.415,Medium 2 (between 34000 kg to 136000 kg),40.497779846191406,-3.5746612548828125,Z2,2024-12-02,14,18R/36L
34750a,2024-12-02 18:17:45.996,2024-12-02 18:19:35.871,109.875,Medium 2 (between 34000 kg to 136000 kg),40.49795150756836,-3.574676513671875,Z2,2024-12-02,18,18R/36L
34750a,2024-12-04 14:39:42.490,2024-12-04 14:41:19.343,96.853,Medium 2 (between 34000 kg to 136000 kg),40.49790980452198,-3.5746453025124287,Z2,2024-12-04,14,18R/36L
34750a,2024-12-04 18:28:19.031,2024-12-04 18:30:11.154,112.123,Medium 2 (between 34000 kg to 136000 kg),40.49851498361361,-3.574629696932706,Z2,2024-12-04,18,18R/36L
34750a,2024-12-05 09:58:03.256,2024-12-05 09:59:47.164,103.908,Medium 2 (between 34000 kg to 136000 kg),40.49838638305664,-3.57464599609375,Z2,2024-12-05,9,18R/36L
34750a,2024-12-05 14:46:25.988,2024-12-05 14:48:15.285,109.297,Medium 2 (between 34000 kg to 136000 kg),40.50675472970736,-3.5592269897460938,Y1,2024-12-05,14,18L/36R
34750a,2024-12-07 14:20:40.784,2024-12-07 14:22:20.472,99.688,Medium 2 (between 34000 kg to 136000 kg),40.49785161422471,-3.574676513671875,Z2,2024-12-07,14,18R/36L
3475c9,2024-12-03 14:15:33.902,2024-12-03 14:17:21.037,107.135,Medium 2 (between 34000 kg to 136000 kg),40.50581359863281,-3.5592803955078125,Y1,2024-12-03,14,18L/36R
392ae2,2024-12-01 19:32:13.977,2024-12-01 19:34:32.174,138.197,No category information,40.51625061035156,-3.574737548828125,Z4,2024-12-01,19,18R/36L
40095d,2024-12-07 14:28:18.553,2024-12-07 14:30:05.023,106.47,Medium 2 (between 34000 kg to 136000 kg),40.49704858812235,-3.5748637806285513,Z3,2024-12-07,14,18R/36L
345597,2024-12-01 08:20:37.861,2024-12-01 08:22:13.516,95.655,Medium 2 (between 34000 kg to 136000 kg),40.50590515136719,-3.5592269897460938,Y1,2024-12-01,8,18L/36R
345597,2024-12-01 15:22:52.665,2024-12-01 15:24:44.939,112.274,Medium 2 (between 34000 kg to 136000 kg),40.5058708190918,-3.5592193603515625,Y1,2024-12-01,15,18L/36R
345597,2024-12-02 19:41:18.695,2024-12-02 19:41:36.584,17.889,Medium 2 (between 34000 kg to 136000 kg),40.50000465522378,-3.559461073441939,Y1,2024-12-02,19,18L/36R
345597,2024-12-03 11:42:59.029,2024-12-03 11:44:34.840,95.811,Medium 2 (between 34000 kg to 136000 kg),40.50612258911133,-3.5592193603515625,Y1,2024-12-03,11,18L/36R
345597,2024-12-03 18:57:13.492,2024-12-03 18:58:38.439,84.947,Medium 2 (between 34000 kg to 136000 kg),40.49861526489258,-3.57464599609375,Z4,2024-12-03,18,18R/36L
345597,2024-12-04 11:59:33.506,2024-12-04 12:02:01.348,147.842,Medium 2 (between 34000 kg to 136000 kg),40.49834060668945,-3.57464599609375,Z4,2024-12-04,12,18R/36L
345597,2024-12-05 14:56:14.304,2024-12-05 14:56:48.566,34.262,Medium 2 (between 34000 kg to 136000 kg),40.500057220458984,-3.5594635009765625,Y1,2024-12-05,14,18L/36R
345597,2024-12-06 16:11:57.714,2024-12-06 16:13:59.680,121.966,Medium 2 (between 34000 kg to 136000 kg),40.49882921121888,-3.574660908092152,Z4,2024-12-06,16,18R/36L
4d22b1,2024-12-07 19:23:06.400,2024-12-07 19:25:05.533,119.133,Medium 2 (between 34000 kg to 136000 kg),40.5056723901781,-3.559242595325817,Y1,2024-12-07,19,18L/36R
738051,2024-12-05 12:11:58.362,2024-12-05 12:13:41.770,103.408,Medium 2 (between 34000 kg to 136000 kg),40.506568908691406,-3.5592041015625,Y2,2024-12-05,12,18L/36R
